ticker,sector,column,reason,nq
A,Health Care,interestIncomeBank,SECTOR_NA,43
A,Health Care,netInterestIncome,SECTOR_NA,43
A,Health Care,noninterestExpense,SECTOR_NA,43
A,Health Care,premiumsEarned,SECTOR_NA,43
A,Health Care,claimsIncurred,SECTOR_NA,43
A,Health Care,rentalIncome,SECTOR_NA,43
A,Health Care,explorationExpense,SECTOR_NA,43
AAPL,Information Technology,goodwill,PRESENTATION_CHANGED,44
AAPL,Information Technology,interestIncomeBank,SECTOR_NA,44
AAPL,Information Technology,netInterestIncome,SECTOR_NA,44
AAPL,Information Technology,noninterestExpense,SECTOR_NA,44
AAPL,Information Technology,premiumsEarned,SECTOR_NA,44
AAPL,Information Technology,claimsIncurred,SECTOR_NA,44
AAPL,Information Technology,rentalIncome,SECTOR_NA,44
AAPL,Information Technology,explorationExpense,SECTOR_NA,44
ABBV,Health Care,returnOnEquity,NEG_OR_ZERO_EQUITY,36
ABBV,Health Care,interestIncomeBank,SECTOR_NA,36
ABBV,Health Care,netInterestIncome,SECTOR_NA,36
ABBV,Health Care,noninterestExpense,SECTOR_NA,36
ABBV,Health Care,premiumsEarned,SECTOR_NA,36
ABBV,Health Care,claimsIncurred,SECTOR_NA,36
ABBV,Health Care,rentalIncome,SECTOR_NA,36
ABBV,Health Care,explorationExpense,SECTOR_NA,36
ABNB,Consumer Discretionary,shortTermDebt,COVERED_BY_TOTALDEBT,17
ABNB,Consumer Discretionary,changeInInventory,DATA_ABSENT,17
ABNB,Consumer Discretionary,changeInReceivables,DATA_ABSENT,17
ABNB,Consumer Discretionary,changeInPayables,EXTRACTION,17
ABNB,Consumer Discretionary,interestIncomeBank,SECTOR_NA,17
ABNB,Consumer Discretionary,netInterestIncome,SECTOR_NA,17
ABNB,Consumer Discretionary,noninterestExpense,SECTOR_NA,17
ABNB,Consumer Discretionary,premiumsEarned,SECTOR_NA,17
ABNB,Consumer Discretionary,claimsIncurred,SECTOR_NA,17
ABNB,Consumer Discretionary,rentalIncome,SECTOR_NA,17
ABNB,Consumer Discretionary,explorationExpense,SECTOR_NA,17
ABT,Health Care,interestIncomeBank,SECTOR_NA,41
ABT,Health Care,netInterestIncome,SECTOR_NA,41
ABT,Health Care,noninterestExpense,SECTOR_NA,41
ABT,Health Care,premiumsEarned,SECTOR_NA,41
ABT,Health Care,claimsIncurred,SECTOR_NA,41
ABT,Health Care,rentalIncome,SECTOR_NA,41
ABT,Health Care,explorationExpense,SECTOR_NA,41
ACGL,Financials,grossProfit,NO_COGS_STRUCTURAL,44
ACGL,Financials,grossMargins,NO_COGS_STRUCTURAL,44
ACGL,Financials,costOfRevenue,NO_COGS_STRUCTURAL,44
ACGL,Financials,operatingMargins,NO_COGS_STRUCTURAL,44
ACGL,Financials,ebitda,NO_COGS_STRUCTURAL,44
ACGL,Financials,longTermDebt,DEBT_FREE_OR_NOTAG,44
ACGL,Financials,shortTermDebt,DEBT_FREE_OR_NOTAG,44
ACGL,Financials,currentAssets,UNCLASSIFIED_BALANCE_SHEET,44
ACGL,Financials,currentLiabilities,UNCLASSIFIED_BALANCE_SHEET,44
ACGL,Financials,changeInInventory,DATA_ABSENT,44
ACGL,Financials,changeInReceivables,DATA_ABSENT,44
ACGL,Financials,changeInPayables,DATA_ABSENT,44
ACGL,Financials,interestIncomeBank,SECTOR_NA,44
ACGL,Financials,netInterestIncome,SECTOR_NA,44
ACGL,Financials,noninterestExpense,SECTOR_NA,44
ACGL,Financials,rentalIncome,SECTOR_NA,44
ACGL,Financials,explorationExpense,SECTOR_NA,44
ACN,Information Technology,changeInInventory,DATA_ABSENT,46
ACN,Information Technology,interestIncomeBank,SECTOR_NA,46
ACN,Information Technology,netInterestIncome,SECTOR_NA,46
ACN,Information Technology,noninterestExpense,SECTOR_NA,46
ACN,Information Technology,premiumsEarned,SECTOR_NA,46
ACN,Information Technology,claimsIncurred,SECTOR_NA,46
ACN,Information Technology,rentalIncome,SECTOR_NA,46
ACN,Information Technology,explorationExpense,SECTOR_NA,46
ADBE,Information Technology,changeInInventory,DATA_ABSENT,45
ADBE,Information Technology,interestIncomeBank,SECTOR_NA,45
ADBE,Information Technology,netInterestIncome,SECTOR_NA,45
ADBE,Information Technology,noninterestExpense,SECTOR_NA,45
ADBE,Information Technology,premiumsEarned,SECTOR_NA,45
ADBE,Information Technology,claimsIncurred,SECTOR_NA,45
ADBE,Information Technology,rentalIncome,SECTOR_NA,45
ADBE,Information Technology,explorationExpense,SECTOR_NA,45
ADI,Information Technology,interestIncomeBank,SECTOR_NA,42
ADI,Information Technology,netInterestIncome,SECTOR_NA,42
ADI,Information Technology,noninterestExpense,SECTOR_NA,42
ADI,Information Technology,premiumsEarned,SECTOR_NA,42
ADI,Information Technology,claimsIncurred,SECTOR_NA,42
ADI,Information Technology,rentalIncome,SECTOR_NA,42
ADI,Information Technology,explorationExpense,SECTOR_NA,42
ADM,Consumer Staples,grossMargins,EXTRACTION,45
ADM,Consumer Staples,operatingMargins,EXTRACTION,45
ADM,Consumer Staples,interestIncomeBank,SECTOR_NA,45
ADM,Consumer Staples,netInterestIncome,SECTOR_NA,45
ADM,Consumer Staples,noninterestExpense,SECTOR_NA,45
ADM,Consumer Staples,premiumsEarned,SECTOR_NA,45
ADM,Consumer Staples,claimsIncurred,SECTOR_NA,45
ADM,Consumer Staples,rentalIncome,SECTOR_NA,45
ADM,Consumer Staples,explorationExpense,SECTOR_NA,45
ADP,Industrials,changeInInventory,DATA_ABSENT,39
ADP,Industrials,changeInReceivables,DATA_ABSENT,39
ADP,Industrials,interestIncomeBank,SECTOR_NA,39
ADP,Industrials,netInterestIncome,SECTOR_NA,39
ADP,Industrials,noninterestExpense,SECTOR_NA,39
ADP,Industrials,premiumsEarned,SECTOR_NA,39
ADP,Industrials,claimsIncurred,SECTOR_NA,39
ADP,Industrials,rentalIncome,SECTOR_NA,39
ADP,Industrials,explorationExpense,SECTOR_NA,39
ADSK,Information Technology,shortTermDebt,DEBT_FREE_OR_NOTAG,39
ADSK,Information Technology,changeInInventory,DATA_ABSENT,39
ADSK,Information Technology,interestIncomeBank,SECTOR_NA,39
ADSK,Information Technology,noninterestExpense,SECTOR_NA,39
ADSK,Information Technology,premiumsEarned,SECTOR_NA,39
ADSK,Information Technology,claimsIncurred,SECTOR_NA,39
ADSK,Information Technology,rentalIncome,SECTOR_NA,39
ADSK,Information Technology,explorationExpense,SECTOR_NA,39
AEE,Utilities,grossProfit,NO_COGS_STRUCTURAL,44
AEE,Utilities,grossMargins,NO_COGS_STRUCTURAL,44
AEE,Utilities,costOfRevenue,NO_COGS_STRUCTURAL,44
AEE,Utilities,interestIncomeBank,SECTOR_NA,44
AEE,Utilities,netInterestIncome,SECTOR_NA,44
AEE,Utilities,noninterestExpense,SECTOR_NA,44
AEE,Utilities,premiumsEarned,SECTOR_NA,44
AEE,Utilities,claimsIncurred,SECTOR_NA,44
AEE,Utilities,rentalIncome,SECTOR_NA,44
AEE,Utilities,explorationExpense,SECTOR_NA,44
AEP,Utilities,interestIncomeBank,SECTOR_NA,49
AEP,Utilities,netInterestIncome,SECTOR_NA,49
AEP,Utilities,noninterestExpense,SECTOR_NA,49
AEP,Utilities,premiumsEarned,SECTOR_NA,49
AEP,Utilities,claimsIncurred,SECTOR_NA,49
AEP,Utilities,rentalIncome,SECTOR_NA,49
AEP,Utilities,explorationExpense,SECTOR_NA,49
AES,Utilities,longTermDebt,DEBT_FREE_OR_NOTAG,42
AES,Utilities,shortTermDebt,DEBT_FREE_OR_NOTAG,42
AES,Utilities,interestIncomeBank,SECTOR_NA,42
AES,Utilities,netInterestIncome,SECTOR_NA,42
AES,Utilities,noninterestExpense,SECTOR_NA,42
AES,Utilities,premiumsEarned,SECTOR_NA,42
AES,Utilities,claimsIncurred,SECTOR_NA,42
AES,Utilities,explorationExpense,SECTOR_NA,42
AFL,Financials,grossProfit,NO_COGS_STRUCTURAL,47
AFL,Financials,grossMargins,NO_COGS_STRUCTURAL,47
AFL,Financials,costOfRevenue,NO_COGS_STRUCTURAL,47
AFL,Financials,operatingMargins,EXTRACTION,47
AFL,Financials,ebitda,EXTRACTION,47
AFL,Financials,longTermDebt,COVERED_BY_TOTALDEBT,47
AFL,Financials,shortTermDebt,DEBT_FREE_OR_NOTAG,47
AFL,Financials,currentAssets,UNCLASSIFIED_BALANCE_SHEET,47
AFL,Financials,currentLiabilities,UNCLASSIFIED_BALANCE_SHEET,47
AFL,Financials,changeInInventory,DATA_ABSENT,47
AFL,Financials,changeInPayables,DATA_ABSENT,47
AFL,Financials,interestIncomeBank,SECTOR_NA,47
AFL,Financials,netInterestIncome,SECTOR_NA,47
AFL,Financials,noninterestExpense,SECTOR_NA,47
AFL,Financials,rentalIncome,SECTOR_NA,47
AFL,Financials,explorationExpense,SECTOR_NA,47
AIG,Financials,grossProfit,NO_COGS_STRUCTURAL,38
AIG,Financials,grossMargins,NO_COGS_STRUCTURAL,38
AIG,Financials,costOfRevenue,NO_COGS_STRUCTURAL,38
AIG,Financials,operatingMargins,NO_COGS_STRUCTURAL,38
AIG,Financials,ebitda,NO_COGS_STRUCTURAL,38
AIG,Financials,shortTermDebt,COVERED_BY_TOTALDEBT,38
AIG,Financials,currentAssets,UNCLASSIFIED_BALANCE_SHEET,38
AIG,Financials,currentLiabilities,UNCLASSIFIED_BALANCE_SHEET,38
AIG,Financials,changeInInventory,DATA_ABSENT,38
AIG,Financials,changeInReceivables,DATA_ABSENT,38
AIG,Financials,changeInPayables,PRESENTATION_CHANGED,38
AIG,Financials,interestIncomeBank,SECTOR_NA,38
AIG,Financials,netInterestIncome,SECTOR_NA,38
AIG,Financials,noninterestExpense,SECTOR_NA,38
AIG,Financials,rentalIncome,SECTOR_NA,38
AIG,Financials,explorationExpense,SECTOR_NA,38
AIZ,Financials,grossProfit,NO_COGS_STRUCTURAL,45
AIZ,Financials,grossMargins,NO_COGS_STRUCTURAL,45
AIZ,Financials,costOfRevenue,NO_COGS_STRUCTURAL,45
AIZ,Financials,operatingMargins,NO_COGS_STRUCTURAL,45
AIZ,Financials,ebitda,NO_COGS_STRUCTURAL,45
AIZ,Financials,longTermDebt,PRESENTATION_CHANGED,45
AIZ,Financials,shortTermDebt,PRESENTATION_CHANGED,45
AIZ,Financials,currentAssets,UNCLASSIFIED_BALANCE_SHEET,45
AIZ,Financials,currentLiabilities,UNCLASSIFIED_BALANCE_SHEET,45
AIZ,Financials,changeInInventory,PRESENTATION_CHANGED,45
AIZ,Financials,changeInReceivables,DATA_ABSENT,45
AIZ,Financials,changeInPayables,PRESENTATION_CHANGED,45
AIZ,Financials,interestIncomeBank,SECTOR_NA,45
AIZ,Financials,netInterestIncome,SECTOR_NA,45
AIZ,Financials,noninterestExpense,SECTOR_NA,45
AIZ,Financials,rentalIncome,SECTOR_NA,45
AIZ,Financials,explorationExpense,SECTOR_NA,45
AJG,Financials,grossProfit,PRESENTATION_CHANGED,47
AJG,Financials,grossMargins,PRESENTATION_CHANGED,47
AJG,Financials,costOfRevenue,PRESENTATION_CHANGED,47
AJG,Financials,operatingMargins,PRESENTATION_CHANGED,47
AJG,Financials,ebitda,PRESENTATION_CHANGED,47
AJG,Financials,changeInInventory,DATA_ABSENT,47
AJG,Financials,changeInPayables,DATA_ABSENT,47
AJG,Financials,interestIncomeBank,SECTOR_NA,47
AJG,Financials,netInterestIncome,SECTOR_NA,47
AJG,Financials,noninterestExpense,SECTOR_NA,47
AJG,Financials,premiumsEarned,PRESENTATION_CHANGED,47
AJG,Financials,claimsIncurred,DATA_ABSENT,47
AJG,Financials,rentalIncome,SECTOR_NA,47
AJG,Financials,explorationExpense,SECTOR_NA,47
AKAM,Information Technology,longTermDebt,DEBT_FREE_OR_NOTAG,44
AKAM,Information Technology,shortTermDebt,DEBT_FREE_OR_NOTAG,44
AKAM,Information Technology,changeInInventory,DATA_ABSENT,44
AKAM,Information Technology,interestIncomeBank,SECTOR_NA,44
AKAM,Information Technology,netInterestIncome,SECTOR_NA,44
AKAM,Information Technology,noninterestExpense,SECTOR_NA,44
AKAM,Information Technology,premiumsEarned,SECTOR_NA,44
AKAM,Information Technology,claimsIncurred,SECTOR_NA,44
AKAM,Information Technology,rentalIncome,SECTOR_NA,44
AKAM,Information Technology,explorationExpense,SECTOR_NA,44
ALB,Materials,changeInPayables,PRESENTATION_CHANGED,41
ALB,Materials,interestIncomeBank,SECTOR_NA,41
ALB,Materials,netInterestIncome,SECTOR_NA,41
ALB,Materials,noninterestExpense,SECTOR_NA,41
ALB,Materials,premiumsEarned,SECTOR_NA,41
ALB,Materials,claimsIncurred,SECTOR_NA,41
ALB,Materials,rentalIncome,SECTOR_NA,41
ALB,Materials,explorationExpense,SECTOR_NA,41
ALGN,Health Care,longTermDebt,DEBT_FREE_OR_NOTAG,41
ALGN,Health Care,shortTermDebt,DEBT_FREE_OR_NOTAG,41
ALGN,Health Care,interestIncomeBank,SECTOR_NA,41
ALGN,Health Care,netInterestIncome,SECTOR_NA,41
ALGN,Health Care,noninterestExpense,SECTOR_NA,41
ALGN,Health Care,premiumsEarned,SECTOR_NA,41
ALGN,Health Care,claimsIncurred,SECTOR_NA,41
ALGN,Health Care,explorationExpense,SECTOR_NA,41
ALL,Financials,grossProfit,NO_COGS_STRUCTURAL,44
ALL,Financials,grossMargins,NO_COGS_STRUCTURAL,44
ALL,Financials,costOfRevenue,NO_COGS_STRUCTURAL,44
ALL,Financials,operatingMargins,NO_COGS_STRUCTURAL,44
ALL,Financials,ebitda,NO_COGS_STRUCTURAL,44
ALL,Financials,shortTermDebt,COVERED_BY_TOTALDEBT,44
ALL,Financials,currentAssets,UNCLASSIFIED_BALANCE_SHEET,44
ALL,Financials,currentLiabilities,UNCLASSIFIED_BALANCE_SHEET,44
ALL,Financials,changeInInventory,DATA_ABSENT,44
ALL,Financials,changeInReceivables,DATA_ABSENT,44
ALL,Financials,changeInPayables,DATA_ABSENT,44
ALL,Financials,netInterestIncome,SECTOR_NA,44
ALL,Financials,noninterestExpense,SECTOR_NA,44
ALL,Financials,claimsIncurred,EXTRACTION,44
ALL,Financials,rentalIncome,SECTOR_NA,44
ALL,Financials,explorationExpense,SECTOR_NA,44
ALLE,Industrials,changeInReceivables,DATA_ABSENT,36
ALLE,Industrials,interestIncomeBank,SECTOR_NA,36
ALLE,Industrials,netInterestIncome,SECTOR_NA,36
ALLE,Industrials,noninterestExpense,SECTOR_NA,36
ALLE,Industrials,premiumsEarned,SECTOR_NA,36
ALLE,Industrials,claimsIncurred,SECTOR_NA,36
ALLE,Industrials,rentalIncome,SECTOR_NA,36
ALLE,Industrials,explorationExpense,SECTOR_NA,36
AMAT,Information Technology,interestIncomeBank,SECTOR_NA,44
AMAT,Information Technology,netInterestIncome,SECTOR_NA,44
AMAT,Information Technology,noninterestExpense,SECTOR_NA,44
AMAT,Information Technology,premiumsEarned,SECTOR_NA,44
AMAT,Information Technology,claimsIncurred,SECTOR_NA,44
AMAT,Information Technology,rentalIncome,SECTOR_NA,44
AMAT,Information Technology,explorationExpense,SECTOR_NA,44
AMCR,Materials,interestIncomeBank,SECTOR_NA,24
AMCR,Materials,netInterestIncome,SECTOR_NA,24
AMCR,Materials,noninterestExpense,SECTOR_NA,24
AMCR,Materials,premiumsEarned,SECTOR_NA,24
AMCR,Materials,claimsIncurred,SECTOR_NA,24
AMCR,Materials,rentalIncome,SECTOR_NA,24
AMCR,Materials,explorationExpense,SECTOR_NA,24
AMD,Information Technology,interestIncomeBank,SECTOR_NA,39
AMD,Information Technology,noninterestExpense,SECTOR_NA,39
AMD,Information Technology,premiumsEarned,SECTOR_NA,39
AMD,Information Technology,claimsIncurred,SECTOR_NA,39
AMD,Information Technology,rentalIncome,SECTOR_NA,39
AMD,Information Technology,explorationExpense,SECTOR_NA,39
AME,Industrials,changeInInventory,DATA_ABSENT,47
AME,Industrials,changeInPayables,DATA_ABSENT,47
AME,Industrials,interestIncomeBank,SECTOR_NA,47
AME,Industrials,netInterestIncome,SECTOR_NA,47
AME,Industrials,noninterestExpense,SECTOR_NA,47
AME,Industrials,premiumsEarned,SECTOR_NA,47
AME,Industrials,claimsIncurred,SECTOR_NA,47
AME,Industrials,rentalIncome,SECTOR_NA,47
AME,Industrials,explorationExpense,SECTOR_NA,47
AMGN,Health Care,interestIncomeBank,SECTOR_NA,44
AMGN,Health Care,netInterestIncome,SECTOR_NA,44
AMGN,Health Care,noninterestExpense,SECTOR_NA,44
AMGN,Health Care,premiumsEarned,SECTOR_NA,44
AMGN,Health Care,claimsIncurred,SECTOR_NA,44
AMGN,Health Care,rentalIncome,SECTOR_NA,44
AMGN,Health Care,explorationExpense,SECTOR_NA,44
AMP,Financials,grossProfit,NO_COGS_STRUCTURAL,45
AMP,Financials,grossMargins,NO_COGS_STRUCTURAL,45
AMP,Financials,costOfRevenue,NO_COGS_STRUCTURAL,45
AMP,Financials,operatingMargins,NO_COGS_STRUCTURAL,45
AMP,Financials,ebitda,NO_COGS_STRUCTURAL,45
AMP,Financials,longTermDebt,PRESENTATION_CHANGED,45
AMP,Financials,shortTermDebt,PRESENTATION_CHANGED,45
AMP,Financials,currentAssets,UNCLASSIFIED_BALANCE_SHEET,45
AMP,Financials,currentLiabilities,UNCLASSIFIED_BALANCE_SHEET,45
AMP,Financials,changeInInventory,DATA_ABSENT,45
AMP,Financials,interestIncomeBank,SECTOR_NA,45
AMP,Financials,netInterestIncome,SECTOR_NA,45
AMP,Financials,noninterestExpense,SECTOR_NA,45
AMP,Financials,premiumsEarned,SECTOR_NA,45
AMP,Financials,rentalIncome,SECTOR_NA,45
AMP,Financials,explorationExpense,SECTOR_NA,45
AMT,Real Estate,grossProfit,PRESENTATION_CHANGED,48
AMT,Real Estate,grossMargins,PRESENTATION_CHANGED,48
AMT,Real Estate,costOfRevenue,PRESENTATION_CHANGED,48
AMT,Real Estate,changeInInventory,DATA_ABSENT,48
AMT,Real Estate,interestIncomeBank,SECTOR_NA,48
AMT,Real Estate,netInterestIncome,SECTOR_NA,48
AMT,Real Estate,noninterestExpense,SECTOR_NA,48
AMT,Real Estate,premiumsEarned,SECTOR_NA,48
AMT,Real Estate,claimsIncurred,SECTOR_NA,48
AMT,Real Estate,explorationExpense,SECTOR_NA,48
AMZN,Consumer Discretionary,changeInReceivables,PRESENTATION_CHANGED,45
AMZN,Consumer Discretionary,interestIncomeBank,SECTOR_NA,45
AMZN,Consumer Discretionary,netInterestIncome,SECTOR_NA,45
AMZN,Consumer Discretionary,noninterestExpense,SECTOR_NA,45
AMZN,Consumer Discretionary,premiumsEarned,SECTOR_NA,45
AMZN,Consumer Discretionary,claimsIncurred,SECTOR_NA,45
AMZN,Consumer Discretionary,rentalIncome,SECTOR_NA,45
AMZN,Consumer Discretionary,explorationExpense,SECTOR_NA,45
ANET,Information Technology,longTermDebt,PRESENTATION_CHANGED,38
ANET,Information Technology,shortTermDebt,PRESENTATION_CHANGED,38
ANET,Information Technology,interestIncomeBank,SECTOR_NA,38
ANET,Information Technology,netInterestIncome,SECTOR_NA,38
ANET,Information Technology,noninterestExpense,SECTOR_NA,38
ANET,Information Technology,premiumsEarned,SECTOR_NA,38
ANET,Information Technology,claimsIncurred,SECTOR_NA,38
ANET,Information Technology,rentalIncome,SECTOR_NA,38
ANET,Information Technology,explorationExpense,SECTOR_NA,38
AON,Financials,grossProfit,NO_COGS_STRUCTURAL,49
AON,Financials,grossMargins,NO_COGS_STRUCTURAL,49
AON,Financials,costOfRevenue,NO_COGS_STRUCTURAL,49
AON,Financials,returnOnEquity,NEG_OR_ZERO_EQUITY,49
AON,Financials,changeInInventory,DATA_ABSENT,49
AON,Financials,interestIncomeBank,SECTOR_NA,49
AON,Financials,netInterestIncome,SECTOR_NA,49
AON,Financials,noninterestExpense,SECTOR_NA,49
AON,Financials,premiumsEarned,DATA_ABSENT,49
AON,Financials,claimsIncurred,DATA_ABSENT,49
AON,Financials,rentalIncome,SECTOR_NA,49
AON,Financials,explorationExpense,SECTOR_NA,49
AOS,Industrials,interestIncomeBank,SECTOR_NA,40
AOS,Industrials,netInterestIncome,SECTOR_NA,40
AOS,Industrials,noninterestExpense,SECTOR_NA,40
AOS,Industrials,premiumsEarned,SECTOR_NA,40
AOS,Industrials,claimsIncurred,SECTOR_NA,40
AOS,Industrials,rentalIncome,SECTOR_NA,40
AOS,Industrials,explorationExpense,SECTOR_NA,40
APA,Energy,grossProfit,NO_COGS_STRUCTURAL,16
APA,Energy,grossMargins,NO_COGS_STRUCTURAL,16
APA,Energy,costOfRevenue,NO_COGS_STRUCTURAL,16
APA,Energy,operatingMargins,EXTRACTION,16
APA,Energy,goodwill,PRESENTATION_CHANGED,16
APA,Energy,interestIncomeBank,SECTOR_NA,16
APA,Energy,netInterestIncome,SECTOR_NA,16
APA,Energy,noninterestExpense,SECTOR_NA,16
APA,Energy,premiumsEarned,SECTOR_NA,16
APA,Energy,claimsIncurred,SECTOR_NA,16
APA,Energy,rentalIncome,SECTOR_NA,16
APD,Materials,longTermDebt,COVERED_BY_TOTALDEBT,41
APD,Materials,interestIncomeBank,SECTOR_NA,41
APD,Materials,netInterestIncome,SECTOR_NA,41
APD,Materials,noninterestExpense,SECTOR_NA,41
APD,Materials,premiumsEarned,SECTOR_NA,41
APD,Materials,claimsIncurred,SECTOR_NA,41
APD,Materials,rentalIncome,SECTOR_NA,41
APD,Materials,explorationExpense,SECTOR_NA,41
APH,Information Technology,shortTermDebt,COVERED_BY_TOTALDEBT,48
APH,Information Technology,interestIncomeBank,SECTOR_NA,48
APH,Information Technology,netInterestIncome,SECTOR_NA,48
APH,Information Technology,noninterestExpense,SECTOR_NA,48
APH,Information Technology,premiumsEarned,SECTOR_NA,48
APH,Information Technology,claimsIncurred,SECTOR_NA,48
APH,Information Technology,rentalIncome,SECTOR_NA,48
APH,Information Technology,explorationExpense,SECTOR_NA,48
APO,Financials,grossProfit,NO_COGS_STRUCTURAL,16
APO,Financials,grossMargins,NO_COGS_STRUCTURAL,16
APO,Financials,costOfRevenue,NO_COGS_STRUCTURAL,16
APO,Financials,operatingMargins,NO_COGS_STRUCTURAL,16
APO,Financials,ebitda,NO_COGS_STRUCTURAL,16
APO,Financials,shortTermDebt,DEBT_FREE_OR_NOTAG,16
APO,Financials,currentAssets,UNCLASSIFIED_BALANCE_SHEET,16
APO,Financials,currentLiabilities,UNCLASSIFIED_BALANCE_SHEET,16
APO,Financials,changeInInventory,DATA_ABSENT,16
APO,Financials,changeInReceivables,DATA_ABSENT,16
APO,Financials,changeInPayables,DATA_ABSENT,16
APO,Financials,interestIncomeBank,SECTOR_NA,16
APO,Financials,netInterestIncome,SECTOR_NA,16
APO,Financials,noninterestExpense,SECTOR_NA,16
APO,Financials,rentalIncome,SECTOR_NA,16
APO,Financials,explorationExpense,SECTOR_NA,16
APP,Information Technology,changeInInventory,DATA_ABSENT,18
APP,Information Technology,interestIncomeBank,SECTOR_NA,18
APP,Information Technology,netInterestIncome,SECTOR_NA,18
APP,Information Technology,noninterestExpense,SECTOR_NA,18
APP,Information Technology,premiumsEarned,SECTOR_NA,18
APP,Information Technology,claimsIncurred,SECTOR_NA,18
APP,Information Technology,rentalIncome,SECTOR_NA,18
APP,Information Technology,explorationExpense,SECTOR_NA,18
APTV,Consumer Discretionary,netInterestIncome,SECTOR_NA,29
APTV,Consumer Discretionary,noninterestExpense,SECTOR_NA,29
APTV,Consumer Discretionary,premiumsEarned,SECTOR_NA,29
APTV,Consumer Discretionary,claimsIncurred,SECTOR_NA,29
APTV,Consumer Discretionary,explorationExpense,SECTOR_NA,29
ARE,Real Estate,grossProfit,NO_COGS_STRUCTURAL,40
ARE,Real Estate,grossMargins,NO_COGS_STRUCTURAL,40
ARE,Real Estate,costOfRevenue,NO_COGS_STRUCTURAL,40
ARE,Real Estate,operatingMargins,NO_COGS_STRUCTURAL,40
ARE,Real Estate,ebitda,NO_COGS_STRUCTURAL,40
ARE,Real Estate,shortTermDebt,DEBT_FREE_OR_NOTAG,40
ARE,Real Estate,currentAssets,UNCLASSIFIED_BALANCE_SHEET,40
ARE,Real Estate,currentLiabilities,UNCLASSIFIED_BALANCE_SHEET,40
ARE,Real Estate,goodwill,NO_GOODWILL,40
ARE,Real Estate,changeInInventory,DATA_ABSENT,40
ARE,Real Estate,changeInReceivables,DATA_ABSENT,40
ARE,Real Estate,changeInPayables,DATA_ABSENT,40
ARE,Real Estate,interestIncomeBank,SECTOR_NA,40
ARE,Real Estate,netInterestIncome,SECTOR_NA,40
ARE,Real Estate,noninterestExpense,SECTOR_NA,40
ARE,Real Estate,premiumsEarned,SECTOR_NA,40
ARE,Real Estate,claimsIncurred,SECTOR_NA,40
ARE,Real Estate,explorationExpense,SECTOR_NA,40
ARES,Financials,grossProfit,NO_COGS_STRUCTURAL,34
ARES,Financials,grossMargins,NO_COGS_STRUCTURAL,34
ARES,Financials,costOfRevenue,NO_COGS_STRUCTURAL,34
ARES,Financials,operatingMargins,NO_COGS_STRUCTURAL,34
ARES,Financials,ebitda,NO_COGS_STRUCTURAL,34
ARES,Financials,longTermDebt,PRESENTATION_CHANGED,34
ARES,Financials,shortTermDebt,DEBT_FREE_OR_NOTAG,34
ARES,Financials,currentAssets,UNCLASSIFIED_BALANCE_SHEET,34
ARES,Financials,currentLiabilities,UNCLASSIFIED_BALANCE_SHEET,34
ARES,Financials,changeInInventory,DATA_ABSENT,34
ARES,Financials,changeInReceivables,DATA_ABSENT,34
ARES,Financials,changeInPayables,PRESENTATION_CHANGED,34
ARES,Financials,interestIncomeBank,SECTOR_NA,34
ARES,Financials,netInterestIncome,SECTOR_NA,34
ARES,Financials,noninterestExpense,SECTOR_NA,34
ARES,Financials,premiumsEarned,SECTOR_NA,34
ARES,Financials,claimsIncurred,SECTOR_NA,34
ARES,Financials,rentalIncome,SECTOR_NA,34
ARES,Financials,explorationExpense,SECTOR_NA,34
ATO,Utilities,grossProfit,EXTRACTION,46
ATO,Utilities,grossMargins,EXTRACTION,46
ATO,Utilities,costOfRevenue,EXTRACTION,46
ATO,Utilities,shortTermDebt,COVERED_BY_TOTALDEBT,46
ATO,Utilities,interestIncomeBank,SECTOR_NA,46
ATO,Utilities,netInterestIncome,SECTOR_NA,46
ATO,Utilities,noninterestExpense,SECTOR_NA,46
ATO,Utilities,premiumsEarned,SECTOR_NA,46
ATO,Utilities,claimsIncurred,SECTOR_NA,46
ATO,Utilities,rentalIncome,SECTOR_NA,46
ATO,Utilities,explorationExpense,SECTOR_NA,46
AVB,Real Estate,grossProfit,NO_COGS_STRUCTURAL,40
AVB,Real Estate,grossMargins,NO_COGS_STRUCTURAL,40
AVB,Real Estate,costOfRevenue,NO_COGS_STRUCTURAL,40
AVB,Real Estate,currentAssets,UNCLASSIFIED_BALANCE_SHEET,40
AVB,Real Estate,currentLiabilities,UNCLASSIFIED_BALANCE_SHEET,40
AVB,Real Estate,goodwill,NO_GOODWILL,40
AVB,Real Estate,changeInInventory,DATA_ABSENT,40
AVB,Real Estate,changeInReceivables,DATA_ABSENT,40
AVB,Real Estate,changeInPayables,DATA_ABSENT,40
AVB,Real Estate,interestIncomeBank,SECTOR_NA,40
AVB,Real Estate,netInterestIncome,SECTOR_NA,40
AVB,Real Estate,noninterestExpense,SECTOR_NA,40
AVB,Real Estate,premiumsEarned,SECTOR_NA,40
AVB,Real Estate,claimsIncurred,SECTOR_NA,40
AVB,Real Estate,explorationExpense,SECTOR_NA,40
AVGO,Information Technology,interestIncomeBank,SECTOR_NA,25
AVGO,Information Technology,netInterestIncome,SECTOR_NA,25
AVGO,Information Technology,noninterestExpense,SECTOR_NA,25
AVGO,Information Technology,premiumsEarned,SECTOR_NA,25
AVGO,Information Technology,claimsIncurred,SECTOR_NA,25
AVGO,Information Technology,rentalIncome,SECTOR_NA,25
AVGO,Information Technology,explorationExpense,SECTOR_NA,25
AVY,Materials,interestIncomeBank,SECTOR_NA,42
AVY,Materials,netInterestIncome,SECTOR_NA,42
AVY,Materials,noninterestExpense,SECTOR_NA,42
AVY,Materials,premiumsEarned,SECTOR_NA,42
AVY,Materials,claimsIncurred,SECTOR_NA,42
AVY,Materials,rentalIncome,SECTOR_NA,42
AVY,Materials,explorationExpense,SECTOR_NA,42
AWK,Utilities,grossProfit,NO_COGS_STRUCTURAL,47
AWK,Utilities,grossMargins,NO_COGS_STRUCTURAL,47
AWK,Utilities,costOfRevenue,NO_COGS_STRUCTURAL,47
AWK,Utilities,changeInInventory,DATA_ABSENT,47
AWK,Utilities,changeInReceivables,PRESENTATION_CHANGED,47
AWK,Utilities,interestIncomeBank,SECTOR_NA,47
AWK,Utilities,netInterestIncome,SECTOR_NA,47
AWK,Utilities,noninterestExpense,SECTOR_NA,47
AWK,Utilities,premiumsEarned,SECTOR_NA,47
AWK,Utilities,claimsIncurred,SECTOR_NA,47
AWK,Utilities,rentalIncome,SECTOR_NA,47
AWK,Utilities,explorationExpense,SECTOR_NA,47
AXON,Industrials,longTermDebt,COVERED_BY_TOTALDEBT,47
AXON,Industrials,shortTermDebt,COVERED_BY_TOTALDEBT,47
AXON,Industrials,changeInReceivables,PRESENTATION_CHANGED,47
AXON,Industrials,interestIncomeBank,SECTOR_NA,47
AXON,Industrials,netInterestIncome,SECTOR_NA,47
AXON,Industrials,noninterestExpense,SECTOR_NA,47
AXON,Industrials,premiumsEarned,SECTOR_NA,47
AXON,Industrials,claimsIncurred,SECTOR_NA,47
AXON,Industrials,rentalIncome,SECTOR_NA,47
AXON,Industrials,explorationExpense,SECTOR_NA,47
AXP,Financials,grossProfit,NO_COGS_STRUCTURAL,44
AXP,Financials,grossMargins,NO_COGS_STRUCTURAL,44
AXP,Financials,costOfRevenue,NO_COGS_STRUCTURAL,44
AXP,Financials,operatingMargins,PRESENTATION_CHANGED,44
AXP,Financials,ebitda,PRESENTATION_CHANGED,44
AXP,Financials,currentAssets,UNCLASSIFIED_BALANCE_SHEET,44
AXP,Financials,currentLiabilities,UNCLASSIFIED_BALANCE_SHEET,44
AXP,Financials,changeInInventory,DATA_ABSENT,44
AXP,Financials,changeInReceivables,DATA_ABSENT,44
AXP,Financials,changeInPayables,PRESENTATION_CHANGED,44
AXP,Financials,premiumsEarned,SECTOR_NA,44
AXP,Financials,claimsIncurred,SECTOR_NA,44
AXP,Financials,rentalIncome,SECTOR_NA,44
AXP,Financials,explorationExpense,SECTOR_NA,44
AZO,Consumer Discretionary,returnOnEquity,NEG_OR_ZERO_EQUITY,50
AZO,Consumer Discretionary,shortTermDebt,COVERED_BY_TOTALDEBT,50
AZO,Consumer Discretionary,changeInInventory,DATA_ABSENT,50
AZO,Consumer Discretionary,interestIncomeBank,SECTOR_NA,50
AZO,Consumer Discretionary,netInterestIncome,SECTOR_NA,50
AZO,Consumer Discretionary,noninterestExpense,SECTOR_NA,50
AZO,Consumer Discretionary,premiumsEarned,SECTOR_NA,50
AZO,Consumer Discretionary,claimsIncurred,SECTOR_NA,50
AZO,Consumer Discretionary,rentalIncome,SECTOR_NA,50
AZO,Consumer Discretionary,explorationExpense,SECTOR_NA,50
BA,Industrials,returnOnEquity,NEG_OR_ZERO_EQUITY,54
BA,Industrials,interestIncomeBank,SECTOR_NA,54
BA,Industrials,netInterestIncome,SECTOR_NA,54
BA,Industrials,noninterestExpense,SECTOR_NA,54
BA,Industrials,premiumsEarned,SECTOR_NA,54
BA,Industrials,claimsIncurred,SECTOR_NA,54
BA,Industrials,explorationExpense,SECTOR_NA,54
BAC,Financials,grossProfit,NO_COGS_STRUCTURAL,44
BAC,Financials,grossMargins,NO_COGS_STRUCTURAL,44
BAC,Financials,costOfRevenue,NO_COGS_STRUCTURAL,44
BAC,Financials,operatingMargins,NO_COGS_STRUCTURAL,44
BAC,Financials,ebitda,NO_COGS_STRUCTURAL,44
BAC,Financials,currentAssets,UNCLASSIFIED_BALANCE_SHEET,44
BAC,Financials,currentLiabilities,UNCLASSIFIED_BALANCE_SHEET,44
BAC,Financials,changeInInventory,DATA_ABSENT,44
BAC,Financials,changeInReceivables,DATA_ABSENT,44
BAC,Financials,changeInPayables,PRESENTATION_CHANGED,44
BAC,Financials,premiumsEarned,SECTOR_NA,44
BAC,Financials,claimsIncurred,SECTOR_NA,44
BAC,Financials,explorationExpense,SECTOR_NA,44
BALL,Materials,interestIncomeBank,SECTOR_NA,33
BALL,Materials,netInterestIncome,SECTOR_NA,33
BALL,Materials,noninterestExpense,SECTOR_NA,33
BALL,Materials,premiumsEarned,SECTOR_NA,33
BALL,Materials,claimsIncurred,SECTOR_NA,33
BALL,Materials,rentalIncome,SECTOR_NA,33
BALL,Materials,explorationExpense,SECTOR_NA,33
BAX,Health Care,interestIncomeBank,SECTOR_NA,41
BAX,Health Care,netInterestIncome,SECTOR_NA,41
BAX,Health Care,noninterestExpense,SECTOR_NA,41
BAX,Health Care,premiumsEarned,SECTOR_NA,41
BAX,Health Care,claimsIncurred,SECTOR_NA,41
BAX,Health Care,explorationExpense,SECTOR_NA,41
BBY,Consumer Discretionary,interestIncomeBank,SECTOR_NA,49
BBY,Consumer Discretionary,netInterestIncome,SECTOR_NA,49
BBY,Consumer Discretionary,noninterestExpense,SECTOR_NA,49
BBY,Consumer Discretionary,premiumsEarned,SECTOR_NA,49
BBY,Consumer Discretionary,claimsIncurred,SECTOR_NA,49
BBY,Consumer Discretionary,rentalIncome,SECTOR_NA,49
BBY,Consumer Discretionary,explorationExpense,SECTOR_NA,49
BDX,Health Care,interestIncomeBank,SECTOR_NA,40
BDX,Health Care,netInterestIncome,SECTOR_NA,40
BDX,Health Care,noninterestExpense,SECTOR_NA,40
BDX,Health Care,premiumsEarned,SECTOR_NA,40
BDX,Health Care,claimsIncurred,SECTOR_NA,40
BDX,Health Care,rentalIncome,SECTOR_NA,40
BDX,Health Care,explorationExpense,SECTOR_NA,40
BEN,Financials,grossProfit,NO_COGS_STRUCTURAL,49
BEN,Financials,grossMargins,NO_COGS_STRUCTURAL,49
BEN,Financials,costOfRevenue,NO_COGS_STRUCTURAL,49
BEN,Financials,shortTermDebt,COVERED_BY_TOTALDEBT,49
BEN,Financials,currentAssets,UNCLASSIFIED_BALANCE_SHEET,49
BEN,Financials,currentLiabilities,UNCLASSIFIED_BALANCE_SHEET,49
BEN,Financials,changeInInventory,DATA_ABSENT,49
BEN,Financials,changeInReceivables,DATA_ABSENT,49
BEN,Financials,changeInPayables,DATA_ABSENT,49
BEN,Financials,interestIncomeBank,SECTOR_NA,49
BEN,Financials,netInterestIncome,SECTOR_NA,49
BEN,Financials,noninterestExpense,SECTOR_NA,49
BEN,Financials,premiumsEarned,SECTOR_NA,49
BEN,Financials,claimsIncurred,SECTOR_NA,49
BEN,Financials,rentalIncome,SECTOR_NA,49
BEN,Financials,explorationExpense,SECTOR_NA,49
BF-B,Consumer Staples,interestIncomeBank,SECTOR_NA,44
BF-B,Consumer Staples,netInterestIncome,SECTOR_NA,44
BF-B,Consumer Staples,noninterestExpense,SECTOR_NA,44
BF-B,Consumer Staples,premiumsEarned,SECTOR_NA,44
BF-B,Consumer Staples,claimsIncurred,SECTOR_NA,44
BF-B,Consumer Staples,rentalIncome,SECTOR_NA,44
BF-B,Consumer Staples,explorationExpense,SECTOR_NA,44
BG,Consumer Staples,interestIncomeBank,SECTOR_NA,8
BG,Consumer Staples,netInterestIncome,SECTOR_NA,8
BG,Consumer Staples,noninterestExpense,SECTOR_NA,8
BG,Consumer Staples,premiumsEarned,SECTOR_NA,8
BG,Consumer Staples,claimsIncurred,SECTOR_NA,8
BG,Consumer Staples,rentalIncome,SECTOR_NA,8
BG,Consumer Staples,explorationExpense,SECTOR_NA,8
BIIB,Health Care,changeInPayables,DATA_ABSENT,37
BIIB,Health Care,interestIncomeBank,SECTOR_NA,37
BIIB,Health Care,netInterestIncome,SECTOR_NA,37
BIIB,Health Care,noninterestExpense,SECTOR_NA,37
BIIB,Health Care,premiumsEarned,SECTOR_NA,37
BIIB,Health Care,claimsIncurred,SECTOR_NA,37
BIIB,Health Care,rentalIncome,SECTOR_NA,37
BIIB,Health Care,explorationExpense,SECTOR_NA,37
BKNG,Consumer Discretionary,grossProfit,PRESENTATION_CHANGED,44
BKNG,Consumer Discretionary,grossMargins,PRESENTATION_CHANGED,44
BKNG,Consumer Discretionary,costOfRevenue,PRESENTATION_CHANGED,44
BKNG,Consumer Discretionary,returnOnEquity,NEG_OR_ZERO_EQUITY,44
BKNG,Consumer Discretionary,changeInInventory,DATA_ABSENT,44
BKNG,Consumer Discretionary,changeInPayables,DATA_ABSENT,44
BKNG,Consumer Discretionary,interestIncomeBank,SECTOR_NA,44
BKNG,Consumer Discretionary,netInterestIncome,SECTOR_NA,44
BKNG,Consumer Discretionary,noninterestExpense,SECTOR_NA,44
BKNG,Consumer Discretionary,premiumsEarned,SECTOR_NA,44
BKNG,Consumer Discretionary,claimsIncurred,SECTOR_NA,44
BKNG,Consumer Discretionary,rentalIncome,SECTOR_NA,44
BKNG,Consumer Discretionary,explorationExpense,SECTOR_NA,44
BKR,Energy,grossProfit,PRESENTATION_CHANGED,25
BKR,Energy,grossMargins,PRESENTATION_CHANGED,25
BKR,Energy,costOfRevenue,PRESENTATION_CHANGED,25
BKR,Energy,operatingMargins,EXTRACTION,25
BKR,Energy,ebitda,EXTRACTION,25
BKR,Energy,interestIncomeBank,SECTOR_NA,25
BKR,Energy,noninterestExpense,SECTOR_NA,25
BKR,Energy,premiumsEarned,SECTOR_NA,25
BKR,Energy,claimsIncurred,SECTOR_NA,25
BKR,Energy,rentalIncome,SECTOR_NA,25
BKR,Energy,explorationExpense,DATA_ABSENT,25
BLDR,Industrials,shortTermDebt,COVERED_BY_TOTALDEBT,47
BLDR,Industrials,interestIncomeBank,SECTOR_NA,47
BLDR,Industrials,netInterestIncome,SECTOR_NA,47
BLDR,Industrials,noninterestExpense,SECTOR_NA,47
BLDR,Industrials,premiumsEarned,SECTOR_NA,47
BLDR,Industrials,claimsIncurred,SECTOR_NA,47
BLDR,Industrials,rentalIncome,SECTOR_NA,47
BLDR,Industrials,explorationExpense,SECTOR_NA,47
BLK,Financials,grossProfit,SPINOFF_REORG,7
BLK,Financials,grossMargins,SPINOFF_REORG,7
BLK,Financials,costOfRevenue,SPINOFF_REORG,7
BLK,Financials,longTermDebt,SPINOFF_REORG,7
BLK,Financials,shortTermDebt,SPINOFF_REORG,7
BLK,Financials,currentAssets,SPINOFF_REORG,7
BLK,Financials,currentLiabilities,SPINOFF_REORG,7
BLK,Financials,changeInInventory,SPINOFF_REORG,7
BLK,Financials,interestIncomeBank,SECTOR_NA,7
BLK,Financials,netInterestIncome,SECTOR_NA,7
BLK,Financials,noninterestExpense,SECTOR_NA,7
BLK,Financials,premiumsEarned,SECTOR_NA,7
BLK,Financials,claimsIncurred,SECTOR_NA,7
BLK,Financials,rentalIncome,SECTOR_NA,7
BLK,Financials,explorationExpense,SECTOR_NA,7
BMY,Health Care,interestIncomeBank,SECTOR_NA,33
BMY,Health Care,netInterestIncome,SECTOR_NA,33
BMY,Health Care,noninterestExpense,SECTOR_NA,33
BMY,Health Care,premiumsEarned,SECTOR_NA,33
BMY,Health Care,claimsIncurred,SECTOR_NA,33
BMY,Health Care,rentalIncome,SECTOR_NA,33
BMY,Health Care,explorationExpense,SECTOR_NA,33
BNY,Financials,grossProfit,NO_COGS_STRUCTURAL,45
BNY,Financials,grossMargins,NO_COGS_STRUCTURAL,45
BNY,Financials,costOfRevenue,NO_COGS_STRUCTURAL,45
BNY,Financials,operatingMargins,NO_COGS_STRUCTURAL,45
BNY,Financials,ebitda,NO_COGS_STRUCTURAL,45
BNY,Financials,currentAssets,UNCLASSIFIED_BALANCE_SHEET,45
BNY,Financials,currentLiabilities,UNCLASSIFIED_BALANCE_SHEET,45
BNY,Financials,changeInInventory,DATA_ABSENT,45
BNY,Financials,changeInReceivables,DATA_ABSENT,45
BNY,Financials,changeInPayables,DATA_ABSENT,45
BNY,Financials,premiumsEarned,SECTOR_NA,45
BNY,Financials,claimsIncurred,SECTOR_NA,45
BNY,Financials,rentalIncome,SECTOR_NA,45
BNY,Financials,explorationExpense,SECTOR_NA,45
BR,Industrials,changeInInventory,DATA_ABSENT,45
BR,Industrials,interestIncomeBank,SECTOR_NA,45
BR,Industrials,netInterestIncome,SECTOR_NA,45
BR,Industrials,noninterestExpense,SECTOR_NA,45
BR,Industrials,premiumsEarned,SECTOR_NA,45
BR,Industrials,claimsIncurred,SECTOR_NA,45
BR,Industrials,rentalIncome,SECTOR_NA,45
BR,Industrials,explorationExpense,SECTOR_NA,45
BRK-B,Financials,grossProfit,NO_COGS_STRUCTURAL,40
BRK-B,Financials,grossMargins,NO_COGS_STRUCTURAL,40
BRK-B,Financials,costOfRevenue,NO_COGS_STRUCTURAL,40
BRK-B,Financials,operatingMargins,PRESENTATION_CHANGED,40
BRK-B,Financials,ebitda,PRESENTATION_CHANGED,40
BRK-B,Financials,longTermDebt,DEBT_FREE_OR_NOTAG,40
BRK-B,Financials,shortTermDebt,DEBT_FREE_OR_NOTAG,40
BRK-B,Financials,currentAssets,UNCLASSIFIED_BALANCE_SHEET,40
BRK-B,Financials,currentLiabilities,UNCLASSIFIED_BALANCE_SHEET,40
BRK-B,Financials,changeInInventory,EXTRACTION,40
BRK-B,Financials,changeInPayables,DATA_ABSENT,40
BRK-B,Financials,interestIncomeBank,SECTOR_NA,40
BRK-B,Financials,netInterestIncome,SECTOR_NA,40
BRK-B,Financials,noninterestExpense,SECTOR_NA,40
BRK-B,Financials,premiumsEarned,SECTOR_NA,40
BRK-B,Financials,claimsIncurred,SECTOR_NA,40
BRK-B,Financials,explorationExpense,SECTOR_NA,40
BRO,Financials,grossProfit,NO_COGS_STRUCTURAL,51
BRO,Financials,grossMargins,NO_COGS_STRUCTURAL,51
BRO,Financials,costOfRevenue,NO_COGS_STRUCTURAL,51
BRO,Financials,operatingMargins,NO_COGS_STRUCTURAL,51
BRO,Financials,ebitda,NO_COGS_STRUCTURAL,51
BRO,Financials,changeInInventory,DATA_ABSENT,51
BRO,Financials,changeInReceivables,DATA_ABSENT,51
BRO,Financials,interestIncomeBank,SECTOR_NA,51
BRO,Financials,netInterestIncome,SECTOR_NA,51
BRO,Financials,noninterestExpense,SECTOR_NA,51
BRO,Financials,claimsIncurred,DATA_ABSENT,51
BRO,Financials,rentalIncome,SECTOR_NA,51
BRO,Financials,explorationExpense,SECTOR_NA,51
BSX,Health Care,interestIncomeBank,SECTOR_NA,40
BSX,Health Care,netInterestIncome,SECTOR_NA,40
BSX,Health Care,noninterestExpense,SECTOR_NA,40
BSX,Health Care,premiumsEarned,SECTOR_NA,40
BSX,Health Care,claimsIncurred,SECTOR_NA,40
BSX,Health Care,rentalIncome,SECTOR_NA,40
BSX,Health Care,explorationExpense,SECTOR_NA,40
BX,Financials,grossProfit,NO_COGS_STRUCTURAL,49
BX,Financials,grossMargins,NO_COGS_STRUCTURAL,49
BX,Financials,costOfRevenue,NO_COGS_STRUCTURAL,49
BX,Financials,operatingMargins,NO_COGS_STRUCTURAL,49
BX,Financials,ebitda,NO_COGS_STRUCTURAL,49
BX,Financials,shortTermDebt,DEBT_FREE_OR_NOTAG,49
BX,Financials,currentAssets,UNCLASSIFIED_BALANCE_SHEET,49
BX,Financials,currentLiabilities,UNCLASSIFIED_BALANCE_SHEET,49
BX,Financials,changeInInventory,DATA_ABSENT,49
BX,Financials,interestIncomeBank,SECTOR_NA,49
BX,Financials,netInterestIncome,SECTOR_NA,49
BX,Financials,noninterestExpense,SECTOR_NA,49
BX,Financials,premiumsEarned,SECTOR_NA,49
BX,Financials,claimsIncurred,SECTOR_NA,49
BX,Financials,rentalIncome,SECTOR_NA,49
BX,Financials,explorationExpense,SECTOR_NA,49
BXP,Real Estate,costOfRevenue,PRESENTATION_CHANGED,44
BXP,Real Estate,longTermDebt,COVERED_BY_TOTALDEBT,44
BXP,Real Estate,shortTermDebt,COVERED_BY_TOTALDEBT,44
BXP,Real Estate,currentAssets,UNCLASSIFIED_BALANCE_SHEET,44
BXP,Real Estate,currentLiabilities,UNCLASSIFIED_BALANCE_SHEET,44
BXP,Real Estate,goodwill,NO_GOODWILL,44
BXP,Real Estate,changeInInventory,DATA_ABSENT,44
BXP,Real Estate,interestIncomeBank,SECTOR_NA,44
BXP,Real Estate,netInterestIncome,SECTOR_NA,44
BXP,Real Estate,noninterestExpense,SECTOR_NA,44
BXP,Real Estate,premiumsEarned,SECTOR_NA,44
BXP,Real Estate,claimsIncurred,SECTOR_NA,44
BXP,Real Estate,explorationExpense,SECTOR_NA,44
C,Financials,grossProfit,PRESENTATION_CHANGED,37
C,Financials,grossMargins,PRESENTATION_CHANGED,37
C,Financials,costOfRevenue,PRESENTATION_CHANGED,37
C,Financials,operatingMargins,PRESENTATION_CHANGED,37
C,Financials,ebitda,PRESENTATION_CHANGED,37
C,Financials,currentAssets,UNCLASSIFIED_BALANCE_SHEET,37
C,Financials,currentLiabilities,UNCLASSIFIED_BALANCE_SHEET,37
C,Financials,changeInInventory,DATA_ABSENT,37
C,Financials,changeInReceivables,DATA_ABSENT,37
C,Financials,changeInPayables,DATA_ABSENT,37
C,Financials,premiumsEarned,SECTOR_NA,37
C,Financials,rentalIncome,SECTOR_NA,37
C,Financials,explorationExpense,SECTOR_NA,37
CAH,Health Care,returnOnEquity,NEG_OR_ZERO_EQUITY,44
CAH,Health Care,shortTermDebt,COVERED_BY_TOTALDEBT,44
CAH,Health Care,interestIncomeBank,SECTOR_NA,44
CAH,Health Care,netInterestIncome,SECTOR_NA,44
CAH,Health Care,noninterestExpense,SECTOR_NA,44
CAH,Health Care,premiumsEarned,SECTOR_NA,44
CAH,Health Care,claimsIncurred,SECTOR_NA,44
CAH,Health Care,rentalIncome,SECTOR_NA,44
CAH,Health Care,explorationExpense,SECTOR_NA,44
CARR,Industrials,grossProfit,EXTRACTION,20
CARR,Industrials,grossMargins,EXTRACTION,20
CARR,Industrials,costOfRevenue,EXTRACTION,20
CARR,Industrials,interestIncomeBank,SECTOR_NA,20
CARR,Industrials,netInterestIncome,SECTOR_NA,20
CARR,Industrials,noninterestExpense,SECTOR_NA,20
CARR,Industrials,premiumsEarned,SECTOR_NA,20
CARR,Industrials,claimsIncurred,SECTOR_NA,20
CARR,Industrials,rentalIncome,SECTOR_NA,20
CARR,Industrials,explorationExpense,SECTOR_NA,20
CASY,Consumer Staples,interestIncomeBank,SECTOR_NA,45
CASY,Consumer Staples,noninterestExpense,SECTOR_NA,45
CASY,Consumer Staples,premiumsEarned,SECTOR_NA,45
CASY,Consumer Staples,claimsIncurred,SECTOR_NA,45
CASY,Consumer Staples,rentalIncome,SECTOR_NA,45
CASY,Consumer Staples,explorationExpense,SECTOR_NA,45
CAT,Industrials,interestIncomeBank,SECTOR_NA,37
CAT,Industrials,netInterestIncome,SECTOR_NA,37
CAT,Industrials,noninterestExpense,SECTOR_NA,37
CAT,Industrials,premiumsEarned,SECTOR_NA,37
CAT,Industrials,claimsIncurred,SECTOR_NA,37
CAT,Industrials,explorationExpense,SECTOR_NA,37
CB,Financials,grossProfit,NO_COGS_STRUCTURAL,41
CB,Financials,grossMargins,NO_COGS_STRUCTURAL,41
CB,Financials,costOfRevenue,NO_COGS_STRUCTURAL,41
CB,Financials,operatingMargins,NO_COGS_STRUCTURAL,41
CB,Financials,ebitda,NO_COGS_STRUCTURAL,41
CB,Financials,currentAssets,UNCLASSIFIED_BALANCE_SHEET,41
CB,Financials,currentLiabilities,UNCLASSIFIED_BALANCE_SHEET,41
CB,Financials,changeInInventory,DATA_ABSENT,41
CB,Financials,changeInReceivables,DATA_ABSENT,41
CB,Financials,interestIncomeBank,SECTOR_NA,41
CB,Financials,noninterestExpense,SECTOR_NA,41
CB,Financials,rentalIncome,SECTOR_NA,41
CB,Financials,explorationExpense,SECTOR_NA,41
CBOE,Financials,shortTermDebt,COVERED_BY_TOTALDEBT,46
CBOE,Financials,changeInInventory,DATA_ABSENT,46
CBOE,Financials,interestIncomeBank,SECTOR_NA,46
CBOE,Financials,netInterestIncome,SECTOR_NA,46
CBOE,Financials,noninterestExpense,SECTOR_NA,46
CBOE,Financials,premiumsEarned,SECTOR_NA,46
CBOE,Financials,claimsIncurred,SECTOR_NA,46
CBOE,Financials,rentalIncome,SECTOR_NA,46
CBOE,Financials,explorationExpense,SECTOR_NA,46
CBRE,Real Estate,changeInInventory,DATA_ABSENT,49
CBRE,Real Estate,changeInReceivables,PRESENTATION_CHANGED,49
CBRE,Real Estate,interestIncomeBank,SECTOR_NA,49
CBRE,Real Estate,netInterestIncome,SECTOR_NA,49
CBRE,Real Estate,noninterestExpense,SECTOR_NA,49
CBRE,Real Estate,premiumsEarned,SECTOR_NA,49
CBRE,Real Estate,claimsIncurred,SECTOR_NA,49
CBRE,Real Estate,rentalIncome,DATA_ABSENT,49
CBRE,Real Estate,explorationExpense,SECTOR_NA,49
CCI,Real Estate,returnOnEquity,NEG_OR_ZERO_EQUITY,38
CCI,Real Estate,changeInInventory,DATA_ABSENT,38
CCI,Real Estate,interestIncomeBank,SECTOR_NA,38
CCI,Real Estate,netInterestIncome,SECTOR_NA,38
CCI,Real Estate,noninterestExpense,SECTOR_NA,38
CCI,Real Estate,premiumsEarned,SECTOR_NA,38
CCI,Real Estate,claimsIncurred,SECTOR_NA,38
CCI,Real Estate,rentalIncome,PRESENTATION_CHANGED,38
CCI,Real Estate,explorationExpense,SECTOR_NA,38
CCL,Consumer Discretionary,grossProfit,EXTRACTION,43
CCL,Consumer Discretionary,grossMargins,EXTRACTION,43
CCL,Consumer Discretionary,costOfRevenue,EXTRACTION,43
CCL,Consumer Discretionary,interestIncomeBank,SECTOR_NA,43
CCL,Consumer Discretionary,netInterestIncome,SECTOR_NA,43
CCL,Consumer Discretionary,noninterestExpense,SECTOR_NA,43
CCL,Consumer Discretionary,premiumsEarned,SECTOR_NA,43
CCL,Consumer Discretionary,claimsIncurred,SECTOR_NA,43
CCL,Consumer Discretionary,rentalIncome,SECTOR_NA,43
CCL,Consumer Discretionary,explorationExpense,SECTOR_NA,43
CDNS,Information Technology,grossProfit,PRESENTATION_CHANGED,42
CDNS,Information Technology,grossMargins,PRESENTATION_CHANGED,42
CDNS,Information Technology,costOfRevenue,PRESENTATION_CHANGED,42
CDNS,Information Technology,longTermDebt,EXTRACTION,42
CDNS,Information Technology,shortTermDebt,PRESENTATION_CHANGED,42
CDNS,Information Technology,interestIncomeBank,SECTOR_NA,42
CDNS,Information Technology,netInterestIncome,SECTOR_NA,42
CDNS,Information Technology,noninterestExpense,SECTOR_NA,42
CDNS,Information Technology,premiumsEarned,SECTOR_NA,42
CDNS,Information Technology,claimsIncurred,SECTOR_NA,42
CDNS,Information Technology,rentalIncome,SECTOR_NA,42
CDNS,Information Technology,explorationExpense,SECTOR_NA,42
CDW,Information Technology,interestIncomeBank,SECTOR_NA,55
CDW,Information Technology,netInterestIncome,SECTOR_NA,55
CDW,Information Technology,noninterestExpense,SECTOR_NA,55
CDW,Information Technology,premiumsEarned,SECTOR_NA,55
CDW,Information Technology,claimsIncurred,SECTOR_NA,55
CDW,Information Technology,rentalIncome,SECTOR_NA,55
CDW,Information Technology,explorationExpense,SECTOR_NA,55
CEG,Utilities,grossProfit,NO_COGS_STRUCTURAL,15
CEG,Utilities,grossMargins,NO_COGS_STRUCTURAL,15
CEG,Utilities,costOfRevenue,NO_COGS_STRUCTURAL,15
CEG,Utilities,interestIncomeBank,SECTOR_NA,15
CEG,Utilities,netInterestIncome,SECTOR_NA,15
CEG,Utilities,noninterestExpense,SECTOR_NA,15
CEG,Utilities,premiumsEarned,SECTOR_NA,15
CEG,Utilities,claimsIncurred,SECTOR_NA,15
CEG,Utilities,rentalIncome,SECTOR_NA,15
CEG,Utilities,explorationExpense,SECTOR_NA,15
CF,Materials,shortTermDebt,COVERED_BY_TOTALDEBT,44
CF,Materials,interestIncomeBank,SECTOR_NA,44
CF,Materials,netInterestIncome,SECTOR_NA,44
CF,Materials,noninterestExpense,SECTOR_NA,44
CF,Materials,premiumsEarned,SECTOR_NA,44
CF,Materials,claimsIncurred,SECTOR_NA,44
CF,Materials,rentalIncome,SECTOR_NA,44
CF,Materials,explorationExpense,SECTOR_NA,44
CFG,Financials,grossProfit,NO_COGS_STRUCTURAL,39
CFG,Financials,grossMargins,NO_COGS_STRUCTURAL,39
CFG,Financials,costOfRevenue,NO_COGS_STRUCTURAL,39
CFG,Financials,operatingMargins,NO_COGS_STRUCTURAL,39
CFG,Financials,ebitda,NO_COGS_STRUCTURAL,39
CFG,Financials,currentAssets,UNCLASSIFIED_BALANCE_SHEET,39
CFG,Financials,currentLiabilities,UNCLASSIFIED_BALANCE_SHEET,39
CFG,Financials,changeInInventory,DATA_ABSENT,39
CFG,Financials,changeInReceivables,DATA_ABSENT,39
CFG,Financials,changeInPayables,DATA_ABSENT,39
CFG,Financials,premiumsEarned,SECTOR_NA,39
CFG,Financials,claimsIncurred,SECTOR_NA,39
CFG,Financials,explorationExpense,SECTOR_NA,39
CHD,Consumer Staples,interestIncomeBank,SECTOR_NA,44
CHD,Consumer Staples,netInterestIncome,SECTOR_NA,44
CHD,Consumer Staples,noninterestExpense,SECTOR_NA,44
CHD,Consumer Staples,premiumsEarned,SECTOR_NA,44
CHD,Consumer Staples,claimsIncurred,SECTOR_NA,44
CHD,Consumer Staples,rentalIncome,SECTOR_NA,44
CHD,Consumer Staples,explorationExpense,SECTOR_NA,44
CHRW,Industrials,grossProfit,PRESENTATION_CHANGED,47
CHRW,Industrials,grossMargins,PRESENTATION_CHANGED,47
CHRW,Industrials,costOfRevenue,PRESENTATION_CHANGED,47
CHRW,Industrials,changeInInventory,DATA_ABSENT,47
CHRW,Industrials,interestIncomeBank,SECTOR_NA,47
CHRW,Industrials,netInterestIncome,SECTOR_NA,47
CHRW,Industrials,noninterestExpense,SECTOR_NA,47
CHRW,Industrials,premiumsEarned,SECTOR_NA,47
CHRW,Industrials,claimsIncurred,SECTOR_NA,47
CHRW,Industrials,rentalIncome,SECTOR_NA,47
CHRW,Industrials,explorationExpense,SECTOR_NA,47
CHTR,Communication Services,grossProfit,NO_COGS_SERVICES,44
CHTR,Communication Services,grossMargins,NO_COGS_SERVICES,44
CHTR,Communication Services,costOfRevenue,NO_COGS_SERVICES,44
CHTR,Communication Services,changeInInventory,DATA_ABSENT,44
CHTR,Communication Services,interestIncomeBank,SECTOR_NA,44
CHTR,Communication Services,netInterestIncome,SECTOR_NA,44
CHTR,Communication Services,noninterestExpense,SECTOR_NA,44
CHTR,Communication Services,premiumsEarned,SECTOR_NA,44
CHTR,Communication Services,claimsIncurred,SECTOR_NA,44
CHTR,Communication Services,rentalIncome,SECTOR_NA,44
CHTR,Communication Services,explorationExpense,SECTOR_NA,44
CI,Health Care,changeInPayables,DATA_ABSENT,23
CI,Health Care,interestIncomeBank,SECTOR_NA,23
CI,Health Care,netInterestIncome,SECTOR_NA,23
CI,Health Care,noninterestExpense,SECTOR_NA,23
CI,Health Care,rentalIncome,SECTOR_NA,23
CI,Health Care,explorationExpense,SECTOR_NA,23
CIEN,Information Technology,interestIncomeBank,SECTOR_NA,48
CIEN,Information Technology,netInterestIncome,SECTOR_NA,48
CIEN,Information Technology,noninterestExpense,SECTOR_NA,48
CIEN,Information Technology,premiumsEarned,SECTOR_NA,48
CIEN,Information Technology,claimsIncurred,SECTOR_NA,48
CIEN,Information Technology,rentalIncome,SECTOR_NA,48
CIEN,Information Technology,explorationExpense,SECTOR_NA,48
CINF,Financials,grossProfit,NO_COGS_STRUCTURAL,47
CINF,Financials,grossMargins,NO_COGS_STRUCTURAL,47
CINF,Financials,costOfRevenue,NO_COGS_STRUCTURAL,47
CINF,Financials,operatingMargins,NO_COGS_STRUCTURAL,47
CINF,Financials,ebitda,NO_COGS_STRUCTURAL,47
CINF,Financials,shortTermDebt,COVERED_BY_TOTALDEBT,47
CINF,Financials,currentAssets,UNCLASSIFIED_BALANCE_SHEET,47
CINF,Financials,currentLiabilities,UNCLASSIFIED_BALANCE_SHEET,47
CINF,Financials,goodwill,NO_GOODWILL,47
CINF,Financials,changeInInventory,DATA_ABSENT,47
CINF,Financials,changeInReceivables,DATA_ABSENT,47
CINF,Financials,changeInPayables,DATA_ABSENT,47
CINF,Financials,interestIncomeBank,SECTOR_NA,47
CINF,Financials,netInterestIncome,SECTOR_NA,47
CINF,Financials,noninterestExpense,SECTOR_NA,47
CINF,Financials,rentalIncome,SECTOR_NA,47
CINF,Financials,explorationExpense,SECTOR_NA,47
CL,Consumer Staples,returnOnEquity,NEG_OR_ZERO_EQUITY,48
CL,Consumer Staples,changeInPayables,EXTRACTION,48
CL,Consumer Staples,interestIncomeBank,SECTOR_NA,48
CL,Consumer Staples,netInterestIncome,SECTOR_NA,48
CL,Consumer Staples,noninterestExpense,SECTOR_NA,48
CL,Consumer Staples,premiumsEarned,SECTOR_NA,48
CL,Consumer Staples,claimsIncurred,SECTOR_NA,48
CL,Consumer Staples,rentalIncome,SECTOR_NA,48
CL,Consumer Staples,explorationExpense,SECTOR_NA,48
CLX,Consumer Staples,returnOnEquity,NEG_OR_ZERO_EQUITY,40
CLX,Consumer Staples,interestIncomeBank,SECTOR_NA,40
CLX,Consumer Staples,netInterestIncome,SECTOR_NA,40
CLX,Consumer Staples,noninterestExpense,SECTOR_NA,40
CLX,Consumer Staples,premiumsEarned,SECTOR_NA,40
CLX,Consumer Staples,claimsIncurred,SECTOR_NA,40
CLX,Consumer Staples,rentalIncome,SECTOR_NA,40
CLX,Consumer Staples,explorationExpense,SECTOR_NA,40
CMCSA,Communication Services,grossProfit,NO_COGS_SERVICES,44
CMCSA,Communication Services,grossMargins,NO_COGS_SERVICES,44
CMCSA,Communication Services,costOfRevenue,NO_COGS_SERVICES,44
CMCSA,Communication Services,changeInInventory,DATA_ABSENT,44
CMCSA,Communication Services,changeInReceivables,PRESENTATION_CHANGED,44
CMCSA,Communication Services,interestIncomeBank,SECTOR_NA,44
CMCSA,Communication Services,netInterestIncome,SECTOR_NA,44
CMCSA,Communication Services,noninterestExpense,SECTOR_NA,44
CMCSA,Communication Services,premiumsEarned,SECTOR_NA,44
CMCSA,Communication Services,claimsIncurred,SECTOR_NA,44
CMCSA,Communication Services,rentalIncome,SECTOR_NA,44
CMCSA,Communication Services,explorationExpense,SECTOR_NA,44
CME,Financials,grossProfit,NO_COGS_STRUCTURAL,44
CME,Financials,grossMargins,NO_COGS_STRUCTURAL,44
CME,Financials,costOfRevenue,NO_COGS_STRUCTURAL,44
CME,Financials,longTermDebt,COVERED_BY_TOTALDEBT,44
CME,Financials,changeInInventory,DATA_ABSENT,44
CME,Financials,interestIncomeBank,SECTOR_NA,44
CME,Financials,netInterestIncome,SECTOR_NA,44
CME,Financials,noninterestExpense,SECTOR_NA,44
CME,Financials,premiumsEarned,SECTOR_NA,44
CME,Financials,claimsIncurred,SECTOR_NA,44
CME,Financials,rentalIncome,SECTOR_NA,44
CME,Financials,explorationExpense,SECTOR_NA,44
CMG,Consumer Discretionary,grossProfit,NO_COGS_SERVICES,49
CMG,Consumer Discretionary,grossMargins,NO_COGS_SERVICES,49
CMG,Consumer Discretionary,costOfRevenue,NO_COGS_SERVICES,49
CMG,Consumer Discretionary,shortTermDebt,DEBT_FREE_OR_NOTAG,49
CMG,Consumer Discretionary,interestIncomeBank,SECTOR_NA,49
CMG,Consumer Discretionary,netInterestIncome,SECTOR_NA,49
CMG,Consumer Discretionary,noninterestExpense,SECTOR_NA,49
CMG,Consumer Discretionary,premiumsEarned,SECTOR_NA,49
CMG,Consumer Discretionary,claimsIncurred,SECTOR_NA,49
CMG,Consumer Discretionary,rentalIncome,SECTOR_NA,49
CMG,Consumer Discretionary,explorationExpense,SECTOR_NA,49
CMI,Industrials,changeInReceivables,DATA_ABSENT,47
CMI,Industrials,interestIncomeBank,SECTOR_NA,47
CMI,Industrials,netInterestIncome,SECTOR_NA,47
CMI,Industrials,noninterestExpense,SECTOR_NA,47
CMI,Industrials,premiumsEarned,SECTOR_NA,47
CMI,Industrials,claimsIncurred,SECTOR_NA,47
CMI,Industrials,rentalIncome,SECTOR_NA,47
CMI,Industrials,explorationExpense,SECTOR_NA,47
CMS,Utilities,grossProfit,NO_COGS_STRUCTURAL,44
CMS,Utilities,grossMargins,NO_COGS_STRUCTURAL,44
CMS,Utilities,costOfRevenue,NO_COGS_STRUCTURAL,44
CMS,Utilities,goodwill,NO_GOODWILL,44
CMS,Utilities,interestIncomeBank,SECTOR_NA,44
CMS,Utilities,netInterestIncome,SECTOR_NA,44
CMS,Utilities,noninterestExpense,SECTOR_NA,44
CMS,Utilities,premiumsEarned,SECTOR_NA,44
CMS,Utilities,claimsIncurred,SECTOR_NA,44
CMS,Utilities,explorationExpense,SECTOR_NA,44
CNC,Health Care,changeInInventory,DATA_ABSENT,44
CNC,Health Care,changeInReceivables,DATA_ABSENT,44
CNC,Health Care,interestIncomeBank,SECTOR_NA,44
CNC,Health Care,netInterestIncome,SECTOR_NA,44
CNC,Health Care,noninterestExpense,SECTOR_NA,44
CNC,Health Care,premiumsEarned,SECTOR_NA,44
CNC,Health Care,rentalIncome,SECTOR_NA,44
CNC,Health Care,explorationExpense,SECTOR_NA,44
CNP,Utilities,interestIncomeBank,SECTOR_NA,40
CNP,Utilities,noninterestExpense,SECTOR_NA,40
CNP,Utilities,premiumsEarned,SECTOR_NA,40
CNP,Utilities,claimsIncurred,SECTOR_NA,40
CNP,Utilities,explorationExpense,SECTOR_NA,40
COF,Financials,grossProfit,NO_COGS_STRUCTURAL,46
COF,Financials,grossMargins,NO_COGS_STRUCTURAL,46
COF,Financials,costOfRevenue,NO_COGS_STRUCTURAL,46
COF,Financials,operatingMargins,NO_COGS_STRUCTURAL,46
COF,Financials,ebitda,NO_COGS_STRUCTURAL,46
COF,Financials,currentAssets,UNCLASSIFIED_BALANCE_SHEET,46
COF,Financials,currentLiabilities,UNCLASSIFIED_BALANCE_SHEET,46
COF,Financials,changeInInventory,DATA_ABSENT,46
COF,Financials,changeInReceivables,DATA_ABSENT,46
COF,Financials,changeInPayables,DATA_ABSENT,46
COF,Financials,premiumsEarned,SECTOR_NA,46
COF,Financials,claimsIncurred,SECTOR_NA,46
COF,Financials,rentalIncome,SECTOR_NA,46
COF,Financials,explorationExpense,SECTOR_NA,46
COHR,Information Technology,interestIncomeBank,SECTOR_NA,42
COHR,Information Technology,netInterestIncome,SECTOR_NA,42
COHR,Information Technology,noninterestExpense,SECTOR_NA,42
COHR,Information Technology,premiumsEarned,SECTOR_NA,42
COHR,Information Technology,claimsIncurred,SECTOR_NA,42
COHR,Information Technology,rentalIncome,SECTOR_NA,42
COHR,Information Technology,explorationExpense,SECTOR_NA,42
COIN,Financials,grossProfit,NO_COGS_STRUCTURAL,18
COIN,Financials,grossMargins,NO_COGS_STRUCTURAL,18
COIN,Financials,costOfRevenue,NO_COGS_STRUCTURAL,18
COIN,Financials,changeInInventory,DATA_ABSENT,18
COIN,Financials,changeInPayables,EXTRACTION,18
COIN,Financials,interestIncomeBank,SECTOR_NA,18
COIN,Financials,netInterestIncome,SECTOR_NA,18
COIN,Financials,noninterestExpense,SECTOR_NA,18
COIN,Financials,premiumsEarned,SECTOR_NA,18
COIN,Financials,claimsIncurred,SECTOR_NA,18
COIN,Financials,rentalIncome,SECTOR_NA,18
COIN,Financials,explorationExpense,SECTOR_NA,18
COO,Health Care,interestIncomeBank,SECTOR_NA,48
COO,Health Care,netInterestIncome,SECTOR_NA,48
COO,Health Care,noninterestExpense,SECTOR_NA,48
COO,Health Care,premiumsEarned,SECTOR_NA,48
COO,Health Care,claimsIncurred,SECTOR_NA,48
COO,Health Care,rentalIncome,SECTOR_NA,48
COO,Health Care,explorationExpense,SECTOR_NA,48
COP,Energy,goodwill,PRESENTATION_CHANGED,38
COP,Energy,interestIncomeBank,SECTOR_NA,38
COP,Energy,netInterestIncome,SECTOR_NA,38
COP,Energy,noninterestExpense,SECTOR_NA,38
COP,Energy,premiumsEarned,SECTOR_NA,38
COP,Energy,claimsIncurred,SECTOR_NA,38
COP,Energy,rentalIncome,SECTOR_NA,38
COR,Health Care,returnOnEquity,NEG_OR_ZERO_EQUITY,40
COR,Health Care,interestIncomeBank,SECTOR_NA,40
COR,Health Care,netInterestIncome,SECTOR_NA,40
COR,Health Care,noninterestExpense,SECTOR_NA,40
COR,Health Care,premiumsEarned,SECTOR_NA,40
COR,Health Care,claimsIncurred,SECTOR_NA,40
COR,Health Care,rentalIncome,SECTOR_NA,40
COR,Health Care,explorationExpense,SECTOR_NA,40
COST,Consumer Staples,goodwill,EXTRACTION,44
COST,Consumer Staples,changeInReceivables,DATA_ABSENT,44
COST,Consumer Staples,interestIncomeBank,SECTOR_NA,44
COST,Consumer Staples,netInterestIncome,SECTOR_NA,44
COST,Consumer Staples,noninterestExpense,SECTOR_NA,44
COST,Consumer Staples,premiumsEarned,SECTOR_NA,44
COST,Consumer Staples,claimsIncurred,SECTOR_NA,44
COST,Consumer Staples,rentalIncome,SECTOR_NA,44
COST,Consumer Staples,explorationExpense,SECTOR_NA,44
CPAY,Financials,grossProfit,PRESENTATION_CHANGED,46
CPAY,Financials,grossMargins,PRESENTATION_CHANGED,46
CPAY,Financials,costOfRevenue,PRESENTATION_CHANGED,46
CPAY,Financials,changeInInventory,DATA_ABSENT,46
CPAY,Financials,interestIncomeBank,SECTOR_NA,46
CPAY,Financials,netInterestIncome,SECTOR_NA,46
CPAY,Financials,noninterestExpense,SECTOR_NA,46
CPAY,Financials,premiumsEarned,SECTOR_NA,46
CPAY,Financials,claimsIncurred,SECTOR_NA,46
CPAY,Financials,rentalIncome,SECTOR_NA,46
CPAY,Financials,explorationExpense,SECTOR_NA,46
CPRT,Industrials,grossProfit,PRESENTATION_CHANGED,45
CPRT,Industrials,grossMargins,PRESENTATION_CHANGED,45
CPRT,Industrials,costOfRevenue,PRESENTATION_CHANGED,45
CPRT,Industrials,longTermDebt,COVERED_BY_TOTALDEBT,45
CPRT,Industrials,shortTermDebt,COVERED_BY_TOTALDEBT,45
CPRT,Industrials,interestIncomeBank,SECTOR_NA,45
CPRT,Industrials,netInterestIncome,SECTOR_NA,45
CPRT,Industrials,noninterestExpense,SECTOR_NA,45
CPRT,Industrials,premiumsEarned,SECTOR_NA,45
CPRT,Industrials,claimsIncurred,SECTOR_NA,45
CPRT,Industrials,explorationExpense,SECTOR_NA,45
CPT,Real Estate,shortTermDebt,COVERED_BY_TOTALDEBT,42
CPT,Real Estate,currentAssets,UNCLASSIFIED_BALANCE_SHEET,42
CPT,Real Estate,currentLiabilities,UNCLASSIFIED_BALANCE_SHEET,42
CPT,Real Estate,goodwill,NO_GOODWILL,42
CPT,Real Estate,changeInInventory,DATA_ABSENT,42
CPT,Real Estate,changeInReceivables,DATA_ABSENT,42
CPT,Real Estate,interestIncomeBank,SECTOR_NA,42
CPT,Real Estate,netInterestIncome,SECTOR_NA,42
CPT,Real Estate,noninterestExpense,SECTOR_NA,42
CPT,Real Estate,premiumsEarned,SECTOR_NA,42
CPT,Real Estate,claimsIncurred,SECTOR_NA,42
CPT,Real Estate,explorationExpense,SECTOR_NA,42
CRH,Materials,interestIncomeBank,SECTOR_NA,9
CRH,Materials,netInterestIncome,SECTOR_NA,9
CRH,Materials,noninterestExpense,SECTOR_NA,9
CRH,Materials,premiumsEarned,SECTOR_NA,9
CRH,Materials,claimsIncurred,SECTOR_NA,9
CRH,Materials,rentalIncome,SECTOR_NA,9
CRH,Materials,explorationExpense,SECTOR_NA,9
CRL,Health Care,grossProfit,EXTRACTION,38
CRL,Health Care,grossMargins,EXTRACTION,38
CRL,Health Care,costOfRevenue,EXTRACTION,38
CRL,Health Care,interestIncomeBank,SECTOR_NA,38
CRL,Health Care,netInterestIncome,SECTOR_NA,38
CRL,Health Care,noninterestExpense,SECTOR_NA,38
CRL,Health Care,premiumsEarned,SECTOR_NA,38
CRL,Health Care,claimsIncurred,SECTOR_NA,38
CRL,Health Care,rentalIncome,SECTOR_NA,38
CRL,Health Care,explorationExpense,SECTOR_NA,38
CRM,Information Technology,changeInInventory,DATA_ABSENT,43
CRM,Information Technology,interestIncomeBank,SECTOR_NA,43
CRM,Information Technology,netInterestIncome,SECTOR_NA,43
CRM,Information Technology,noninterestExpense,SECTOR_NA,43
CRM,Information Technology,premiumsEarned,SECTOR_NA,43
CRM,Information Technology,claimsIncurred,SECTOR_NA,43
CRM,Information Technology,rentalIncome,SECTOR_NA,43
CRM,Information Technology,explorationExpense,SECTOR_NA,43
CRWD,Information Technology,shortTermDebt,DEBT_FREE_OR_NOTAG,22
CRWD,Information Technology,changeInInventory,DATA_ABSENT,22
CRWD,Information Technology,interestIncomeBank,SECTOR_NA,22
CRWD,Information Technology,netInterestIncome,SECTOR_NA,22
CRWD,Information Technology,noninterestExpense,SECTOR_NA,22
CRWD,Information Technology,premiumsEarned,SECTOR_NA,22
CRWD,Information Technology,claimsIncurred,SECTOR_NA,22
CRWD,Information Technology,rentalIncome,SECTOR_NA,22
CRWD,Information Technology,explorationExpense,SECTOR_NA,22
CSCO,Information Technology,interestIncomeBank,SECTOR_NA,41
CSCO,Information Technology,netInterestIncome,SECTOR_NA,41
CSCO,Information Technology,noninterestExpense,SECTOR_NA,41
CSCO,Information Technology,premiumsEarned,SECTOR_NA,41
CSCO,Information Technology,claimsIncurred,SECTOR_NA,41
CSCO,Information Technology,explorationExpense,SECTOR_NA,41
CSGP,Real Estate,shortTermDebt,COVERED_BY_TOTALDEBT,44
CSGP,Real Estate,changeInInventory,DATA_ABSENT,44
CSGP,Real Estate,interestIncomeBank,SECTOR_NA,44
CSGP,Real Estate,netInterestIncome,SECTOR_NA,44
CSGP,Real Estate,noninterestExpense,SECTOR_NA,44
CSGP,Real Estate,premiumsEarned,SECTOR_NA,44
CSGP,Real Estate,claimsIncurred,SECTOR_NA,44
CSGP,Real Estate,rentalIncome,EXTRACTION,44
CSGP,Real Estate,explorationExpense,SECTOR_NA,44
CSX,Industrials,grossProfit,NO_COGS_SERVICES,41
CSX,Industrials,grossMargins,NO_COGS_SERVICES,41
CSX,Industrials,costOfRevenue,NO_COGS_SERVICES,41
CSX,Industrials,shortTermDebt,DEBT_FREE_OR_NOTAG,41
CSX,Industrials,changeInInventory,DATA_ABSENT,41
CSX,Industrials,interestIncomeBank,SECTOR_NA,41
CSX,Industrials,netInterestIncome,SECTOR_NA,41
CSX,Industrials,noninterestExpense,SECTOR_NA,41
CSX,Industrials,premiumsEarned,SECTOR_NA,41
CSX,Industrials,claimsIncurred,SECTOR_NA,41
CSX,Industrials,rentalIncome,SECTOR_NA,41
CSX,Industrials,explorationExpense,SECTOR_NA,41
CTAS,Industrials,costOfRevenue,EXTRACTION,36
CTAS,Industrials,interestIncomeBank,SECTOR_NA,36
CTAS,Industrials,netInterestIncome,SECTOR_NA,36
CTAS,Industrials,noninterestExpense,SECTOR_NA,36
CTAS,Industrials,premiumsEarned,SECTOR_NA,36
CTAS,Industrials,claimsIncurred,SECTOR_NA,36
CTAS,Industrials,rentalIncome,SECTOR_NA,36
CTAS,Industrials,explorationExpense,SECTOR_NA,36
CTSH,Information Technology,changeInInventory,DATA_ABSENT,42
CTSH,Information Technology,interestIncomeBank,SECTOR_NA,42
CTSH,Information Technology,netInterestIncome,SECTOR_NA,42
CTSH,Information Technology,noninterestExpense,SECTOR_NA,42
CTSH,Information Technology,premiumsEarned,SECTOR_NA,42
CTSH,Information Technology,claimsIncurred,SECTOR_NA,42
CTSH,Information Technology,rentalIncome,SECTOR_NA,42
CTSH,Information Technology,explorationExpense,SECTOR_NA,42
CTVA,Materials,changeInReceivables,EXTRACTION,24
CTVA,Materials,interestIncomeBank,SECTOR_NA,24
CTVA,Materials,netInterestIncome,SECTOR_NA,24
CTVA,Materials,noninterestExpense,SECTOR_NA,24
CTVA,Materials,premiumsEarned,SECTOR_NA,24
CTVA,Materials,claimsIncurred,SECTOR_NA,24
CTVA,Materials,rentalIncome,SECTOR_NA,24
CTVA,Materials,explorationExpense,SECTOR_NA,24
CVNA,Consumer Discretionary,returnOnEquity,NEG_OR_ZERO_EQUITY,23
CVNA,Consumer Discretionary,goodwill,EXTRACTION,23
CVNA,Consumer Discretionary,changeInPayables,PRESENTATION_CHANGED,23
CVNA,Consumer Discretionary,interestIncomeBank,SECTOR_NA,23
CVNA,Consumer Discretionary,netInterestIncome,SECTOR_NA,23
CVNA,Consumer Discretionary,noninterestExpense,SECTOR_NA,23
CVNA,Consumer Discretionary,premiumsEarned,SECTOR_NA,23
CVNA,Consumer Discretionary,claimsIncurred,SECTOR_NA,23
CVNA,Consumer Discretionary,rentalIncome,SECTOR_NA,23
CVNA,Consumer Discretionary,explorationExpense,SECTOR_NA,23
CVS,Health Care,interestIncomeBank,SECTOR_NA,47
CVS,Health Care,netInterestIncome,SECTOR_NA,47
CVS,Health Care,noninterestExpense,SECTOR_NA,47
CVS,Health Care,rentalIncome,SECTOR_NA,47
CVS,Health Care,explorationExpense,SECTOR_NA,47
CVX,Energy,changeInReceivables,DATA_ABSENT,45
CVX,Energy,interestIncomeBank,SECTOR_NA,45
CVX,Energy,netInterestIncome,SECTOR_NA,45
CVX,Energy,noninterestExpense,SECTOR_NA,45
CVX,Energy,premiumsEarned,SECTOR_NA,45
CVX,Energy,claimsIncurred,SECTOR_NA,45
CVX,Energy,rentalIncome,SECTOR_NA,45
D,Utilities,grossProfit,NO_COGS_STRUCTURAL,42
D,Utilities,grossMargins,NO_COGS_STRUCTURAL,42
D,Utilities,costOfRevenue,NO_COGS_STRUCTURAL,42
D,Utilities,interestIncomeBank,SECTOR_NA,42
D,Utilities,netInterestIncome,SECTOR_NA,42
D,Utilities,noninterestExpense,SECTOR_NA,42
D,Utilities,premiumsEarned,SECTOR_NA,42
D,Utilities,claimsIncurred,SECTOR_NA,42
D,Utilities,rentalIncome,SECTOR_NA,42
D,Utilities,explorationExpense,SECTOR_NA,42
DAL,Industrials,grossProfit,NO_COGS_SERVICES,44
DAL,Industrials,grossMargins,NO_COGS_SERVICES,44
DAL,Industrials,costOfRevenue,NO_COGS_SERVICES,44
DAL,Industrials,changeInInventory,EXTRACTION,44
DAL,Industrials,interestIncomeBank,SECTOR_NA,44
DAL,Industrials,netInterestIncome,SECTOR_NA,44
DAL,Industrials,noninterestExpense,SECTOR_NA,44
DAL,Industrials,premiumsEarned,SECTOR_NA,44
DAL,Industrials,claimsIncurred,SECTOR_NA,44
DAL,Industrials,rentalIncome,SECTOR_NA,44
DAL,Industrials,explorationExpense,SECTOR_NA,44
DASH,Consumer Discretionary,longTermDebt,DEBT_FREE_OR_NOTAG,16
DASH,Consumer Discretionary,shortTermDebt,DEBT_FREE_OR_NOTAG,16
DASH,Consumer Discretionary,changeInInventory,DATA_ABSENT,16
DASH,Consumer Discretionary,interestIncomeBank,SECTOR_NA,16
DASH,Consumer Discretionary,netInterestIncome,SECTOR_NA,16
DASH,Consumer Discretionary,noninterestExpense,SECTOR_NA,16
DASH,Consumer Discretionary,premiumsEarned,SECTOR_NA,16
DASH,Consumer Discretionary,claimsIncurred,SECTOR_NA,16
DASH,Consumer Discretionary,rentalIncome,SECTOR_NA,16
DASH,Consumer Discretionary,explorationExpense,SECTOR_NA,16
DD,Materials,changeInInventory,PRESENTATION_CHANGED,25
DD,Materials,changeInReceivables,PRESENTATION_CHANGED,25
DD,Materials,interestIncomeBank,SECTOR_NA,25
DD,Materials,netInterestIncome,SECTOR_NA,25
DD,Materials,noninterestExpense,SECTOR_NA,25
DD,Materials,premiumsEarned,SECTOR_NA,25
DD,Materials,claimsIncurred,SECTOR_NA,25
DD,Materials,explorationExpense,SECTOR_NA,25
DDOG,Information Technology,longTermDebt,DEBT_FREE_OR_NOTAG,21
DDOG,Information Technology,shortTermDebt,DEBT_FREE_OR_NOTAG,21
DDOG,Information Technology,changeInInventory,DATA_ABSENT,21
DDOG,Information Technology,interestIncomeBank,SECTOR_NA,21
DDOG,Information Technology,netInterestIncome,SECTOR_NA,21
DDOG,Information Technology,noninterestExpense,SECTOR_NA,21
DDOG,Information Technology,premiumsEarned,SECTOR_NA,21
DDOG,Information Technology,claimsIncurred,SECTOR_NA,21
DDOG,Information Technology,rentalIncome,SECTOR_NA,21
DDOG,Information Technology,explorationExpense,SECTOR_NA,21
DE,Industrials,grossProfit,PRESENTATION_CHANGED,42
DE,Industrials,grossMargins,PRESENTATION_CHANGED,42
DE,Industrials,costOfRevenue,PRESENTATION_CHANGED,42
DE,Industrials,operatingMargins,EXTRACTION,42
DE,Industrials,ebitda,EXTRACTION,42
DE,Industrials,longTermDebt,COVERED_BY_TOTALDEBT,42
DE,Industrials,currentAssets,DATA_ABSENT,42
DE,Industrials,currentLiabilities,DATA_ABSENT,42
DE,Industrials,interestIncomeBank,SECTOR_NA,42
DE,Industrials,netInterestIncome,SECTOR_NA,42
DE,Industrials,noninterestExpense,SECTOR_NA,42
DE,Industrials,premiumsEarned,SECTOR_NA,42
DE,Industrials,explorationExpense,SECTOR_NA,42
DECK,Consumer Discretionary,longTermDebt,PRESENTATION_CHANGED,48
DECK,Consumer Discretionary,shortTermDebt,PRESENTATION_CHANGED,48
DECK,Consumer Discretionary,interestIncomeBank,SECTOR_NA,48
DECK,Consumer Discretionary,netInterestIncome,SECTOR_NA,48
DECK,Consumer Discretionary,noninterestExpense,SECTOR_NA,48
DECK,Consumer Discretionary,premiumsEarned,SECTOR_NA,48
DECK,Consumer Discretionary,claimsIncurred,SECTOR_NA,48
DECK,Consumer Discretionary,rentalIncome,SECTOR_NA,48
DECK,Consumer Discretionary,explorationExpense,SECTOR_NA,48
DELL,Information Technology,returnOnEquity,NEG_OR_ZERO_EQUITY,32
DELL,Information Technology,interestIncomeBank,SECTOR_NA,32
DELL,Information Technology,netInterestIncome,SECTOR_NA,32
DELL,Information Technology,noninterestExpense,SECTOR_NA,32
DELL,Information Technology,premiumsEarned,SECTOR_NA,32
DELL,Information Technology,claimsIncurred,SECTOR_NA,32
DELL,Information Technology,explorationExpense,SECTOR_NA,32
DG,Consumer Staples,shortTermDebt,COVERED_BY_TOTALDEBT,44
DG,Consumer Staples,changeInInventory,DATA_ABSENT,44
DG,Consumer Staples,changeInReceivables,DATA_ABSENT,44
DG,Consumer Staples,interestIncomeBank,SECTOR_NA,44
DG,Consumer Staples,netInterestIncome,SECTOR_NA,44
DG,Consumer Staples,noninterestExpense,SECTOR_NA,44
DG,Consumer Staples,premiumsEarned,SECTOR_NA,44
DG,Consumer Staples,claimsIncurred,SECTOR_NA,44
DG,Consumer Staples,rentalIncome,SECTOR_NA,44
DG,Consumer Staples,explorationExpense,SECTOR_NA,44
DGX,Health Care,changeInInventory,DATA_ABSENT,41
DGX,Health Care,noninterestExpense,SECTOR_NA,41
DGX,Health Care,premiumsEarned,SECTOR_NA,41
DGX,Health Care,claimsIncurred,SECTOR_NA,41
DGX,Health Care,rentalIncome,SECTOR_NA,41
DGX,Health Care,explorationExpense,SECTOR_NA,41
DHI,Consumer Discretionary,longTermDebt,COVERED_BY_TOTALDEBT,49
DHI,Consumer Discretionary,shortTermDebt,DEBT_FREE_OR_NOTAG,49
DHI,Consumer Discretionary,currentAssets,DATA_ABSENT,49
DHI,Consumer Discretionary,currentLiabilities,DATA_ABSENT,49
DHI,Consumer Discretionary,changeInInventory,DATA_ABSENT,49
DHI,Consumer Discretionary,changeInReceivables,DATA_ABSENT,49
DHI,Consumer Discretionary,interestIncomeBank,SECTOR_NA,49
DHI,Consumer Discretionary,netInterestIncome,SECTOR_NA,49
DHI,Consumer Discretionary,noninterestExpense,SECTOR_NA,49
DHI,Consumer Discretionary,premiumsEarned,SECTOR_NA,49
DHI,Consumer Discretionary,claimsIncurred,SECTOR_NA,49
DHI,Consumer Discretionary,rentalIncome,SECTOR_NA,49
DHI,Consumer Discretionary,explorationExpense,SECTOR_NA,49
DHR,Health Care,interestIncomeBank,SECTOR_NA,49
DHR,Health Care,netInterestIncome,SECTOR_NA,49
DHR,Health Care,noninterestExpense,SECTOR_NA,49
DHR,Health Care,premiumsEarned,SECTOR_NA,49
DHR,Health Care,claimsIncurred,SECTOR_NA,49
DHR,Health Care,rentalIncome,SECTOR_NA,49
DHR,Health Care,explorationExpense,SECTOR_NA,49
DIS,Communication Services,grossProfit,NO_COGS_SERVICES,22
DIS,Communication Services,grossMargins,NO_COGS_SERVICES,22
DIS,Communication Services,costOfRevenue,NO_COGS_SERVICES,22
DIS,Communication Services,interestIncomeBank,SECTOR_NA,22
DIS,Communication Services,netInterestIncome,SECTOR_NA,22
DIS,Communication Services,noninterestExpense,SECTOR_NA,22
DIS,Communication Services,premiumsEarned,SECTOR_NA,22
DIS,Communication Services,claimsIncurred,SECTOR_NA,22
DIS,Communication Services,explorationExpense,SECTOR_NA,22
DLR,Real Estate,grossProfit,NO_COGS_STRUCTURAL,47
DLR,Real Estate,grossMargins,NO_COGS_STRUCTURAL,47
DLR,Real Estate,costOfRevenue,NO_COGS_STRUCTURAL,47
DLR,Real Estate,longTermDebt,PRESENTATION_CHANGED,47
DLR,Real Estate,shortTermDebt,DEBT_FREE_OR_NOTAG,47
DLR,Real Estate,currentAssets,UNCLASSIFIED_BALANCE_SHEET,47
DLR,Real Estate,currentLiabilities,UNCLASSIFIED_BALANCE_SHEET,47
DLR,Real Estate,changeInInventory,DATA_ABSENT,47
DLR,Real Estate,changeInReceivables,PRESENTATION_CHANGED,47
DLR,Real Estate,interestIncomeBank,SECTOR_NA,47
DLR,Real Estate,netInterestIncome,SECTOR_NA,47
DLR,Real Estate,noninterestExpense,SECTOR_NA,47
DLR,Real Estate,premiumsEarned,SECTOR_NA,47
DLR,Real Estate,claimsIncurred,SECTOR_NA,47
DLR,Real Estate,rentalIncome,PRESENTATION_CHANGED,47
DLR,Real Estate,explorationExpense,SECTOR_NA,47
DLTR,Consumer Staples,changeInInventory,DATA_ABSENT,45
DLTR,Consumer Staples,changeInReceivables,DATA_ABSENT,45
DLTR,Consumer Staples,interestIncomeBank,SECTOR_NA,45
DLTR,Consumer Staples,netInterestIncome,SECTOR_NA,45
DLTR,Consumer Staples,noninterestExpense,SECTOR_NA,45
DLTR,Consumer Staples,premiumsEarned,SECTOR_NA,45
DLTR,Consumer Staples,claimsIncurred,SECTOR_NA,45
DLTR,Consumer Staples,rentalIncome,SECTOR_NA,45
DLTR,Consumer Staples,explorationExpense,SECTOR_NA,45
DOC,Real Estate,grossProfit,EXTRACTION,47
DOC,Real Estate,grossMargins,EXTRACTION,47
DOC,Real Estate,costOfRevenue,EXTRACTION,47
DOC,Real Estate,operatingMargins,EXTRACTION,47
DOC,Real Estate,ebitda,EXTRACTION,47
DOC,Real Estate,shortTermDebt,DEBT_FREE_OR_NOTAG,47
DOC,Real Estate,currentAssets,UNCLASSIFIED_BALANCE_SHEET,47
DOC,Real Estate,currentLiabilities,UNCLASSIFIED_BALANCE_SHEET,47
DOC,Real Estate,changeInInventory,DATA_ABSENT,47
DOC,Real Estate,changeInReceivables,PRESENTATION_CHANGED,47
DOC,Real Estate,interestIncomeBank,SECTOR_NA,47
DOC,Real Estate,netInterestIncome,SECTOR_NA,47
DOC,Real Estate,noninterestExpense,SECTOR_NA,47
DOC,Real Estate,premiumsEarned,SECTOR_NA,47
DOC,Real Estate,claimsIncurred,SECTOR_NA,47
DOC,Real Estate,explorationExpense,SECTOR_NA,47
DOV,Industrials,interestIncomeBank,SECTOR_NA,43
DOV,Industrials,netInterestIncome,SECTOR_NA,43
DOV,Industrials,noninterestExpense,SECTOR_NA,43
DOV,Industrials,premiumsEarned,SECTOR_NA,43
DOV,Industrials,claimsIncurred,SECTOR_NA,43
DOV,Industrials,rentalIncome,SECTOR_NA,43
DOV,Industrials,explorationExpense,SECTOR_NA,43
DOW,Materials,shortTermDebt,COVERED_BY_TOTALDEBT,19
DOW,Materials,changeInReceivables,DATA_ABSENT,19
DOW,Materials,interestIncomeBank,SECTOR_NA,19
DOW,Materials,netInterestIncome,SECTOR_NA,19
DOW,Materials,noninterestExpense,SECTOR_NA,19
DOW,Materials,premiumsEarned,SECTOR_NA,19
DOW,Materials,claimsIncurred,SECTOR_NA,19
DOW,Materials,rentalIncome,SECTOR_NA,19
DOW,Materials,explorationExpense,SECTOR_NA,19
DPZ,Consumer Discretionary,returnOnEquity,NEG_OR_ZERO_EQUITY,50
DPZ,Consumer Discretionary,shortTermDebt,COVERED_BY_TOTALDEBT,50
DPZ,Consumer Discretionary,changeInInventory,DATA_ABSENT,50
DPZ,Consumer Discretionary,interestIncomeBank,SECTOR_NA,50
DPZ,Consumer Discretionary,netInterestIncome,SECTOR_NA,50
DPZ,Consumer Discretionary,noninterestExpense,SECTOR_NA,50
DPZ,Consumer Discretionary,premiumsEarned,SECTOR_NA,50
DPZ,Consumer Discretionary,claimsIncurred,SECTOR_NA,50
DPZ,Consumer Discretionary,rentalIncome,SECTOR_NA,50
DPZ,Consumer Discretionary,explorationExpense,SECTOR_NA,50
DRI,Consumer Discretionary,costOfRevenue,PRESENTATION_CHANGED,42
DRI,Consumer Discretionary,interestIncomeBank,SECTOR_NA,42
DRI,Consumer Discretionary,netInterestIncome,SECTOR_NA,42
DRI,Consumer Discretionary,noninterestExpense,SECTOR_NA,42
DRI,Consumer Discretionary,premiumsEarned,SECTOR_NA,42
DRI,Consumer Discretionary,claimsIncurred,SECTOR_NA,42
DRI,Consumer Discretionary,rentalIncome,SECTOR_NA,42
DRI,Consumer Discretionary,explorationExpense,SECTOR_NA,42
DTE,Utilities,grossProfit,NO_COGS_STRUCTURAL,44
DTE,Utilities,grossMargins,NO_COGS_STRUCTURAL,44
DTE,Utilities,costOfRevenue,NO_COGS_STRUCTURAL,44
DTE,Utilities,interestIncomeBank,SECTOR_NA,44
DTE,Utilities,netInterestIncome,SECTOR_NA,44
DTE,Utilities,noninterestExpense,SECTOR_NA,44
DTE,Utilities,premiumsEarned,SECTOR_NA,44
DTE,Utilities,claimsIncurred,SECTOR_NA,44
DTE,Utilities,explorationExpense,SECTOR_NA,44
DUK,Utilities,grossProfit,PRESENTATION_CHANGED,48
DUK,Utilities,grossMargins,PRESENTATION_CHANGED,48
DUK,Utilities,costOfRevenue,PRESENTATION_CHANGED,48
DUK,Utilities,interestIncomeBank,SECTOR_NA,48
DUK,Utilities,netInterestIncome,SECTOR_NA,48
DUK,Utilities,noninterestExpense,SECTOR_NA,48
DUK,Utilities,premiumsEarned,SECTOR_NA,48
DUK,Utilities,claimsIncurred,SECTOR_NA,48
DUK,Utilities,rentalIncome,SECTOR_NA,48
DUK,Utilities,explorationExpense,SECTOR_NA,48
DVA,Health Care,grossProfit,NO_COGS_SERVICES,43
DVA,Health Care,grossMargins,NO_COGS_SERVICES,43
DVA,Health Care,costOfRevenue,NO_COGS_SERVICES,43
DVA,Health Care,returnOnEquity,NEG_OR_ZERO_EQUITY,43
DVA,Health Care,shortTermDebt,COVERED_BY_TOTALDEBT,43
DVA,Health Care,interestIncomeBank,SECTOR_NA,43
DVA,Health Care,netInterestIncome,SECTOR_NA,43
DVA,Health Care,noninterestExpense,SECTOR_NA,43
DVA,Health Care,premiumsEarned,SECTOR_NA,43
DVA,Health Care,claimsIncurred,SECTOR_NA,43
DVA,Health Care,rentalIncome,SECTOR_NA,43
DVA,Health Care,explorationExpense,SECTOR_NA,43
DVN,Energy,grossProfit,PRESENTATION_CHANGED,46
DVN,Energy,grossMargins,PRESENTATION_CHANGED,46
DVN,Energy,costOfRevenue,PRESENTATION_CHANGED,46
DVN,Energy,operatingMargins,PRESENTATION_CHANGED,46
DVN,Energy,ebitda,PRESENTATION_CHANGED,46
DVN,Energy,changeInInventory,DATA_ABSENT,46
DVN,Energy,changeInPayables,EXTRACTION,46
DVN,Energy,interestIncomeBank,SECTOR_NA,46
DVN,Energy,netInterestIncome,SECTOR_NA,46
DVN,Energy,noninterestExpense,SECTOR_NA,46
DVN,Energy,premiumsEarned,SECTOR_NA,46
DVN,Energy,claimsIncurred,SECTOR_NA,46
DVN,Energy,rentalIncome,SECTOR_NA,46
DXCM,Health Care,longTermDebt,PRESENTATION_CHANGED,45
DXCM,Health Care,shortTermDebt,DEBT_FREE_OR_NOTAG,45
DXCM,Health Care,interestIncomeBank,SECTOR_NA,45
DXCM,Health Care,netInterestIncome,SECTOR_NA,45
DXCM,Health Care,noninterestExpense,SECTOR_NA,45
DXCM,Health Care,premiumsEarned,SECTOR_NA,45
DXCM,Health Care,claimsIncurred,SECTOR_NA,45
DXCM,Health Care,rentalIncome,SECTOR_NA,45
DXCM,Health Care,explorationExpense,SECTOR_NA,45
EA,Communication Services,longTermDebt,DEBT_FREE_OR_NOTAG,43
EA,Communication Services,shortTermDebt,DEBT_FREE_OR_NOTAG,43
EA,Communication Services,changeInInventory,PRESENTATION_CHANGED,43
EA,Communication Services,netInterestIncome,SECTOR_NA,43
EA,Communication Services,noninterestExpense,SECTOR_NA,43
EA,Communication Services,premiumsEarned,SECTOR_NA,43
EA,Communication Services,claimsIncurred,SECTOR_NA,43
EA,Communication Services,rentalIncome,SECTOR_NA,43
EA,Communication Services,explorationExpense,SECTOR_NA,43
EBAY,Consumer Discretionary,changeInInventory,DATA_ABSENT,43
EBAY,Consumer Discretionary,changeInReceivables,PRESENTATION_CHANGED,43
EBAY,Consumer Discretionary,interestIncomeBank,SECTOR_NA,43
EBAY,Consumer Discretionary,netInterestIncome,SECTOR_NA,43
EBAY,Consumer Discretionary,noninterestExpense,SECTOR_NA,43
EBAY,Consumer Discretionary,premiumsEarned,SECTOR_NA,43
EBAY,Consumer Discretionary,claimsIncurred,SECTOR_NA,43
EBAY,Consumer Discretionary,rentalIncome,SECTOR_NA,43
EBAY,Consumer Discretionary,explorationExpense,SECTOR_NA,43
ECHO,Communication Services,shortTermDebt,COVERED_BY_TOTALDEBT,44
ECHO,Communication Services,interestIncomeBank,SECTOR_NA,44
ECHO,Communication Services,netInterestIncome,SECTOR_NA,44
ECHO,Communication Services,noninterestExpense,SECTOR_NA,44
ECHO,Communication Services,premiumsEarned,SECTOR_NA,44
ECHO,Communication Services,claimsIncurred,SECTOR_NA,44
ECHO,Communication Services,explorationExpense,SECTOR_NA,44
ECL,Materials,interestIncomeBank,SECTOR_NA,45
ECL,Materials,netInterestIncome,SECTOR_NA,45
ECL,Materials,noninterestExpense,SECTOR_NA,45
ECL,Materials,premiumsEarned,SECTOR_NA,45
ECL,Materials,claimsIncurred,SECTOR_NA,45
ECL,Materials,explorationExpense,SECTOR_NA,45
ED,Utilities,grossProfit,NO_COGS_STRUCTURAL,42
ED,Utilities,grossMargins,NO_COGS_STRUCTURAL,42
ED,Utilities,costOfRevenue,NO_COGS_STRUCTURAL,42
ED,Utilities,changeInInventory,EXTRACTION,42
ED,Utilities,interestIncomeBank,SECTOR_NA,42
ED,Utilities,netInterestIncome,SECTOR_NA,42
ED,Utilities,noninterestExpense,SECTOR_NA,42
ED,Utilities,premiumsEarned,SECTOR_NA,42
ED,Utilities,claimsIncurred,SECTOR_NA,42
ED,Utilities,rentalIncome,SECTOR_NA,42
ED,Utilities,explorationExpense,SECTOR_NA,42
EFX,Industrials,changeInInventory,DATA_ABSENT,42
EFX,Industrials,changeInPayables,DATA_ABSENT,42
EFX,Industrials,interestIncomeBank,SECTOR_NA,42
EFX,Industrials,netInterestIncome,SECTOR_NA,42
EFX,Industrials,noninterestExpense,SECTOR_NA,42
EFX,Industrials,premiumsEarned,SECTOR_NA,42
EFX,Industrials,claimsIncurred,SECTOR_NA,42
EFX,Industrials,rentalIncome,SECTOR_NA,42
EFX,Industrials,explorationExpense,SECTOR_NA,42
EG,Financials,grossProfit,NO_COGS_STRUCTURAL,33
EG,Financials,grossMargins,NO_COGS_STRUCTURAL,33
EG,Financials,costOfRevenue,NO_COGS_STRUCTURAL,33
EG,Financials,operatingMargins,NO_COGS_STRUCTURAL,33
EG,Financials,ebitda,NO_COGS_STRUCTURAL,33
EG,Financials,longTermDebt,EXTRACTION,33
EG,Financials,shortTermDebt,PRESENTATION_CHANGED,33
EG,Financials,currentAssets,UNCLASSIFIED_BALANCE_SHEET,33
EG,Financials,currentLiabilities,UNCLASSIFIED_BALANCE_SHEET,33
EG,Financials,goodwill,NO_GOODWILL,33
EG,Financials,changeInInventory,DATA_ABSENT,33
EG,Financials,changeInReceivables,DATA_ABSENT,33
EG,Financials,changeInPayables,DATA_ABSENT,33
EG,Financials,interestIncomeBank,SECTOR_NA,33
EG,Financials,netInterestIncome,SECTOR_NA,33
EG,Financials,noninterestExpense,SECTOR_NA,33
EG,Financials,rentalIncome,SECTOR_NA,33
EG,Financials,explorationExpense,SECTOR_NA,33
EIX,Utilities,grossProfit,NO_COGS_STRUCTURAL,42
EIX,Utilities,grossMargins,NO_COGS_STRUCTURAL,42
EIX,Utilities,costOfRevenue,NO_COGS_STRUCTURAL,42
EIX,Utilities,goodwill,NO_GOODWILL,42
EIX,Utilities,interestIncomeBank,SECTOR_NA,42
EIX,Utilities,netInterestIncome,SECTOR_NA,42
EIX,Utilities,noninterestExpense,SECTOR_NA,42
EIX,Utilities,premiumsEarned,SECTOR_NA,42
EIX,Utilities,claimsIncurred,SECTOR_NA,42
EIX,Utilities,rentalIncome,SECTOR_NA,42
EIX,Utilities,explorationExpense,SECTOR_NA,42
EL,Consumer Staples,interestIncomeBank,SECTOR_NA,44
EL,Consumer Staples,netInterestIncome,SECTOR_NA,44
EL,Consumer Staples,noninterestExpense,SECTOR_NA,44
EL,Consumer Staples,premiumsEarned,SECTOR_NA,44
EL,Consumer Staples,claimsIncurred,SECTOR_NA,44
EL,Consumer Staples,rentalIncome,SECTOR_NA,44
EL,Consumer Staples,explorationExpense,SECTOR_NA,44
ELV,Health Care,changeInInventory,DATA_ABSENT,44
ELV,Health Care,changeInPayables,PRESENTATION_CHANGED,44
ELV,Health Care,interestIncomeBank,SECTOR_NA,44
ELV,Health Care,netInterestIncome,SECTOR_NA,44
ELV,Health Care,noninterestExpense,SECTOR_NA,44
ELV,Health Care,rentalIncome,SECTOR_NA,44
ELV,Health Care,explorationExpense,SECTOR_NA,44
EME,Industrials,longTermDebt,COVERED_BY_TOTALDEBT,49
EME,Industrials,shortTermDebt,DEBT_FREE_OR_NOTAG,49
EME,Industrials,interestIncomeBank,SECTOR_NA,49
EME,Industrials,netInterestIncome,SECTOR_NA,49
EME,Industrials,noninterestExpense,SECTOR_NA,49
EME,Industrials,premiumsEarned,SECTOR_NA,49
EME,Industrials,claimsIncurred,SECTOR_NA,49
EME,Industrials,rentalIncome,SECTOR_NA,49
EME,Industrials,explorationExpense,SECTOR_NA,49
EMR,Industrials,interestIncomeBank,SECTOR_NA,32
EMR,Industrials,netInterestIncome,SECTOR_NA,32
EMR,Industrials,noninterestExpense,SECTOR_NA,32
EMR,Industrials,premiumsEarned,SECTOR_NA,32
EMR,Industrials,claimsIncurred,SECTOR_NA,32
EMR,Industrials,rentalIncome,SECTOR_NA,32
EMR,Industrials,explorationExpense,SECTOR_NA,32
EOG,Energy,grossProfit,NO_COGS_STRUCTURAL,44
EOG,Energy,grossMargins,NO_COGS_STRUCTURAL,44
EOG,Energy,costOfRevenue,NO_COGS_STRUCTURAL,44
EOG,Energy,goodwill,NO_GOODWILL,44
EOG,Energy,interestIncomeBank,SECTOR_NA,44
EOG,Energy,netInterestIncome,SECTOR_NA,44
EOG,Energy,noninterestExpense,SECTOR_NA,44
EOG,Energy,premiumsEarned,SECTOR_NA,44
EOG,Energy,claimsIncurred,SECTOR_NA,44
EOG,Energy,rentalIncome,SECTOR_NA,44
EQIX,Real Estate,shortTermDebt,COVERED_BY_TOTALDEBT,46
EQIX,Real Estate,changeInInventory,DATA_ABSENT,46
EQIX,Real Estate,interestIncomeBank,SECTOR_NA,46
EQIX,Real Estate,netInterestIncome,SECTOR_NA,46
EQIX,Real Estate,noninterestExpense,SECTOR_NA,46
EQIX,Real Estate,premiumsEarned,SECTOR_NA,46
EQIX,Real Estate,claimsIncurred,SECTOR_NA,46
EQIX,Real Estate,rentalIncome,DATA_ABSENT,46
EQIX,Real Estate,explorationExpense,SECTOR_NA,46
EQR,Real Estate,grossProfit,PRESENTATION_CHANGED,45
EQR,Real Estate,grossMargins,PRESENTATION_CHANGED,45
EQR,Real Estate,costOfRevenue,NO_COGS_STRUCTURAL,45
EQR,Real Estate,operatingMargins,EXTRACTION,45
EQR,Real Estate,ebitda,EXTRACTION,45
EQR,Real Estate,currentAssets,UNCLASSIFIED_BALANCE_SHEET,45
EQR,Real Estate,currentLiabilities,UNCLASSIFIED_BALANCE_SHEET,45
EQR,Real Estate,goodwill,NO_GOODWILL,45
EQR,Real Estate,changeInInventory,DATA_ABSENT,45
EQR,Real Estate,changeInReceivables,DATA_ABSENT,45
EQR,Real Estate,interestIncomeBank,SECTOR_NA,45
EQR,Real Estate,netInterestIncome,SECTOR_NA,45
EQR,Real Estate,noninterestExpense,SECTOR_NA,45
EQR,Real Estate,premiumsEarned,SECTOR_NA,45
EQR,Real Estate,claimsIncurred,SECTOR_NA,45
EQR,Real Estate,explorationExpense,SECTOR_NA,45
EQT,Energy,goodwill,EXTRACTION,43
EQT,Energy,changeInInventory,PRESENTATION_CHANGED,43
EQT,Energy,interestIncomeBank,SECTOR_NA,43
EQT,Energy,netInterestIncome,SECTOR_NA,43
EQT,Energy,noninterestExpense,SECTOR_NA,43
EQT,Energy,premiumsEarned,SECTOR_NA,43
EQT,Energy,claimsIncurred,SECTOR_NA,43
EQT,Energy,rentalIncome,SECTOR_NA,43
ERIE,Financials,grossProfit,NO_COGS_STRUCTURAL,48
ERIE,Financials,grossMargins,NO_COGS_STRUCTURAL,48
ERIE,Financials,costOfRevenue,NO_COGS_STRUCTURAL,48
ERIE,Financials,longTermDebt,PRESENTATION_CHANGED,48
ERIE,Financials,shortTermDebt,PRESENTATION_CHANGED,48
ERIE,Financials,goodwill,NO_GOODWILL,48
ERIE,Financials,changeInInventory,DATA_ABSENT,48
ERIE,Financials,changeInReceivables,PRESENTATION_CHANGED,48
ERIE,Financials,interestIncomeBank,SECTOR_NA,48
ERIE,Financials,netInterestIncome,SECTOR_NA,48
ERIE,Financials,noninterestExpense,SECTOR_NA,48
ERIE,Financials,premiumsEarned,PRESENTATION_CHANGED,48
ERIE,Financials,claimsIncurred,PRESENTATION_CHANGED,48
ERIE,Financials,rentalIncome,SECTOR_NA,48
ERIE,Financials,explorationExpense,SECTOR_NA,48
ES,Utilities,grossProfit,NO_COGS_STRUCTURAL,48
ES,Utilities,grossMargins,NO_COGS_STRUCTURAL,48
ES,Utilities,costOfRevenue,NO_COGS_STRUCTURAL,48
ES,Utilities,changeInInventory,PRESENTATION_CHANGED,48
ES,Utilities,interestIncomeBank,SECTOR_NA,48
ES,Utilities,netInterestIncome,SECTOR_NA,48
ES,Utilities,noninterestExpense,SECTOR_NA,48
ES,Utilities,premiumsEarned,SECTOR_NA,48
ES,Utilities,claimsIncurred,SECTOR_NA,48
ES,Utilities,explorationExpense,SECTOR_NA,48
ESS,Real Estate,costOfRevenue,NO_COGS_STRUCTURAL,46
ESS,Real Estate,shortTermDebt,DEBT_FREE_OR_NOTAG,46
ESS,Real Estate,currentAssets,UNCLASSIFIED_BALANCE_SHEET,46
ESS,Real Estate,currentLiabilities,UNCLASSIFIED_BALANCE_SHEET,46
ESS,Real Estate,goodwill,NO_GOODWILL,46
ESS,Real Estate,changeInInventory,DATA_ABSENT,46
ESS,Real Estate,changeInReceivables,DATA_ABSENT,46
ESS,Real Estate,changeInPayables,PRESENTATION_CHANGED,46
ESS,Real Estate,interestIncomeBank,SECTOR_NA,46
ESS,Real Estate,netInterestIncome,SECTOR_NA,46
ESS,Real Estate,noninterestExpense,SECTOR_NA,46
ESS,Real Estate,premiumsEarned,SECTOR_NA,46
ESS,Real Estate,claimsIncurred,SECTOR_NA,46
ESS,Real Estate,explorationExpense,SECTOR_NA,46
ETN,Industrials,interestIncomeBank,SECTOR_NA,42
ETN,Industrials,netInterestIncome,SECTOR_NA,42
ETN,Industrials,noninterestExpense,SECTOR_NA,42
ETN,Industrials,premiumsEarned,SECTOR_NA,42
ETN,Industrials,claimsIncurred,SECTOR_NA,42
ETN,Industrials,rentalIncome,SECTOR_NA,42
ETN,Industrials,explorationExpense,SECTOR_NA,42
ETR,Utilities,grossProfit,NO_COGS_STRUCTURAL,43
ETR,Utilities,grossMargins,NO_COGS_STRUCTURAL,43
ETR,Utilities,costOfRevenue,NO_COGS_STRUCTURAL,43
ETR,Utilities,changeInInventory,DATA_ABSENT,43
ETR,Utilities,interestIncomeBank,SECTOR_NA,43
ETR,Utilities,netInterestIncome,SECTOR_NA,43
ETR,Utilities,noninterestExpense,SECTOR_NA,43
ETR,Utilities,premiumsEarned,SECTOR_NA,43
ETR,Utilities,claimsIncurred,SECTOR_NA,43
ETR,Utilities,rentalIncome,SECTOR_NA,43
ETR,Utilities,explorationExpense,SECTOR_NA,43
EVRG,Utilities,grossProfit,NO_COGS_STRUCTURAL,26
EVRG,Utilities,grossMargins,NO_COGS_STRUCTURAL,26
EVRG,Utilities,costOfRevenue,NO_COGS_STRUCTURAL,26
EVRG,Utilities,changeInInventory,DATA_ABSENT,26
EVRG,Utilities,interestIncomeBank,SECTOR_NA,26
EVRG,Utilities,netInterestIncome,SECTOR_NA,26
EVRG,Utilities,noninterestExpense,SECTOR_NA,26
EVRG,Utilities,premiumsEarned,SECTOR_NA,26
EVRG,Utilities,claimsIncurred,SECTOR_NA,26
EVRG,Utilities,rentalIncome,SECTOR_NA,26
EVRG,Utilities,explorationExpense,SECTOR_NA,26
EW,Health Care,shortTermDebt,COVERED_BY_TOTALDEBT,42
EW,Health Care,interestIncomeBank,SECTOR_NA,42
EW,Health Care,netInterestIncome,SECTOR_NA,42
EW,Health Care,noninterestExpense,SECTOR_NA,42
EW,Health Care,premiumsEarned,SECTOR_NA,42
EW,Health Care,claimsIncurred,SECTOR_NA,42
EW,Health Care,rentalIncome,SECTOR_NA,42
EW,Health Care,explorationExpense,SECTOR_NA,42
EXC,Utilities,grossProfit,NO_COGS_STRUCTURAL,43
EXC,Utilities,grossMargins,NO_COGS_STRUCTURAL,43
EXC,Utilities,costOfRevenue,NO_COGS_STRUCTURAL,43
EXC,Utilities,interestIncomeBank,SECTOR_NA,43
EXC,Utilities,netInterestIncome,SECTOR_NA,43
EXC,Utilities,noninterestExpense,SECTOR_NA,43
EXC,Utilities,premiumsEarned,SECTOR_NA,43
EXC,Utilities,claimsIncurred,SECTOR_NA,43
EXC,Utilities,rentalIncome,SECTOR_NA,43
EXC,Utilities,explorationExpense,SECTOR_NA,43
EXE,Energy,grossProfit,PRESENTATION_CHANGED,41
EXE,Energy,grossMargins,PRESENTATION_CHANGED,41
EXE,Energy,costOfRevenue,NO_COGS_STRUCTURAL,41
EXE,Energy,shortTermDebt,COVERED_BY_TOTALDEBT,41
EXE,Energy,goodwill,PRESENTATION_CHANGED,41
EXE,Energy,changeInInventory,DATA_ABSENT,41
EXE,Energy,interestIncomeBank,SECTOR_NA,41
EXE,Energy,netInterestIncome,SECTOR_NA,41
EXE,Energy,noninterestExpense,SECTOR_NA,41
EXE,Energy,premiumsEarned,SECTOR_NA,41
EXE,Energy,claimsIncurred,SECTOR_NA,41
EXE,Energy,rentalIncome,SECTOR_NA,41
EXPD,Industrials,grossProfit,PRESENTATION_CHANGED,48
EXPD,Industrials,grossMargins,PRESENTATION_CHANGED,48
EXPD,Industrials,costOfRevenue,NO_COGS_SERVICES,48
EXPD,Industrials,longTermDebt,DEBT_FREE_OR_NOTAG,48
EXPD,Industrials,shortTermDebt,DEBT_FREE_OR_NOTAG,48
EXPD,Industrials,changeInInventory,DATA_ABSENT,48
EXPD,Industrials,interestIncomeBank,SECTOR_NA,48
EXPD,Industrials,netInterestIncome,SECTOR_NA,48
EXPD,Industrials,noninterestExpense,SECTOR_NA,48
EXPD,Industrials,premiumsEarned,SECTOR_NA,48
EXPD,Industrials,claimsIncurred,SECTOR_NA,48
EXPD,Industrials,rentalIncome,SECTOR_NA,48
EXPD,Industrials,explorationExpense,SECTOR_NA,48
EXPE,Consumer Discretionary,changeInInventory,DATA_ABSENT,47
EXPE,Consumer Discretionary,changeInPayables,DATA_ABSENT,47
EXPE,Consumer Discretionary,interestIncomeBank,SECTOR_NA,47
EXPE,Consumer Discretionary,netInterestIncome,SECTOR_NA,47
EXPE,Consumer Discretionary,noninterestExpense,SECTOR_NA,47
EXPE,Consumer Discretionary,premiumsEarned,SECTOR_NA,47
EXPE,Consumer Discretionary,claimsIncurred,SECTOR_NA,47
EXPE,Consumer Discretionary,rentalIncome,SECTOR_NA,47
EXPE,Consumer Discretionary,explorationExpense,SECTOR_NA,47
EXR,Real Estate,longTermDebt,COVERED_BY_TOTALDEBT,43
EXR,Real Estate,shortTermDebt,COVERED_BY_TOTALDEBT,43
EXR,Real Estate,currentAssets,UNCLASSIFIED_BALANCE_SHEET,43
EXR,Real Estate,currentLiabilities,UNCLASSIFIED_BALANCE_SHEET,43
EXR,Real Estate,changeInInventory,DATA_ABSENT,43
EXR,Real Estate,changeInReceivables,DATA_ABSENT,43
EXR,Real Estate,interestIncomeBank,SECTOR_NA,43
EXR,Real Estate,netInterestIncome,SECTOR_NA,43
EXR,Real Estate,noninterestExpense,SECTOR_NA,43
EXR,Real Estate,premiumsEarned,SECTOR_NA,43
EXR,Real Estate,claimsIncurred,SECTOR_NA,43
EXR,Real Estate,explorationExpense,SECTOR_NA,43
F,Consumer Discretionary,longTermDebt,PRESENTATION_CHANGED,41
F,Consumer Discretionary,shortTermDebt,DEBT_FREE_OR_NOTAG,41
F,Consumer Discretionary,changeInReceivables,EXTRACTION,41
F,Consumer Discretionary,changeInPayables,DATA_ABSENT,41
F,Consumer Discretionary,interestIncomeBank,SECTOR_NA,41
F,Consumer Discretionary,netInterestIncome,SECTOR_NA,41
F,Consumer Discretionary,noninterestExpense,SECTOR_NA,41
F,Consumer Discretionary,premiumsEarned,SECTOR_NA,41
F,Consumer Discretionary,claimsIncurred,SECTOR_NA,41
F,Consumer Discretionary,rentalIncome,SECTOR_NA,41
F,Consumer Discretionary,explorationExpense,SECTOR_NA,41
FANG,Energy,grossProfit,NO_COGS_STRUCTURAL,43
FANG,Energy,grossMargins,NO_COGS_STRUCTURAL,43
FANG,Energy,costOfRevenue,NO_COGS_STRUCTURAL,43
FANG,Energy,goodwill,NO_GOODWILL,43
FANG,Energy,changeInInventory,PRESENTATION_CHANGED,43
FANG,Energy,interestIncomeBank,SECTOR_NA,43
FANG,Energy,netInterestIncome,SECTOR_NA,43
FANG,Energy,noninterestExpense,SECTOR_NA,43
FANG,Energy,premiumsEarned,SECTOR_NA,43
FANG,Energy,claimsIncurred,SECTOR_NA,43
FANG,Energy,rentalIncome,SECTOR_NA,43
FANG,Energy,explorationExpense,DATA_ABSENT,43
FAST,Industrials,goodwill,NO_GOODWILL,49
FAST,Industrials,interestIncomeBank,SECTOR_NA,49
FAST,Industrials,netInterestIncome,SECTOR_NA,49
FAST,Industrials,noninterestExpense,SECTOR_NA,49
FAST,Industrials,premiumsEarned,SECTOR_NA,49
FAST,Industrials,claimsIncurred,SECTOR_NA,49
FAST,Industrials,rentalIncome,SECTOR_NA,49
FAST,Industrials,explorationExpense,SECTOR_NA,49
FCX,Materials,goodwill,PRESENTATION_CHANGED,42
FCX,Materials,interestIncomeBank,SECTOR_NA,42
FCX,Materials,noninterestExpense,SECTOR_NA,42
FCX,Materials,premiumsEarned,SECTOR_NA,42
FCX,Materials,claimsIncurred,SECTOR_NA,42
FCX,Materials,rentalIncome,SECTOR_NA,42
FDS,Financials,shortTermDebt,COVERED_BY_TOTALDEBT,46
FDS,Financials,changeInInventory,DATA_ABSENT,46
FDS,Financials,interestIncomeBank,SECTOR_NA,46
FDS,Financials,netInterestIncome,SECTOR_NA,46
FDS,Financials,noninterestExpense,SECTOR_NA,46
FDS,Financials,premiumsEarned,SECTOR_NA,46
FDS,Financials,claimsIncurred,SECTOR_NA,46
FDS,Financials,rentalIncome,SECTOR_NA,46
FDS,Financials,explorationExpense,SECTOR_NA,46
FDX,Industrials,grossProfit,PRESENTATION_CHANGED,50
FDX,Industrials,grossMargins,PRESENTATION_CHANGED,50
FDX,Industrials,costOfRevenue,PRESENTATION_CHANGED,50
FDX,Industrials,shortTermDebt,COVERED_BY_TOTALDEBT,50
FDX,Industrials,changeInInventory,DATA_ABSENT,50
FDX,Industrials,changeInPayables,EXTRACTION,50
FDX,Industrials,interestIncomeBank,SECTOR_NA,50
FDX,Industrials,netInterestIncome,SECTOR_NA,50
FDX,Industrials,noninterestExpense,SECTOR_NA,50
FDX,Industrials,premiumsEarned,SECTOR_NA,50
FDX,Industrials,claimsIncurred,SECTOR_NA,50
FDX,Industrials,rentalIncome,SECTOR_NA,50
FDX,Industrials,explorationExpense,SECTOR_NA,50
FE,Utilities,grossProfit,NO_COGS_STRUCTURAL,47
FE,Utilities,grossMargins,NO_COGS_STRUCTURAL,47
FE,Utilities,costOfRevenue,NO_COGS_STRUCTURAL,47
FE,Utilities,interestIncomeBank,SECTOR_NA,47
FE,Utilities,netInterestIncome,SECTOR_NA,47
FE,Utilities,noninterestExpense,SECTOR_NA,47
FE,Utilities,premiumsEarned,SECTOR_NA,47
FE,Utilities,claimsIncurred,SECTOR_NA,47
FE,Utilities,rentalIncome,SECTOR_NA,47
FE,Utilities,explorationExpense,SECTOR_NA,47
FFIV,Information Technology,longTermDebt,COVERED_BY_TOTALDEBT,48
FFIV,Information Technology,shortTermDebt,COVERED_BY_TOTALDEBT,48
FFIV,Information Technology,interestIncomeBank,SECTOR_NA,48
FFIV,Information Technology,netInterestIncome,SECTOR_NA,48
FFIV,Information Technology,noninterestExpense,SECTOR_NA,48
FFIV,Information Technology,premiumsEarned,SECTOR_NA,48
FFIV,Information Technology,claimsIncurred,SECTOR_NA,48
FFIV,Information Technology,rentalIncome,SECTOR_NA,48
FFIV,Information Technology,explorationExpense,SECTOR_NA,48
FICO,Information Technology,returnOnEquity,NEG_OR_ZERO_EQUITY,44
FICO,Information Technology,changeInInventory,DATA_ABSENT,44
FICO,Information Technology,interestIncomeBank,SECTOR_NA,44
FICO,Information Technology,netInterestIncome,SECTOR_NA,44
FICO,Information Technology,noninterestExpense,SECTOR_NA,44
FICO,Information Technology,premiumsEarned,SECTOR_NA,44
FICO,Information Technology,claimsIncurred,SECTOR_NA,44
FICO,Information Technology,rentalIncome,SECTOR_NA,44
FICO,Information Technology,explorationExpense,SECTOR_NA,44
FIS,Financials,changeInInventory,DATA_ABSENT,45
FIS,Financials,interestIncomeBank,SECTOR_NA,45
FIS,Financials,netInterestIncome,SECTOR_NA,45
FIS,Financials,noninterestExpense,SECTOR_NA,45
FIS,Financials,premiumsEarned,SECTOR_NA,45
FIS,Financials,claimsIncurred,SECTOR_NA,45
FIS,Financials,rentalIncome,SECTOR_NA,45
FIS,Financials,explorationExpense,SECTOR_NA,45
FISV,Financials,grossProfit,PRESENTATION_CHANGED,45
FISV,Financials,grossMargins,PRESENTATION_CHANGED,45
FISV,Financials,costOfRevenue,PRESENTATION_CHANGED,45
FISV,Financials,changeInInventory,DATA_ABSENT,45
FISV,Financials,interestIncomeBank,SECTOR_NA,45
FISV,Financials,netInterestIncome,SECTOR_NA,45
FISV,Financials,noninterestExpense,SECTOR_NA,45
FISV,Financials,premiumsEarned,SECTOR_NA,45
FISV,Financials,claimsIncurred,SECTOR_NA,45
FISV,Financials,explorationExpense,SECTOR_NA,45
FITB,Financials,grossProfit,NO_COGS_STRUCTURAL,42
FITB,Financials,grossMargins,NO_COGS_STRUCTURAL,42
FITB,Financials,costOfRevenue,NO_COGS_STRUCTURAL,42
FITB,Financials,operatingMargins,NO_COGS_STRUCTURAL,42
FITB,Financials,ebitda,NO_COGS_STRUCTURAL,42
FITB,Financials,currentAssets,UNCLASSIFIED_BALANCE_SHEET,42
FITB,Financials,currentLiabilities,UNCLASSIFIED_BALANCE_SHEET,42
FITB,Financials,changeInInventory,DATA_ABSENT,42
FITB,Financials,changeInReceivables,DATA_ABSENT,42
FITB,Financials,changeInPayables,DATA_ABSENT,42
FITB,Financials,premiumsEarned,SECTOR_NA,42
FITB,Financials,claimsIncurred,SECTOR_NA,42
FITB,Financials,explorationExpense,SECTOR_NA,42
FIX,Industrials,interestIncomeBank,SECTOR_NA,45
FIX,Industrials,netInterestIncome,SECTOR_NA,45
FIX,Industrials,noninterestExpense,SECTOR_NA,45
FIX,Industrials,premiumsEarned,SECTOR_NA,45
FIX,Industrials,claimsIncurred,SECTOR_NA,45
FIX,Industrials,rentalIncome,SECTOR_NA,45
FIX,Industrials,explorationExpense,SECTOR_NA,45
FLEX,Information Technology,interestIncomeBank,SECTOR_NA,44
FLEX,Information Technology,netInterestIncome,SECTOR_NA,44
FLEX,Information Technology,noninterestExpense,SECTOR_NA,44
FLEX,Information Technology,premiumsEarned,SECTOR_NA,44
FLEX,Information Technology,claimsIncurred,SECTOR_NA,44
FLEX,Information Technology,rentalIncome,SECTOR_NA,44
FLEX,Information Technology,explorationExpense,SECTOR_NA,44
FOXA,Communication Services,grossProfit,NO_COGS_SERVICES,26
FOXA,Communication Services,grossMargins,NO_COGS_SERVICES,26
FOXA,Communication Services,costOfRevenue,NO_COGS_SERVICES,26
FOXA,Communication Services,operatingMargins,NO_COGS_SERVICES,26
FOXA,Communication Services,ebitda,NO_COGS_SERVICES,26
FOXA,Communication Services,changeInInventory,DATA_ABSENT,26
FOXA,Communication Services,changeInReceivables,PRESENTATION_CHANGED,26
FOXA,Communication Services,changeInPayables,PRESENTATION_CHANGED,26
FOXA,Communication Services,interestIncomeBank,SECTOR_NA,26
FOXA,Communication Services,netInterestIncome,SECTOR_NA,26
FOXA,Communication Services,noninterestExpense,SECTOR_NA,26
FOXA,Communication Services,premiumsEarned,SECTOR_NA,26
FOXA,Communication Services,claimsIncurred,SECTOR_NA,26
FOXA,Communication Services,explorationExpense,SECTOR_NA,26
FRT,Real Estate,grossProfit,NO_COGS_STRUCTURAL,49
FRT,Real Estate,grossMargins,NO_COGS_STRUCTURAL,49
FRT,Real Estate,costOfRevenue,NO_COGS_STRUCTURAL,49
FRT,Real Estate,shortTermDebt,DEBT_FREE_OR_NOTAG,49
FRT,Real Estate,currentAssets,UNCLASSIFIED_BALANCE_SHEET,49
FRT,Real Estate,currentLiabilities,UNCLASSIFIED_BALANCE_SHEET,49
FRT,Real Estate,goodwill,NO_GOODWILL,49
FRT,Real Estate,changeInInventory,DATA_ABSENT,49
FRT,Real Estate,interestIncomeBank,SECTOR_NA,49
FRT,Real Estate,netInterestIncome,SECTOR_NA,49
FRT,Real Estate,noninterestExpense,SECTOR_NA,49
FRT,Real Estate,premiumsEarned,SECTOR_NA,49
FRT,Real Estate,claimsIncurred,SECTOR_NA,49
FRT,Real Estate,explorationExpense,SECTOR_NA,49
FSLR,Information Technology,interestIncomeBank,SECTOR_NA,45
FSLR,Information Technology,netInterestIncome,SECTOR_NA,45
FSLR,Information Technology,noninterestExpense,SECTOR_NA,45
FSLR,Information Technology,premiumsEarned,SECTOR_NA,45
FSLR,Information Technology,claimsIncurred,SECTOR_NA,45
FSLR,Information Technology,rentalIncome,SECTOR_NA,45
FSLR,Information Technology,explorationExpense,SECTOR_NA,45
FTNT,Information Technology,returnOnEquity,NEG_OR_ZERO_EQUITY,40
FTNT,Information Technology,shortTermDebt,COVERED_BY_TOTALDEBT,40
FTNT,Information Technology,interestIncomeBank,SECTOR_NA,40
FTNT,Information Technology,netInterestIncome,SECTOR_NA,40
FTNT,Information Technology,noninterestExpense,SECTOR_NA,40
FTNT,Information Technology,premiumsEarned,SECTOR_NA,40
FTNT,Information Technology,claimsIncurred,SECTOR_NA,40
FTNT,Information Technology,rentalIncome,SECTOR_NA,40
FTNT,Information Technology,explorationExpense,SECTOR_NA,40
FTV,Industrials,interestIncomeBank,SECTOR_NA,25
FTV,Industrials,netInterestIncome,SECTOR_NA,25
FTV,Industrials,noninterestExpense,SECTOR_NA,25
FTV,Industrials,premiumsEarned,SECTOR_NA,25
FTV,Industrials,claimsIncurred,SECTOR_NA,25
FTV,Industrials,rentalIncome,SECTOR_NA,25
FTV,Industrials,explorationExpense,SECTOR_NA,25
GD,Industrials,grossProfit,PRESENTATION_CHANGED,42
GD,Industrials,grossMargins,PRESENTATION_CHANGED,42
GD,Industrials,costOfRevenue,PRESENTATION_CHANGED,42
GD,Industrials,interestIncomeBank,SECTOR_NA,42
GD,Industrials,noninterestExpense,SECTOR_NA,42
GD,Industrials,premiumsEarned,SECTOR_NA,42
GD,Industrials,claimsIncurred,SECTOR_NA,42
GD,Industrials,rentalIncome,SECTOR_NA,42
GD,Industrials,explorationExpense,SECTOR_NA,42
GDDY,Information Technology,changeInInventory,DATA_ABSENT,31
GDDY,Information Technology,changeInReceivables,PRESENTATION_CHANGED,31
GDDY,Information Technology,interestIncomeBank,SECTOR_NA,31
GDDY,Information Technology,netInterestIncome,SECTOR_NA,31
GDDY,Information Technology,noninterestExpense,SECTOR_NA,31
GDDY,Information Technology,premiumsEarned,SECTOR_NA,31
GDDY,Information Technology,claimsIncurred,SECTOR_NA,31
GDDY,Information Technology,rentalIncome,SECTOR_NA,31
GDDY,Information Technology,explorationExpense,SECTOR_NA,31
GE,Industrials,grossProfit,EXTRACTION,40
GE,Industrials,grossMargins,EXTRACTION,40
GE,Industrials,costOfRevenue,EXTRACTION,40
GE,Industrials,operatingMargins,EXTRACTION,40
GE,Industrials,ebitda,EXTRACTION,40
GE,Industrials,interestIncomeBank,SECTOR_NA,40
GE,Industrials,netInterestIncome,SECTOR_NA,40
GE,Industrials,noninterestExpense,SECTOR_NA,40
GE,Industrials,premiumsEarned,SECTOR_NA,40
GE,Industrials,claimsIncurred,SECTOR_NA,40
GE,Industrials,rentalIncome,SECTOR_NA,40
GE,Industrials,explorationExpense,SECTOR_NA,40
GEHC,Health Care,costOfRevenue,SPINOFF_REORG,11
GEHC,Health Care,interestIncomeBank,SECTOR_NA,11
GEHC,Health Care,netInterestIncome,SECTOR_NA,11
GEHC,Health Care,noninterestExpense,SECTOR_NA,11
GEHC,Health Care,premiumsEarned,SECTOR_NA,11
GEHC,Health Care,claimsIncurred,SECTOR_NA,11
GEHC,Health Care,rentalIncome,SECTOR_NA,11
GEHC,Health Care,explorationExpense,SECTOR_NA,11
GEN,Information Technology,changeInInventory,PRESENTATION_CHANGED,43
GEN,Information Technology,interestIncomeBank,SECTOR_NA,43
GEN,Information Technology,netInterestIncome,SECTOR_NA,43
GEN,Information Technology,noninterestExpense,SECTOR_NA,43
GEN,Information Technology,premiumsEarned,SECTOR_NA,43
GEN,Information Technology,claimsIncurred,SECTOR_NA,43
GEN,Information Technology,rentalIncome,SECTOR_NA,43
GEN,Information Technology,explorationExpense,SECTOR_NA,43
GEV,Industrials,longTermDebt,SPINOFF_REORG,9
GEV,Industrials,shortTermDebt,SPINOFF_REORG,9
GEV,Industrials,currentAssets,SPINOFF_REORG,9
GEV,Industrials,currentLiabilities,SPINOFF_REORG,9
GEV,Industrials,changeInReceivables,SPINOFF_REORG,9
GEV,Industrials,interestIncomeBank,SECTOR_NA,9
GEV,Industrials,netInterestIncome,SECTOR_NA,9
GEV,Industrials,noninterestExpense,SECTOR_NA,9
GEV,Industrials,premiumsEarned,SECTOR_NA,9
GEV,Industrials,claimsIncurred,SECTOR_NA,9
GEV,Industrials,rentalIncome,SECTOR_NA,9
GEV,Industrials,explorationExpense,SECTOR_NA,9
GILD,Health Care,interestIncomeBank,SECTOR_NA,43
GILD,Health Care,netInterestIncome,SECTOR_NA,43
GILD,Health Care,noninterestExpense,SECTOR_NA,43
GILD,Health Care,premiumsEarned,SECTOR_NA,43
GILD,Health Care,claimsIncurred,SECTOR_NA,43
GILD,Health Care,rentalIncome,SECTOR_NA,43
GILD,Health Care,explorationExpense,SECTOR_NA,43
GIS,Consumer Staples,interestIncomeBank,SECTOR_NA,35
GIS,Consumer Staples,netInterestIncome,SECTOR_NA,35
GIS,Consumer Staples,noninterestExpense,SECTOR_NA,35
GIS,Consumer Staples,premiumsEarned,SECTOR_NA,35
GIS,Consumer Staples,claimsIncurred,SECTOR_NA,35
GIS,Consumer Staples,rentalIncome,SECTOR_NA,35
GIS,Consumer Staples,explorationExpense,SECTOR_NA,35
GL,Financials,grossProfit,EXTRACTION,44
GL,Financials,grossMargins,EXTRACTION,44
GL,Financials,costOfRevenue,NO_COGS_STRUCTURAL,44
GL,Financials,operatingMargins,EXTRACTION,44
GL,Financials,ebitda,EXTRACTION,44
GL,Financials,currentAssets,UNCLASSIFIED_BALANCE_SHEET,44
GL,Financials,currentLiabilities,UNCLASSIFIED_BALANCE_SHEET,44
GL,Financials,changeInInventory,DATA_ABSENT,44
GL,Financials,changeInReceivables,DATA_ABSENT,44
GL,Financials,changeInPayables,DATA_ABSENT,44
GL,Financials,interestIncomeBank,SECTOR_NA,44
GL,Financials,netInterestIncome,SECTOR_NA,44
GL,Financials,noninterestExpense,SECTOR_NA,44
GL,Financials,rentalIncome,SECTOR_NA,44
GL,Financials,explorationExpense,SECTOR_NA,44
GLW,Information Technology,interestIncomeBank,SECTOR_NA,42
GLW,Information Technology,netInterestIncome,SECTOR_NA,42
GLW,Information Technology,noninterestExpense,SECTOR_NA,42
GLW,Information Technology,premiumsEarned,SECTOR_NA,42
GLW,Information Technology,claimsIncurred,SECTOR_NA,42
GLW,Information Technology,rentalIncome,SECTOR_NA,42
GLW,Information Technology,explorationExpense,SECTOR_NA,42
GM,Consumer Discretionary,grossProfit,PRESENTATION_CHANGED,45
GM,Consumer Discretionary,grossMargins,PRESENTATION_CHANGED,45
GM,Consumer Discretionary,costOfRevenue,PRESENTATION_CHANGED,45
GM,Consumer Discretionary,longTermDebt,DEBT_FREE_OR_NOTAG,45
GM,Consumer Discretionary,shortTermDebt,DEBT_FREE_OR_NOTAG,45
GM,Consumer Discretionary,interestIncomeBank,SECTOR_NA,45
GM,Consumer Discretionary,netInterestIncome,SECTOR_NA,45
GM,Consumer Discretionary,noninterestExpense,SECTOR_NA,45
GM,Consumer Discretionary,premiumsEarned,SECTOR_NA,45
GM,Consumer Discretionary,claimsIncurred,SECTOR_NA,45
GM,Consumer Discretionary,explorationExpense,SECTOR_NA,45
GNRC,Industrials,interestIncomeBank,SECTOR_NA,43
GNRC,Industrials,netInterestIncome,SECTOR_NA,43
GNRC,Industrials,noninterestExpense,SECTOR_NA,43
GNRC,Industrials,premiumsEarned,SECTOR_NA,43
GNRC,Industrials,claimsIncurred,SECTOR_NA,43
GNRC,Industrials,rentalIncome,SECTOR_NA,43
GNRC,Industrials,explorationExpense,SECTOR_NA,43
GOOGL,Communication Services,changeInInventory,DATA_ABSENT,32
GOOGL,Communication Services,interestIncomeBank,SECTOR_NA,32
GOOGL,Communication Services,netInterestIncome,SECTOR_NA,32
GOOGL,Communication Services,noninterestExpense,SECTOR_NA,32
GOOGL,Communication Services,premiumsEarned,SECTOR_NA,32
GOOGL,Communication Services,claimsIncurred,SECTOR_NA,32
GOOGL,Communication Services,rentalIncome,SECTOR_NA,32
GOOGL,Communication Services,explorationExpense,SECTOR_NA,32
GPC,Consumer Discretionary,interestIncomeBank,SECTOR_NA,39
GPC,Consumer Discretionary,netInterestIncome,SECTOR_NA,39
GPC,Consumer Discretionary,noninterestExpense,SECTOR_NA,39
GPC,Consumer Discretionary,premiumsEarned,SECTOR_NA,39
GPC,Consumer Discretionary,claimsIncurred,SECTOR_NA,39
GPC,Consumer Discretionary,rentalIncome,SECTOR_NA,39
GPC,Consumer Discretionary,explorationExpense,SECTOR_NA,39
GPN,Financials,shortTermDebt,COVERED_BY_TOTALDEBT,47
GPN,Financials,changeInInventory,PRESENTATION_CHANGED,47
GPN,Financials,interestIncomeBank,SECTOR_NA,47
GPN,Financials,netInterestIncome,SECTOR_NA,47
GPN,Financials,noninterestExpense,SECTOR_NA,47
GPN,Financials,premiumsEarned,SECTOR_NA,47
GPN,Financials,claimsIncurred,SECTOR_NA,47
GPN,Financials,rentalIncome,SECTOR_NA,47
GPN,Financials,explorationExpense,SECTOR_NA,47
GRMN,Consumer Discretionary,longTermDebt,DEBT_FREE_OR_NOTAG,47
GRMN,Consumer Discretionary,shortTermDebt,DEBT_FREE_OR_NOTAG,47
GRMN,Consumer Discretionary,interestIncomeBank,SECTOR_NA,47
GRMN,Consumer Discretionary,netInterestIncome,SECTOR_NA,47
GRMN,Consumer Discretionary,noninterestExpense,SECTOR_NA,47
GRMN,Consumer Discretionary,premiumsEarned,SECTOR_NA,47
GRMN,Consumer Discretionary,claimsIncurred,SECTOR_NA,47
GRMN,Consumer Discretionary,rentalIncome,SECTOR_NA,47
GRMN,Consumer Discretionary,explorationExpense,SECTOR_NA,47
GS,Financials,grossProfit,NO_COGS_STRUCTURAL,41
GS,Financials,grossMargins,NO_COGS_STRUCTURAL,41
GS,Financials,costOfRevenue,NO_COGS_STRUCTURAL,41
GS,Financials,operatingMargins,NO_COGS_STRUCTURAL,41
GS,Financials,ebitda,NO_COGS_STRUCTURAL,41
GS,Financials,longTermDebt,COVERED_BY_TOTALDEBT,41
GS,Financials,currentAssets,UNCLASSIFIED_BALANCE_SHEET,41
GS,Financials,currentLiabilities,UNCLASSIFIED_BALANCE_SHEET,41
GS,Financials,changeInInventory,DATA_ABSENT,41
GS,Financials,changeInReceivables,DATA_ABSENT,41
GS,Financials,changeInPayables,DATA_ABSENT,41
GS,Financials,premiumsEarned,SECTOR_NA,41
GS,Financials,claimsIncurred,SECTOR_NA,41
GS,Financials,rentalIncome,SECTOR_NA,41
GS,Financials,explorationExpense,SECTOR_NA,41
GWW,Industrials,interestIncomeBank,SECTOR_NA,40
GWW,Industrials,netInterestIncome,SECTOR_NA,40
GWW,Industrials,noninterestExpense,SECTOR_NA,40
GWW,Industrials,premiumsEarned,SECTOR_NA,40
GWW,Industrials,claimsIncurred,SECTOR_NA,40
GWW,Industrials,rentalIncome,SECTOR_NA,40
GWW,Industrials,explorationExpense,SECTOR_NA,40
HAL,Energy,grossProfit,PRESENTATION_CHANGED,44
HAL,Energy,grossMargins,PRESENTATION_CHANGED,44
HAL,Energy,costOfRevenue,PRESENTATION_CHANGED,44
HAL,Energy,interestIncomeBank,SECTOR_NA,44
HAL,Energy,netInterestIncome,SECTOR_NA,44
HAL,Energy,noninterestExpense,SECTOR_NA,44
HAL,Energy,premiumsEarned,SECTOR_NA,44
HAL,Energy,claimsIncurred,SECTOR_NA,44
HAL,Energy,rentalIncome,SECTOR_NA,44
HAL,Energy,explorationExpense,DATA_ABSENT,44
HAS,Consumer Discretionary,interestIncomeBank,SECTOR_NA,40
HAS,Consumer Discretionary,netInterestIncome,SECTOR_NA,40
HAS,Consumer Discretionary,noninterestExpense,SECTOR_NA,40
HAS,Consumer Discretionary,premiumsEarned,SECTOR_NA,40
HAS,Consumer Discretionary,claimsIncurred,SECTOR_NA,40
HAS,Consumer Discretionary,rentalIncome,SECTOR_NA,40
HAS,Consumer Discretionary,explorationExpense,SECTOR_NA,40
HBAN,Financials,grossProfit,NO_COGS_STRUCTURAL,39
HBAN,Financials,grossMargins,NO_COGS_STRUCTURAL,39
HBAN,Financials,costOfRevenue,NO_COGS_STRUCTURAL,39
HBAN,Financials,operatingMargins,NO_COGS_STRUCTURAL,39
HBAN,Financials,ebitda,NO_COGS_STRUCTURAL,39
HBAN,Financials,currentAssets,UNCLASSIFIED_BALANCE_SHEET,39
HBAN,Financials,currentLiabilities,UNCLASSIFIED_BALANCE_SHEET,39
HBAN,Financials,changeInInventory,DATA_ABSENT,39
HBAN,Financials,changeInReceivables,DATA_ABSENT,39
HBAN,Financials,changeInPayables,DATA_ABSENT,39
HBAN,Financials,premiumsEarned,SECTOR_NA,39
HBAN,Financials,claimsIncurred,SECTOR_NA,39
HBAN,Financials,rentalIncome,SECTOR_NA,39
HBAN,Financials,explorationExpense,SECTOR_NA,39
HCA,Health Care,grossProfit,NO_COGS_SERVICES,46
HCA,Health Care,grossMargins,NO_COGS_SERVICES,46
HCA,Health Care,costOfRevenue,NO_COGS_SERVICES,46
HCA,Health Care,operatingMargins,NO_COGS_SERVICES,46
HCA,Health Care,ebitda,NO_COGS_SERVICES,46
HCA,Health Care,returnOnEquity,NEG_OR_ZERO_EQUITY,46
HCA,Health Care,goodwill,PRESENTATION_CHANGED,46
HCA,Health Care,changeInInventory,DATA_ABSENT,46
HCA,Health Care,interestIncomeBank,SECTOR_NA,46
HCA,Health Care,netInterestIncome,SECTOR_NA,46
HCA,Health Care,noninterestExpense,SECTOR_NA,46
HCA,Health Care,premiumsEarned,SECTOR_NA,46
HCA,Health Care,claimsIncurred,SECTOR_NA,46
HCA,Health Care,rentalIncome,SECTOR_NA,46
HCA,Health Care,explorationExpense,SECTOR_NA,46
HD,Consumer Discretionary,changeInInventory,DATA_ABSENT,43
HD,Consumer Discretionary,interestIncomeBank,SECTOR_NA,43
HD,Consumer Discretionary,netInterestIncome,SECTOR_NA,43
HD,Consumer Discretionary,noninterestExpense,SECTOR_NA,43
HD,Consumer Discretionary,premiumsEarned,SECTOR_NA,43
HD,Consumer Discretionary,claimsIncurred,SECTOR_NA,43
HD,Consumer Discretionary,rentalIncome,SECTOR_NA,43
HD,Consumer Discretionary,explorationExpense,SECTOR_NA,43
HIG,Financials,grossProfit,NO_COGS_STRUCTURAL,51
HIG,Financials,grossMargins,NO_COGS_STRUCTURAL,51
HIG,Financials,costOfRevenue,NO_COGS_STRUCTURAL,51
HIG,Financials,operatingMargins,PRESENTATION_CHANGED,51
HIG,Financials,ebitda,PRESENTATION_CHANGED,51
HIG,Financials,shortTermDebt,COVERED_BY_TOTALDEBT,51
HIG,Financials,currentAssets,UNCLASSIFIED_BALANCE_SHEET,51
HIG,Financials,currentLiabilities,UNCLASSIFIED_BALANCE_SHEET,51
HIG,Financials,changeInInventory,DATA_ABSENT,51
HIG,Financials,changeInReceivables,PRESENTATION_CHANGED,51
HIG,Financials,changeInPayables,PRESENTATION_CHANGED,51
HIG,Financials,interestIncomeBank,SECTOR_NA,51
HIG,Financials,netInterestIncome,SECTOR_NA,51
HIG,Financials,noninterestExpense,SECTOR_NA,51
HIG,Financials,rentalIncome,SECTOR_NA,51
HIG,Financials,explorationExpense,SECTOR_NA,51
HII,Industrials,grossProfit,PRESENTATION_CHANGED,44
HII,Industrials,grossMargins,PRESENTATION_CHANGED,44
HII,Industrials,costOfRevenue,PRESENTATION_CHANGED,44
HII,Industrials,shortTermDebt,COVERED_BY_TOTALDEBT,44
HII,Industrials,changeInInventory,PRESENTATION_CHANGED,44
HII,Industrials,interestIncomeBank,SECTOR_NA,44
HII,Industrials,netInterestIncome,SECTOR_NA,44
HII,Industrials,noninterestExpense,SECTOR_NA,44
HII,Industrials,premiumsEarned,SECTOR_NA,44
HII,Industrials,claimsIncurred,SECTOR_NA,44
HII,Industrials,rentalIncome,SECTOR_NA,44
HII,Industrials,explorationExpense,SECTOR_NA,44
HLT,Consumer Discretionary,grossProfit,NO_COGS_SERVICES,38
HLT,Consumer Discretionary,grossMargins,NO_COGS_SERVICES,38
HLT,Consumer Discretionary,costOfRevenue,NO_COGS_SERVICES,38
HLT,Consumer Discretionary,returnOnEquity,NEG_OR_ZERO_EQUITY,38
HLT,Consumer Discretionary,shortTermDebt,COVERED_BY_TOTALDEBT,38
HLT,Consumer Discretionary,changeInInventory,PRESENTATION_CHANGED,38
HLT,Consumer Discretionary,changeInPayables,PRESENTATION_CHANGED,38
HLT,Consumer Discretionary,interestIncomeBank,SECTOR_NA,38
HLT,Consumer Discretionary,netInterestIncome,SECTOR_NA,38
HLT,Consumer Discretionary,noninterestExpense,SECTOR_NA,38
HLT,Consumer Discretionary,premiumsEarned,SECTOR_NA,38
HLT,Consumer Discretionary,claimsIncurred,SECTOR_NA,38
HLT,Consumer Discretionary,rentalIncome,SECTOR_NA,38
HLT,Consumer Discretionary,explorationExpense,SECTOR_NA,38
HON,Industrials,interestIncomeBank,SECTOR_NA,37
HON,Industrials,netInterestIncome,SECTOR_NA,37
HON,Industrials,noninterestExpense,SECTOR_NA,37
HON,Industrials,premiumsEarned,SECTOR_NA,37
HON,Industrials,claimsIncurred,SECTOR_NA,37
HON,Industrials,rentalIncome,SECTOR_NA,37
HON,Industrials,explorationExpense,SECTOR_NA,37
HOOD,Financials,grossProfit,NO_COGS_STRUCTURAL,17
HOOD,Financials,grossMargins,NO_COGS_STRUCTURAL,17
HOOD,Financials,costOfRevenue,NO_COGS_STRUCTURAL,17
HOOD,Financials,operatingMargins,NO_COGS_STRUCTURAL,17
HOOD,Financials,ebitda,NO_COGS_STRUCTURAL,17
HOOD,Financials,longTermDebt,DEBT_FREE_OR_NOTAG,17
HOOD,Financials,shortTermDebt,DEBT_FREE_OR_NOTAG,17
HOOD,Financials,changeInInventory,DATA_ABSENT,17
HOOD,Financials,interestIncomeBank,SECTOR_NA,17
HOOD,Financials,noninterestExpense,SECTOR_NA,17
HOOD,Financials,premiumsEarned,SECTOR_NA,17
HOOD,Financials,claimsIncurred,SECTOR_NA,17
HOOD,Financials,rentalIncome,SECTOR_NA,17
HOOD,Financials,explorationExpense,SECTOR_NA,17
HPE,Information Technology,grossProfit,PRESENTATION_CHANGED,32
HPE,Information Technology,grossMargins,PRESENTATION_CHANGED,32
HPE,Information Technology,costOfRevenue,PRESENTATION_CHANGED,32
HPE,Information Technology,interestIncomeBank,SECTOR_NA,32
HPE,Information Technology,netInterestIncome,SECTOR_NA,32
HPE,Information Technology,noninterestExpense,SECTOR_NA,32
HPE,Information Technology,premiumsEarned,SECTOR_NA,32
HPE,Information Technology,claimsIncurred,SECTOR_NA,32
HPE,Information Technology,explorationExpense,SECTOR_NA,32
HPQ,Information Technology,returnOnEquity,NEG_OR_ZERO_EQUITY,47
HPQ,Information Technology,interestIncomeBank,SECTOR_NA,47
HPQ,Information Technology,netInterestIncome,SECTOR_NA,47
HPQ,Information Technology,noninterestExpense,SECTOR_NA,47
HPQ,Information Technology,premiumsEarned,SECTOR_NA,47
HPQ,Information Technology,claimsIncurred,SECTOR_NA,47
HPQ,Information Technology,rentalIncome,SECTOR_NA,47
HPQ,Information Technology,explorationExpense,SECTOR_NA,47
HRL,Consumer Staples,interestIncomeBank,SECTOR_NA,45
HRL,Consumer Staples,netInterestIncome,SECTOR_NA,45
HRL,Consumer Staples,noninterestExpense,SECTOR_NA,45
HRL,Consumer Staples,premiumsEarned,SECTOR_NA,45
HRL,Consumer Staples,claimsIncurred,SECTOR_NA,45
HRL,Consumer Staples,rentalIncome,SECTOR_NA,45
HRL,Consumer Staples,explorationExpense,SECTOR_NA,45
HSIC,Health Care,interestIncomeBank,SECTOR_NA,40
HSIC,Health Care,netInterestIncome,SECTOR_NA,40
HSIC,Health Care,noninterestExpense,SECTOR_NA,40
HSIC,Health Care,premiumsEarned,SECTOR_NA,40
HSIC,Health Care,claimsIncurred,SECTOR_NA,40
HSIC,Health Care,rentalIncome,SECTOR_NA,40
HSIC,Health Care,explorationExpense,SECTOR_NA,40
HST,Real Estate,grossProfit,NO_COGS_STRUCTURAL,47
HST,Real Estate,grossMargins,NO_COGS_STRUCTURAL,47
HST,Real Estate,costOfRevenue,NO_COGS_STRUCTURAL,47
HST,Real Estate,shortTermDebt,DEBT_FREE_OR_NOTAG,47
HST,Real Estate,currentAssets,UNCLASSIFIED_BALANCE_SHEET,47
HST,Real Estate,currentLiabilities,UNCLASSIFIED_BALANCE_SHEET,47
HST,Real Estate,goodwill,NO_GOODWILL,47
HST,Real Estate,changeInInventory,DATA_ABSENT,47
HST,Real Estate,changeInReceivables,DATA_ABSENT,47
HST,Real Estate,changeInPayables,DATA_ABSENT,47
HST,Real Estate,interestIncomeBank,SECTOR_NA,47
HST,Real Estate,netInterestIncome,SECTOR_NA,47
HST,Real Estate,noninterestExpense,SECTOR_NA,47
HST,Real Estate,premiumsEarned,SECTOR_NA,47
HST,Real Estate,claimsIncurred,SECTOR_NA,47
HST,Real Estate,rentalIncome,PRESENTATION_CHANGED,47
HST,Real Estate,explorationExpense,SECTOR_NA,47
HSY,Consumer Staples,interestIncomeBank,SECTOR_NA,45
HSY,Consumer Staples,netInterestIncome,SECTOR_NA,45
HSY,Consumer Staples,noninterestExpense,SECTOR_NA,45
HSY,Consumer Staples,premiumsEarned,SECTOR_NA,45
HSY,Consumer Staples,claimsIncurred,SECTOR_NA,45
HSY,Consumer Staples,rentalIncome,SECTOR_NA,45
HSY,Consumer Staples,explorationExpense,SECTOR_NA,45
HUBB,Industrials,interestIncomeBank,SECTOR_NA,41
HUBB,Industrials,netInterestIncome,SECTOR_NA,41
HUBB,Industrials,noninterestExpense,SECTOR_NA,41
HUBB,Industrials,premiumsEarned,SECTOR_NA,41
HUBB,Industrials,claimsIncurred,SECTOR_NA,41
HUBB,Industrials,rentalIncome,SECTOR_NA,41
HUBB,Industrials,explorationExpense,SECTOR_NA,41
HUM,Health Care,grossProfit,NO_COGS_SERVICES,41
HUM,Health Care,grossMargins,NO_COGS_SERVICES,41
HUM,Health Care,costOfRevenue,NO_COGS_SERVICES,41
HUM,Health Care,changeInInventory,DATA_ABSENT,41
HUM,Health Care,changeInPayables,DATA_ABSENT,41
HUM,Health Care,interestIncomeBank,SECTOR_NA,41
HUM,Health Care,netInterestIncome,SECTOR_NA,41
HUM,Health Care,noninterestExpense,SECTOR_NA,41
HUM,Health Care,rentalIncome,SECTOR_NA,41
HUM,Health Care,explorationExpense,SECTOR_NA,41
HWM,Industrials,interestIncomeBank,SECTOR_NA,45
HWM,Industrials,netInterestIncome,SECTOR_NA,45
HWM,Industrials,noninterestExpense,SECTOR_NA,45
HWM,Industrials,premiumsEarned,SECTOR_NA,45
HWM,Industrials,claimsIncurred,SECTOR_NA,45
HWM,Industrials,rentalIncome,SECTOR_NA,45
HWM,Industrials,explorationExpense,SECTOR_NA,45
IBKR,Financials,grossProfit,NO_COGS_STRUCTURAL,46
IBKR,Financials,grossMargins,NO_COGS_STRUCTURAL,46
IBKR,Financials,costOfRevenue,NO_COGS_STRUCTURAL,46
IBKR,Financials,operatingMargins,NO_COGS_STRUCTURAL,46
IBKR,Financials,ebitda,NO_COGS_STRUCTURAL,46
IBKR,Financials,longTermDebt,COVERED_BY_TOTALDEBT,46
IBKR,Financials,currentAssets,UNCLASSIFIED_BALANCE_SHEET,46
IBKR,Financials,currentLiabilities,UNCLASSIFIED_BALANCE_SHEET,46
IBKR,Financials,goodwill,NO_GOODWILL,46
IBKR,Financials,changeInInventory,DATA_ABSENT,46
IBKR,Financials,changeInReceivables,DATA_ABSENT,46
IBKR,Financials,changeInPayables,DATA_ABSENT,46
IBKR,Financials,interestIncomeBank,SECTOR_NA,46
IBKR,Financials,premiumsEarned,SECTOR_NA,46
IBKR,Financials,claimsIncurred,SECTOR_NA,46
IBKR,Financials,rentalIncome,SECTOR_NA,46
IBKR,Financials,explorationExpense,SECTOR_NA,46
IBM,Information Technology,interestIncomeBank,SECTOR_NA,49
IBM,Information Technology,netInterestIncome,SECTOR_NA,49
IBM,Information Technology,noninterestExpense,SECTOR_NA,49
IBM,Information Technology,premiumsEarned,SECTOR_NA,49
IBM,Information Technology,claimsIncurred,SECTOR_NA,49
IBM,Information Technology,explorationExpense,SECTOR_NA,49
ICE,Financials,grossProfit,PRESENTATION_CHANGED,38
ICE,Financials,grossMargins,PRESENTATION_CHANGED,38
ICE,Financials,costOfRevenue,PRESENTATION_CHANGED,38
ICE,Financials,changeInInventory,DATA_ABSENT,38
ICE,Financials,interestIncomeBank,SECTOR_NA,38
ICE,Financials,netInterestIncome,SECTOR_NA,38
ICE,Financials,noninterestExpense,SECTOR_NA,38
ICE,Financials,premiumsEarned,SECTOR_NA,38
ICE,Financials,claimsIncurred,SECTOR_NA,38
ICE,Financials,rentalIncome,SECTOR_NA,38
ICE,Financials,explorationExpense,SECTOR_NA,38
IDXX,Health Care,interestIncomeBank,SECTOR_NA,48
IDXX,Health Care,netInterestIncome,SECTOR_NA,48
IDXX,Health Care,noninterestExpense,SECTOR_NA,48
IDXX,Health Care,premiumsEarned,SECTOR_NA,48
IDXX,Health Care,claimsIncurred,SECTOR_NA,48
IDXX,Health Care,explorationExpense,SECTOR_NA,48
IEX,Industrials,interestIncomeBank,SECTOR_NA,42
IEX,Industrials,netInterestIncome,SECTOR_NA,42
IEX,Industrials,noninterestExpense,SECTOR_NA,42
IEX,Industrials,premiumsEarned,SECTOR_NA,42
IEX,Industrials,claimsIncurred,SECTOR_NA,42
IEX,Industrials,rentalIncome,SECTOR_NA,42
IEX,Industrials,explorationExpense,SECTOR_NA,42
IFF,Materials,interestIncomeBank,SECTOR_NA,46
IFF,Materials,netInterestIncome,SECTOR_NA,46
IFF,Materials,noninterestExpense,SECTOR_NA,46
IFF,Materials,premiumsEarned,SECTOR_NA,46
IFF,Materials,claimsIncurred,SECTOR_NA,46
IFF,Materials,rentalIncome,SECTOR_NA,46
IFF,Materials,explorationExpense,SECTOR_NA,46
INCY,Health Care,longTermDebt,PRESENTATION_CHANGED,47
INCY,Health Care,shortTermDebt,PRESENTATION_CHANGED,47
INCY,Health Care,interestIncomeBank,SECTOR_NA,47
INCY,Health Care,netInterestIncome,SECTOR_NA,47
INCY,Health Care,noninterestExpense,SECTOR_NA,47
INCY,Health Care,premiumsEarned,SECTOR_NA,47
INCY,Health Care,claimsIncurred,SECTOR_NA,47
INCY,Health Care,rentalIncome,SECTOR_NA,47
INCY,Health Care,explorationExpense,SECTOR_NA,47
INTC,Information Technology,interestIncomeBank,SECTOR_NA,42
INTC,Information Technology,netInterestIncome,SECTOR_NA,42
INTC,Information Technology,noninterestExpense,SECTOR_NA,42
INTC,Information Technology,premiumsEarned,SECTOR_NA,42
INTC,Information Technology,claimsIncurred,SECTOR_NA,42
INTC,Information Technology,rentalIncome,SECTOR_NA,42
INTC,Information Technology,explorationExpense,SECTOR_NA,42
INTU,Information Technology,grossProfit,PRESENTATION_CHANGED,45
INTU,Information Technology,grossMargins,PRESENTATION_CHANGED,45
INTU,Information Technology,costOfRevenue,PRESENTATION_CHANGED,45
INTU,Information Technology,changeInInventory,DATA_ABSENT,45
INTU,Information Technology,interestIncomeBank,SECTOR_NA,45
INTU,Information Technology,netInterestIncome,SECTOR_NA,45
INTU,Information Technology,noninterestExpense,SECTOR_NA,45
INTU,Information Technology,premiumsEarned,SECTOR_NA,45
INTU,Information Technology,claimsIncurred,SECTOR_NA,45
INTU,Information Technology,rentalIncome,SECTOR_NA,45
INTU,Information Technology,explorationExpense,SECTOR_NA,45
INVH,Real Estate,grossProfit,NO_COGS_STRUCTURAL,32
INVH,Real Estate,grossMargins,NO_COGS_STRUCTURAL,32
INVH,Real Estate,costOfRevenue,NO_COGS_STRUCTURAL,32
INVH,Real Estate,operatingMargins,PRESENTATION_CHANGED,32
INVH,Real Estate,ebitda,PRESENTATION_CHANGED,32
INVH,Real Estate,shortTermDebt,DEBT_FREE_OR_NOTAG,32
INVH,Real Estate,currentAssets,UNCLASSIFIED_BALANCE_SHEET,32
INVH,Real Estate,currentLiabilities,UNCLASSIFIED_BALANCE_SHEET,32
INVH,Real Estate,changeInInventory,DATA_ABSENT,32
INVH,Real Estate,changeInReceivables,DATA_ABSENT,32
INVH,Real Estate,interestIncomeBank,SECTOR_NA,32
INVH,Real Estate,netInterestIncome,SECTOR_NA,32
INVH,Real Estate,noninterestExpense,SECTOR_NA,32
INVH,Real Estate,premiumsEarned,SECTOR_NA,32
INVH,Real Estate,claimsIncurred,SECTOR_NA,32
INVH,Real Estate,explorationExpense,SECTOR_NA,32
IP,Materials,changeInReceivables,DATA_ABSENT,39
IP,Materials,interestIncomeBank,SECTOR_NA,39
IP,Materials,noninterestExpense,SECTOR_NA,39
IP,Materials,premiumsEarned,SECTOR_NA,39
IP,Materials,claimsIncurred,SECTOR_NA,39
IP,Materials,rentalIncome,SECTOR_NA,39
IP,Materials,explorationExpense,SECTOR_NA,39
IQV,Health Care,changeInInventory,DATA_ABSENT,44
IQV,Health Care,interestIncomeBank,SECTOR_NA,44
IQV,Health Care,netInterestIncome,SECTOR_NA,44
IQV,Health Care,noninterestExpense,SECTOR_NA,44
IQV,Health Care,premiumsEarned,SECTOR_NA,44
IQV,Health Care,claimsIncurred,SECTOR_NA,44
IQV,Health Care,rentalIncome,SECTOR_NA,44
IQV,Health Care,explorationExpense,SECTOR_NA,44
IR,Industrials,interestIncomeBank,SECTOR_NA,26
IR,Industrials,netInterestIncome,SECTOR_NA,26
IR,Industrials,noninterestExpense,SECTOR_NA,26
IR,Industrials,premiumsEarned,SECTOR_NA,26
IR,Industrials,claimsIncurred,SECTOR_NA,26
IR,Industrials,rentalIncome,SECTOR_NA,26
IR,Industrials,explorationExpense,SECTOR_NA,26
IRM,Real Estate,returnOnEquity,NEG_OR_ZERO_EQUITY,44
IRM,Real Estate,changeInInventory,DATA_ABSENT,44
IRM,Real Estate,changeInReceivables,PRESENTATION_CHANGED,44
IRM,Real Estate,changeInPayables,PRESENTATION_CHANGED,44
IRM,Real Estate,interestIncomeBank,SECTOR_NA,44
IRM,Real Estate,netInterestIncome,SECTOR_NA,44
IRM,Real Estate,noninterestExpense,SECTOR_NA,44
IRM,Real Estate,premiumsEarned,SECTOR_NA,44
IRM,Real Estate,claimsIncurred,SECTOR_NA,44
IRM,Real Estate,rentalIncome,PRESENTATION_CHANGED,44
IRM,Real Estate,explorationExpense,SECTOR_NA,44
ISRG,Health Care,longTermDebt,DEBT_FREE_OR_NOTAG,47
ISRG,Health Care,shortTermDebt,DEBT_FREE_OR_NOTAG,47
ISRG,Health Care,interestIncomeBank,SECTOR_NA,47
ISRG,Health Care,netInterestIncome,SECTOR_NA,47
ISRG,Health Care,noninterestExpense,SECTOR_NA,47
ISRG,Health Care,premiumsEarned,SECTOR_NA,47
ISRG,Health Care,claimsIncurred,SECTOR_NA,47
ISRG,Health Care,explorationExpense,SECTOR_NA,47
IT,Information Technology,changeInInventory,DATA_ABSENT,45
IT,Information Technology,interestIncomeBank,SECTOR_NA,45
IT,Information Technology,netInterestIncome,SECTOR_NA,45
IT,Information Technology,noninterestExpense,SECTOR_NA,45
IT,Information Technology,premiumsEarned,SECTOR_NA,45
IT,Information Technology,claimsIncurred,SECTOR_NA,45
IT,Information Technology,rentalIncome,SECTOR_NA,45
IT,Information Technology,explorationExpense,SECTOR_NA,45
ITW,Industrials,interestIncomeBank,SECTOR_NA,46
ITW,Industrials,netInterestIncome,SECTOR_NA,46
ITW,Industrials,noninterestExpense,SECTOR_NA,46
ITW,Industrials,premiumsEarned,SECTOR_NA,46
ITW,Industrials,claimsIncurred,SECTOR_NA,46
ITW,Industrials,rentalIncome,SECTOR_NA,46
ITW,Industrials,explorationExpense,SECTOR_NA,46
IVZ,Financials,grossProfit,NO_COGS_STRUCTURAL,44
IVZ,Financials,grossMargins,NO_COGS_STRUCTURAL,44
IVZ,Financials,costOfRevenue,NO_COGS_STRUCTURAL,44
IVZ,Financials,shortTermDebt,COVERED_BY_TOTALDEBT,44
IVZ,Financials,currentAssets,UNCLASSIFIED_BALANCE_SHEET,44
IVZ,Financials,currentLiabilities,UNCLASSIFIED_BALANCE_SHEET,44
IVZ,Financials,changeInInventory,DATA_ABSENT,44
IVZ,Financials,changeInReceivables,EXTRACTION,44
IVZ,Financials,changeInPayables,EXTRACTION,44
IVZ,Financials,interestIncomeBank,SECTOR_NA,44
IVZ,Financials,netInterestIncome,SECTOR_NA,44
IVZ,Financials,noninterestExpense,SECTOR_NA,44
IVZ,Financials,premiumsEarned,SECTOR_NA,44
IVZ,Financials,claimsIncurred,SECTOR_NA,44
IVZ,Financials,rentalIncome,SECTOR_NA,44
IVZ,Financials,explorationExpense,SECTOR_NA,44
J,Industrials,changeInInventory,DATA_ABSENT,45
J,Industrials,interestIncomeBank,SECTOR_NA,45
J,Industrials,netInterestIncome,SECTOR_NA,45
J,Industrials,noninterestExpense,SECTOR_NA,45
J,Industrials,premiumsEarned,SECTOR_NA,45
J,Industrials,claimsIncurred,SECTOR_NA,45
J,Industrials,rentalIncome,SECTOR_NA,45
J,Industrials,explorationExpense,SECTOR_NA,45
JBHT,Industrials,grossProfit,NO_COGS_SERVICES,42
JBHT,Industrials,grossMargins,NO_COGS_SERVICES,42
JBHT,Industrials,costOfRevenue,NO_COGS_SERVICES,42
JBHT,Industrials,goodwill,EXTRACTION,42
JBHT,Industrials,changeInInventory,DATA_ABSENT,42
JBHT,Industrials,interestIncomeBank,SECTOR_NA,42
JBHT,Industrials,netInterestIncome,SECTOR_NA,42
JBHT,Industrials,noninterestExpense,SECTOR_NA,42
JBHT,Industrials,premiumsEarned,SECTOR_NA,42
JBHT,Industrials,claimsIncurred,SECTOR_NA,42
JBHT,Industrials,rentalIncome,SECTOR_NA,42
JBHT,Industrials,explorationExpense,SECTOR_NA,42
JBL,Information Technology,interestIncomeBank,SECTOR_NA,52
JBL,Information Technology,netInterestIncome,SECTOR_NA,52
JBL,Information Technology,noninterestExpense,SECTOR_NA,52
JBL,Information Technology,premiumsEarned,SECTOR_NA,52
JBL,Information Technology,claimsIncurred,SECTOR_NA,52
JBL,Information Technology,rentalIncome,SECTOR_NA,52
JBL,Information Technology,explorationExpense,SECTOR_NA,52
JCI,Industrials,interestIncomeBank,SECTOR_NA,45
JCI,Industrials,netInterestIncome,SECTOR_NA,45
JCI,Industrials,noninterestExpense,SECTOR_NA,45
JCI,Industrials,premiumsEarned,SECTOR_NA,45
JCI,Industrials,claimsIncurred,SECTOR_NA,45
JCI,Industrials,rentalIncome,SECTOR_NA,45
JCI,Industrials,explorationExpense,SECTOR_NA,45
JKHY,Financials,shortTermDebt,COVERED_BY_TOTALDEBT,45
JKHY,Financials,changeInInventory,DATA_ABSENT,45
JKHY,Financials,interestIncomeBank,SECTOR_NA,45
JKHY,Financials,noninterestExpense,SECTOR_NA,45
JKHY,Financials,premiumsEarned,SECTOR_NA,45
JKHY,Financials,claimsIncurred,SECTOR_NA,45
JKHY,Financials,rentalIncome,SECTOR_NA,45
JKHY,Financials,explorationExpense,SECTOR_NA,45
JNJ,Health Care,interestIncomeBank,SECTOR_NA,45
JNJ,Health Care,netInterestIncome,SECTOR_NA,45
JNJ,Health Care,noninterestExpense,SECTOR_NA,45
JNJ,Health Care,premiumsEarned,SECTOR_NA,45
JNJ,Health Care,claimsIncurred,SECTOR_NA,45
JNJ,Health Care,rentalIncome,SECTOR_NA,45
JNJ,Health Care,explorationExpense,SECTOR_NA,45
JPM,Financials,grossProfit,NO_COGS_STRUCTURAL,40
JPM,Financials,grossMargins,NO_COGS_STRUCTURAL,40
JPM,Financials,costOfRevenue,NO_COGS_STRUCTURAL,40
JPM,Financials,operatingMargins,NO_COGS_STRUCTURAL,40
JPM,Financials,ebitda,NO_COGS_STRUCTURAL,40
JPM,Financials,longTermDebt,COVERED_BY_TOTALDEBT,40
JPM,Financials,currentAssets,UNCLASSIFIED_BALANCE_SHEET,40
JPM,Financials,currentLiabilities,UNCLASSIFIED_BALANCE_SHEET,40
JPM,Financials,changeInInventory,DATA_ABSENT,40
JPM,Financials,changeInReceivables,DATA_ABSENT,40
JPM,Financials,changeInPayables,DATA_ABSENT,40
JPM,Financials,interestIncomeBank,EXTRACTION,40
JPM,Financials,premiumsEarned,SECTOR_NA,40
JPM,Financials,claimsIncurred,SECTOR_NA,40
JPM,Financials,explorationExpense,SECTOR_NA,40
KDP,Consumer Staples,changeInPayables,PRESENTATION_CHANGED,46
KDP,Consumer Staples,interestIncomeBank,SECTOR_NA,46
KDP,Consumer Staples,netInterestIncome,SECTOR_NA,46
KDP,Consumer Staples,noninterestExpense,SECTOR_NA,46
KDP,Consumer Staples,premiumsEarned,SECTOR_NA,46
KDP,Consumer Staples,claimsIncurred,SECTOR_NA,46
KDP,Consumer Staples,rentalIncome,SECTOR_NA,46
KDP,Consumer Staples,explorationExpense,SECTOR_NA,46
KEY,Financials,grossProfit,NO_COGS_STRUCTURAL,48
KEY,Financials,grossMargins,NO_COGS_STRUCTURAL,48
KEY,Financials,costOfRevenue,NO_COGS_STRUCTURAL,48
KEY,Financials,operatingMargins,NO_COGS_STRUCTURAL,48
KEY,Financials,ebitda,NO_COGS_STRUCTURAL,48
KEY,Financials,shortTermDebt,COVERED_BY_TOTALDEBT,48
KEY,Financials,currentAssets,UNCLASSIFIED_BALANCE_SHEET,48
KEY,Financials,currentLiabilities,UNCLASSIFIED_BALANCE_SHEET,48
KEY,Financials,changeInInventory,DATA_ABSENT,48
KEY,Financials,changeInReceivables,DATA_ABSENT,48
KEY,Financials,changeInPayables,DATA_ABSENT,48
KEY,Financials,premiumsEarned,SECTOR_NA,48
KEY,Financials,claimsIncurred,SECTOR_NA,48
KEY,Financials,explorationExpense,SECTOR_NA,48
KEYS,Information Technology,shortTermDebt,COVERED_BY_TOTALDEBT,31
KEYS,Information Technology,interestIncomeBank,SECTOR_NA,31
KEYS,Information Technology,netInterestIncome,SECTOR_NA,31
KEYS,Information Technology,noninterestExpense,SECTOR_NA,31
KEYS,Information Technology,premiumsEarned,SECTOR_NA,31
KEYS,Information Technology,claimsIncurred,SECTOR_NA,31
KEYS,Information Technology,explorationExpense,SECTOR_NA,31
KHC,Consumer Staples,shortTermDebt,COVERED_BY_TOTALDEBT,27
KHC,Consumer Staples,interestIncomeBank,SECTOR_NA,27
KHC,Consumer Staples,netInterestIncome,SECTOR_NA,27
KHC,Consumer Staples,noninterestExpense,SECTOR_NA,27
KHC,Consumer Staples,premiumsEarned,SECTOR_NA,27
KHC,Consumer Staples,claimsIncurred,SECTOR_NA,27
KHC,Consumer Staples,rentalIncome,SECTOR_NA,27
KHC,Consumer Staples,explorationExpense,SECTOR_NA,27
KIM,Real Estate,grossProfit,NO_COGS_STRUCTURAL,45
KIM,Real Estate,grossMargins,NO_COGS_STRUCTURAL,45
KIM,Real Estate,costOfRevenue,NO_COGS_STRUCTURAL,45
KIM,Real Estate,shortTermDebt,DEBT_FREE_OR_NOTAG,45
KIM,Real Estate,currentAssets,UNCLASSIFIED_BALANCE_SHEET,45
KIM,Real Estate,currentLiabilities,UNCLASSIFIED_BALANCE_SHEET,45
KIM,Real Estate,goodwill,NO_GOODWILL,45
KIM,Real Estate,changeInInventory,DATA_ABSENT,45
KIM,Real Estate,changeInReceivables,EXTRACTION,45
KIM,Real Estate,interestIncomeBank,SECTOR_NA,45
KIM,Real Estate,netInterestIncome,SECTOR_NA,45
KIM,Real Estate,noninterestExpense,SECTOR_NA,45
KIM,Real Estate,premiumsEarned,SECTOR_NA,45
KIM,Real Estate,claimsIncurred,SECTOR_NA,45
KIM,Real Estate,explorationExpense,SECTOR_NA,45
KKR,Financials,grossProfit,NO_COGS_STRUCTURAL,42
KKR,Financials,grossMargins,NO_COGS_STRUCTURAL,42
KKR,Financials,costOfRevenue,NO_COGS_STRUCTURAL,42
KKR,Financials,operatingMargins,NO_COGS_STRUCTURAL,42
KKR,Financials,ebitda,NO_COGS_STRUCTURAL,42
KKR,Financials,longTermDebt,PRESENTATION_CHANGED,42
KKR,Financials,shortTermDebt,DEBT_FREE_OR_NOTAG,42
KKR,Financials,currentAssets,UNCLASSIFIED_BALANCE_SHEET,42
KKR,Financials,currentLiabilities,UNCLASSIFIED_BALANCE_SHEET,42
KKR,Financials,goodwill,PRESENTATION_CHANGED,42
KKR,Financials,changeInInventory,DATA_ABSENT,42
KKR,Financials,changeInReceivables,DATA_ABSENT,42
KKR,Financials,changeInPayables,DATA_ABSENT,42
KKR,Financials,interestIncomeBank,SECTOR_NA,42
KKR,Financials,netInterestIncome,SECTOR_NA,42
KKR,Financials,rentalIncome,SECTOR_NA,42
KKR,Financials,explorationExpense,SECTOR_NA,42
KLAC,Information Technology,interestIncomeBank,SECTOR_NA,43
KLAC,Information Technology,netInterestIncome,SECTOR_NA,43
KLAC,Information Technology,noninterestExpense,SECTOR_NA,43
KLAC,Information Technology,premiumsEarned,SECTOR_NA,43
KLAC,Information Technology,claimsIncurred,SECTOR_NA,43
KLAC,Information Technology,rentalIncome,SECTOR_NA,43
KLAC,Information Technology,explorationExpense,SECTOR_NA,43
KMB,Consumer Staples,interestIncomeBank,SECTOR_NA,41
KMB,Consumer Staples,netInterestIncome,SECTOR_NA,41
KMB,Consumer Staples,noninterestExpense,SECTOR_NA,41
KMB,Consumer Staples,premiumsEarned,SECTOR_NA,41
KMB,Consumer Staples,claimsIncurred,SECTOR_NA,41
KMB,Consumer Staples,rentalIncome,SECTOR_NA,41
KMB,Consumer Staples,explorationExpense,SECTOR_NA,41
KMI,Energy,interestIncomeBank,SECTOR_NA,53
KMI,Energy,netInterestIncome,SECTOR_NA,53
KMI,Energy,noninterestExpense,SECTOR_NA,53
KMI,Energy,premiumsEarned,SECTOR_NA,53
KMI,Energy,claimsIncurred,SECTOR_NA,53
KMI,Energy,explorationExpense,DATA_ABSENT,53
KO,Consumer Staples,interestIncomeBank,SECTOR_NA,49
KO,Consumer Staples,netInterestIncome,SECTOR_NA,49
KO,Consumer Staples,noninterestExpense,SECTOR_NA,49
KO,Consumer Staples,premiumsEarned,SECTOR_NA,49
KO,Consumer Staples,claimsIncurred,SECTOR_NA,49
KO,Consumer Staples,rentalIncome,SECTOR_NA,49
KO,Consumer Staples,explorationExpense,SECTOR_NA,49
KR,Consumer Staples,changeInInventory,DATA_ABSENT,48
KR,Consumer Staples,interestIncomeBank,SECTOR_NA,48
KR,Consumer Staples,netInterestIncome,SECTOR_NA,48
KR,Consumer Staples,noninterestExpense,SECTOR_NA,48
KR,Consumer Staples,premiumsEarned,SECTOR_NA,48
KR,Consumer Staples,claimsIncurred,SECTOR_NA,48
KR,Consumer Staples,rentalIncome,SECTOR_NA,48
KR,Consumer Staples,explorationExpense,SECTOR_NA,48
KVUE,Consumer Staples,longTermDebt,SPINOFF_REORG,11
KVUE,Consumer Staples,interestIncomeBank,SECTOR_NA,11
KVUE,Consumer Staples,netInterestIncome,SECTOR_NA,11
KVUE,Consumer Staples,noninterestExpense,SECTOR_NA,11
KVUE,Consumer Staples,premiumsEarned,SECTOR_NA,11
KVUE,Consumer Staples,claimsIncurred,SECTOR_NA,11
KVUE,Consumer Staples,rentalIncome,SECTOR_NA,11
KVUE,Consumer Staples,explorationExpense,SECTOR_NA,11
L,Financials,grossProfit,PRESENTATION_CHANGED,43
L,Financials,grossMargins,PRESENTATION_CHANGED,43
L,Financials,costOfRevenue,PRESENTATION_CHANGED,43
L,Financials,operatingMargins,PRESENTATION_CHANGED,43
L,Financials,ebitda,PRESENTATION_CHANGED,43
L,Financials,shortTermDebt,COVERED_BY_TOTALDEBT,43
L,Financials,currentAssets,UNCLASSIFIED_BALANCE_SHEET,43
L,Financials,currentLiabilities,UNCLASSIFIED_BALANCE_SHEET,43
L,Financials,changeInInventory,DATA_ABSENT,43
L,Financials,changeInPayables,DATA_ABSENT,43
L,Financials,interestIncomeBank,SECTOR_NA,43
L,Financials,netInterestIncome,SECTOR_NA,43
L,Financials,noninterestExpense,SECTOR_NA,43
L,Financials,rentalIncome,SECTOR_NA,43
L,Financials,explorationExpense,SECTOR_NA,43
LDOS,Industrials,changeInInventory,DATA_ABSENT,40
LDOS,Industrials,changeInPayables,PRESENTATION_CHANGED,40
LDOS,Industrials,interestIncomeBank,SECTOR_NA,40
LDOS,Industrials,noninterestExpense,SECTOR_NA,40
LDOS,Industrials,premiumsEarned,SECTOR_NA,40
LDOS,Industrials,claimsIncurred,SECTOR_NA,40
LDOS,Industrials,explorationExpense,SECTOR_NA,40
LEN,Consumer Discretionary,grossProfit,PRESENTATION_CHANGED,33
LEN,Consumer Discretionary,grossMargins,PRESENTATION_CHANGED,33
LEN,Consumer Discretionary,costOfRevenue,NO_COGS_SERVICES,33
LEN,Consumer Discretionary,operatingMargins,PRESENTATION_CHANGED,33
LEN,Consumer Discretionary,ebitda,PRESENTATION_CHANGED,33
LEN,Consumer Discretionary,longTermDebt,COVERED_BY_TOTALDEBT,33
LEN,Consumer Discretionary,shortTermDebt,DEBT_FREE_OR_NOTAG,33
LEN,Consumer Discretionary,currentAssets,DATA_ABSENT,33
LEN,Consumer Discretionary,currentLiabilities,DATA_ABSENT,33
LEN,Consumer Discretionary,goodwill,EXTRACTION,33
LEN,Consumer Discretionary,interestIncomeBank,SECTOR_NA,33
LEN,Consumer Discretionary,netInterestIncome,SECTOR_NA,33
LEN,Consumer Discretionary,noninterestExpense,SECTOR_NA,33
LEN,Consumer Discretionary,premiumsEarned,SECTOR_NA,33
LEN,Consumer Discretionary,claimsIncurred,SECTOR_NA,33
LEN,Consumer Discretionary,rentalIncome,SECTOR_NA,33
LEN,Consumer Discretionary,explorationExpense,SECTOR_NA,33
LH,Health Care,interestIncomeBank,SECTOR_NA,46
LH,Health Care,netInterestIncome,SECTOR_NA,46
LH,Health Care,noninterestExpense,SECTOR_NA,46
LH,Health Care,premiumsEarned,SECTOR_NA,46
LH,Health Care,claimsIncurred,SECTOR_NA,46
LH,Health Care,rentalIncome,SECTOR_NA,46
LH,Health Care,explorationExpense,SECTOR_NA,46
LHX,Industrials,interestIncomeBank,SECTOR_NA,48
LHX,Industrials,netInterestIncome,SECTOR_NA,48
LHX,Industrials,noninterestExpense,SECTOR_NA,48
LHX,Industrials,premiumsEarned,SECTOR_NA,48
LHX,Industrials,claimsIncurred,SECTOR_NA,48
LHX,Industrials,rentalIncome,SECTOR_NA,48
LHX,Industrials,explorationExpense,SECTOR_NA,48
LII,Industrials,changeInReceivables,DATA_ABSENT,48
LII,Industrials,interestIncomeBank,SECTOR_NA,48
LII,Industrials,netInterestIncome,SECTOR_NA,48
LII,Industrials,noninterestExpense,SECTOR_NA,48
LII,Industrials,premiumsEarned,SECTOR_NA,48
LII,Industrials,claimsIncurred,SECTOR_NA,48
LII,Industrials,rentalIncome,SECTOR_NA,48
LII,Industrials,explorationExpense,SECTOR_NA,48
LIN,Materials,interestIncomeBank,SECTOR_NA,24
LIN,Materials,noninterestExpense,SECTOR_NA,24
LIN,Materials,premiumsEarned,SECTOR_NA,24
LIN,Materials,claimsIncurred,SECTOR_NA,24
LIN,Materials,rentalIncome,SECTOR_NA,24
LIN,Materials,explorationExpense,SECTOR_NA,24
LITE,Information Technology,interestIncomeBank,SECTOR_NA,30
LITE,Information Technology,netInterestIncome,SECTOR_NA,30
LITE,Information Technology,noninterestExpense,SECTOR_NA,30
LITE,Information Technology,premiumsEarned,SECTOR_NA,30
LITE,Information Technology,claimsIncurred,SECTOR_NA,30
LITE,Information Technology,rentalIncome,SECTOR_NA,30
LITE,Information Technology,explorationExpense,SECTOR_NA,30
LLY,Health Care,interestIncomeBank,SECTOR_NA,46
LLY,Health Care,netInterestIncome,SECTOR_NA,46
LLY,Health Care,noninterestExpense,SECTOR_NA,46
LLY,Health Care,premiumsEarned,SECTOR_NA,46
LLY,Health Care,claimsIncurred,SECTOR_NA,46
LLY,Health Care,rentalIncome,SECTOR_NA,46
LLY,Health Care,explorationExpense,SECTOR_NA,46
LMT,Industrials,interestIncomeBank,SECTOR_NA,49
LMT,Industrials,netInterestIncome,SECTOR_NA,49
LMT,Industrials,noninterestExpense,SECTOR_NA,49
LMT,Industrials,premiumsEarned,SECTOR_NA,49
LMT,Industrials,claimsIncurred,SECTOR_NA,49
LMT,Industrials,rentalIncome,SECTOR_NA,49
LMT,Industrials,explorationExpense,SECTOR_NA,49
LNT,Utilities,goodwill,NO_GOODWILL,43
LNT,Utilities,changeInInventory,DATA_ABSENT,43
LNT,Utilities,interestIncomeBank,SECTOR_NA,43
LNT,Utilities,netInterestIncome,SECTOR_NA,43
LNT,Utilities,noninterestExpense,SECTOR_NA,43
LNT,Utilities,premiumsEarned,SECTOR_NA,43
LNT,Utilities,claimsIncurred,SECTOR_NA,43
LNT,Utilities,rentalIncome,SECTOR_NA,43
LNT,Utilities,explorationExpense,SECTOR_NA,43
LOW,Consumer Discretionary,returnOnEquity,NEG_OR_ZERO_EQUITY,38
LOW,Consumer Discretionary,changeInReceivables,EXTRACTION,38
LOW,Consumer Discretionary,interestIncomeBank,SECTOR_NA,38
LOW,Consumer Discretionary,netInterestIncome,SECTOR_NA,38
LOW,Consumer Discretionary,noninterestExpense,SECTOR_NA,38
LOW,Consumer Discretionary,premiumsEarned,SECTOR_NA,38
LOW,Consumer Discretionary,claimsIncurred,SECTOR_NA,38
LOW,Consumer Discretionary,rentalIncome,SECTOR_NA,38
LOW,Consumer Discretionary,explorationExpense,SECTOR_NA,38
LRCX,Information Technology,interestIncomeBank,SECTOR_NA,51
LRCX,Information Technology,netInterestIncome,SECTOR_NA,51
LRCX,Information Technology,noninterestExpense,SECTOR_NA,51
LRCX,Information Technology,premiumsEarned,SECTOR_NA,51
LRCX,Information Technology,claimsIncurred,SECTOR_NA,51
LRCX,Information Technology,rentalIncome,SECTOR_NA,51
LRCX,Information Technology,explorationExpense,SECTOR_NA,51
LULU,Consumer Discretionary,longTermDebt,DEBT_FREE_OR_NOTAG,46
LULU,Consumer Discretionary,interestIncomeBank,SECTOR_NA,46
LULU,Consumer Discretionary,netInterestIncome,SECTOR_NA,46
LULU,Consumer Discretionary,noninterestExpense,SECTOR_NA,46
LULU,Consumer Discretionary,premiumsEarned,SECTOR_NA,46
LULU,Consumer Discretionary,claimsIncurred,SECTOR_NA,46
LULU,Consumer Discretionary,rentalIncome,SECTOR_NA,46
LULU,Consumer Discretionary,explorationExpense,SECTOR_NA,46
LUV,Industrials,grossProfit,NO_COGS_SERVICES,40
LUV,Industrials,grossMargins,NO_COGS_SERVICES,40
LUV,Industrials,costOfRevenue,NO_COGS_SERVICES,40
LUV,Industrials,shortTermDebt,COVERED_BY_TOTALDEBT,40
LUV,Industrials,changeInInventory,DATA_ABSENT,40
LUV,Industrials,interestIncomeBank,SECTOR_NA,40
LUV,Industrials,netInterestIncome,SECTOR_NA,40
LUV,Industrials,noninterestExpense,SECTOR_NA,40
LUV,Industrials,premiumsEarned,SECTOR_NA,40
LUV,Industrials,claimsIncurred,SECTOR_NA,40
LUV,Industrials,rentalIncome,SECTOR_NA,40
LUV,Industrials,explorationExpense,SECTOR_NA,40
LVS,Consumer Discretionary,grossProfit,NO_COGS_SERVICES,41
LVS,Consumer Discretionary,grossMargins,NO_COGS_SERVICES,41
LVS,Consumer Discretionary,costOfRevenue,NO_COGS_SERVICES,41
LVS,Consumer Discretionary,shortTermDebt,DEBT_FREE_OR_NOTAG,41
LVS,Consumer Discretionary,changeInInventory,PRESENTATION_CHANGED,41
LVS,Consumer Discretionary,interestIncomeBank,SECTOR_NA,41
LVS,Consumer Discretionary,netInterestIncome,SECTOR_NA,41
LVS,Consumer Discretionary,noninterestExpense,SECTOR_NA,41
LVS,Consumer Discretionary,premiumsEarned,SECTOR_NA,41
LVS,Consumer Discretionary,claimsIncurred,SECTOR_NA,41
LVS,Consumer Discretionary,rentalIncome,SECTOR_NA,41
LVS,Consumer Discretionary,explorationExpense,SECTOR_NA,41
LYB,Materials,interestIncomeBank,SECTOR_NA,31
LYB,Materials,netInterestIncome,SECTOR_NA,31
LYB,Materials,noninterestExpense,SECTOR_NA,31
LYB,Materials,premiumsEarned,SECTOR_NA,31
LYB,Materials,claimsIncurred,SECTOR_NA,31
LYB,Materials,rentalIncome,SECTOR_NA,31
LYB,Materials,explorationExpense,SECTOR_NA,31
LYV,Communication Services,grossProfit,NO_COGS_SERVICES,51
LYV,Communication Services,grossMargins,NO_COGS_SERVICES,51
LYV,Communication Services,costOfRevenue,NO_COGS_SERVICES,51
LYV,Communication Services,returnOnEquity,NEG_OR_ZERO_EQUITY,51
LYV,Communication Services,shortTermDebt,DEBT_FREE_OR_NOTAG,51
LYV,Communication Services,changeInInventory,DATA_ABSENT,51
LYV,Communication Services,changeInPayables,DATA_ABSENT,51
LYV,Communication Services,interestIncomeBank,SECTOR_NA,51
LYV,Communication Services,netInterestIncome,SECTOR_NA,51
LYV,Communication Services,noninterestExpense,SECTOR_NA,51
LYV,Communication Services,premiumsEarned,SECTOR_NA,51
LYV,Communication Services,claimsIncurred,SECTOR_NA,51
LYV,Communication Services,rentalIncome,SECTOR_NA,51
LYV,Communication Services,explorationExpense,SECTOR_NA,51
MA,Financials,grossProfit,NO_COGS_STRUCTURAL,47
MA,Financials,grossMargins,NO_COGS_STRUCTURAL,47
MA,Financials,costOfRevenue,NO_COGS_STRUCTURAL,47
MA,Financials,changeInInventory,DATA_ABSENT,47
MA,Financials,interestIncomeBank,SECTOR_NA,47
MA,Financials,netInterestIncome,SECTOR_NA,47
MA,Financials,noninterestExpense,SECTOR_NA,47
MA,Financials,premiumsEarned,SECTOR_NA,47
MA,Financials,claimsIncurred,SECTOR_NA,47
MA,Financials,rentalIncome,SECTOR_NA,47
MA,Financials,explorationExpense,SECTOR_NA,47
MAA,Real Estate,grossProfit,NO_COGS_STRUCTURAL,35
MAA,Real Estate,grossMargins,NO_COGS_STRUCTURAL,35
MAA,Real Estate,costOfRevenue,NO_COGS_STRUCTURAL,35
MAA,Real Estate,operatingMargins,PRESENTATION_CHANGED,35
MAA,Real Estate,ebitda,PRESENTATION_CHANGED,35
MAA,Real Estate,longTermDebt,COVERED_BY_TOTALDEBT,35
MAA,Real Estate,shortTermDebt,DEBT_FREE_OR_NOTAG,35
MAA,Real Estate,currentAssets,UNCLASSIFIED_BALANCE_SHEET,35
MAA,Real Estate,currentLiabilities,UNCLASSIFIED_BALANCE_SHEET,35
MAA,Real Estate,goodwill,PRESENTATION_CHANGED,35
MAA,Real Estate,changeInInventory,DATA_ABSENT,35
MAA,Real Estate,changeInReceivables,DATA_ABSENT,35
MAA,Real Estate,changeInPayables,PRESENTATION_CHANGED,35
MAA,Real Estate,interestIncomeBank,SECTOR_NA,35
MAA,Real Estate,netInterestIncome,SECTOR_NA,35
MAA,Real Estate,noninterestExpense,SECTOR_NA,35
MAA,Real Estate,premiumsEarned,SECTOR_NA,35
MAA,Real Estate,claimsIncurred,SECTOR_NA,35
MAA,Real Estate,rentalIncome,PRESENTATION_CHANGED,35
MAA,Real Estate,explorationExpense,SECTOR_NA,35
MAR,Consumer Discretionary,grossProfit,NO_COGS_SERVICES,49
MAR,Consumer Discretionary,grossMargins,NO_COGS_SERVICES,49
MAR,Consumer Discretionary,costOfRevenue,NO_COGS_SERVICES,49
MAR,Consumer Discretionary,returnOnEquity,NEG_OR_ZERO_EQUITY,49
MAR,Consumer Discretionary,shortTermDebt,COVERED_BY_TOTALDEBT,49
MAR,Consumer Discretionary,changeInInventory,DATA_ABSENT,49
MAR,Consumer Discretionary,changeInReceivables,DATA_ABSENT,49
MAR,Consumer Discretionary,changeInPayables,DATA_ABSENT,49
MAR,Consumer Discretionary,interestIncomeBank,SECTOR_NA,49
MAR,Consumer Discretionary,netInterestIncome,SECTOR_NA,49
MAR,Consumer Discretionary,noninterestExpense,SECTOR_NA,49
MAR,Consumer Discretionary,premiumsEarned,SECTOR_NA,49
MAR,Consumer Discretionary,claimsIncurred,SECTOR_NA,49
MAR,Consumer Discretionary,rentalIncome,SECTOR_NA,49
MAR,Consumer Discretionary,explorationExpense,SECTOR_NA,49
MAS,Industrials,returnOnEquity,NEG_OR_ZERO_EQUITY,44
MAS,Industrials,shortTermDebt,COVERED_BY_TOTALDEBT,44
MAS,Industrials,interestIncomeBank,SECTOR_NA,44
MAS,Industrials,netInterestIncome,SECTOR_NA,44
MAS,Industrials,noninterestExpense,SECTOR_NA,44
MAS,Industrials,premiumsEarned,SECTOR_NA,44
MAS,Industrials,claimsIncurred,SECTOR_NA,44
MAS,Industrials,rentalIncome,SECTOR_NA,44
MAS,Industrials,explorationExpense,SECTOR_NA,44
MCD,Consumer Discretionary,grossProfit,EXTRACTION,45
MCD,Consumer Discretionary,grossMargins,EXTRACTION,45
MCD,Consumer Discretionary,costOfRevenue,EXTRACTION,45
MCD,Consumer Discretionary,returnOnEquity,NEG_OR_ZERO_EQUITY,45
MCD,Consumer Discretionary,changeInInventory,DATA_ABSENT,45
MCD,Consumer Discretionary,interestIncomeBank,SECTOR_NA,45
MCD,Consumer Discretionary,netInterestIncome,SECTOR_NA,45
MCD,Consumer Discretionary,noninterestExpense,SECTOR_NA,45
MCD,Consumer Discretionary,premiumsEarned,SECTOR_NA,45
MCD,Consumer Discretionary,claimsIncurred,SECTOR_NA,45
MCD,Consumer Discretionary,rentalIncome,SECTOR_NA,45
MCD,Consumer Discretionary,explorationExpense,SECTOR_NA,45
MCHP,Information Technology,interestIncomeBank,SECTOR_NA,45
MCHP,Information Technology,netInterestIncome,SECTOR_NA,45
MCHP,Information Technology,noninterestExpense,SECTOR_NA,45
MCHP,Information Technology,premiumsEarned,SECTOR_NA,45
MCHP,Information Technology,claimsIncurred,SECTOR_NA,45
MCHP,Information Technology,rentalIncome,SECTOR_NA,45
MCHP,Information Technology,explorationExpense,SECTOR_NA,45
MCK,Health Care,returnOnEquity,NEG_OR_ZERO_EQUITY,45
MCK,Health Care,shortTermDebt,COVERED_BY_TOTALDEBT,45
MCK,Health Care,interestIncomeBank,SECTOR_NA,45
MCK,Health Care,netInterestIncome,SECTOR_NA,45
MCK,Health Care,noninterestExpense,SECTOR_NA,45
MCK,Health Care,premiumsEarned,SECTOR_NA,45
MCK,Health Care,claimsIncurred,SECTOR_NA,45
MCK,Health Care,rentalIncome,SECTOR_NA,45
MCK,Health Care,explorationExpense,SECTOR_NA,45
MCO,Financials,changeInInventory,DATA_ABSENT,43
MCO,Financials,interestIncomeBank,SECTOR_NA,43
MCO,Financials,netInterestIncome,SECTOR_NA,43
MCO,Financials,noninterestExpense,SECTOR_NA,43
MCO,Financials,premiumsEarned,SECTOR_NA,43
MCO,Financials,claimsIncurred,SECTOR_NA,43
MCO,Financials,rentalIncome,SECTOR_NA,43
MCO,Financials,explorationExpense,SECTOR_NA,43
MDLZ,Consumer Staples,interestIncomeBank,SECTOR_NA,49
MDLZ,Consumer Staples,netInterestIncome,SECTOR_NA,49
MDLZ,Consumer Staples,noninterestExpense,SECTOR_NA,49
MDLZ,Consumer Staples,premiumsEarned,SECTOR_NA,49
MDLZ,Consumer Staples,claimsIncurred,SECTOR_NA,49
MDLZ,Consumer Staples,rentalIncome,SECTOR_NA,49
MDLZ,Consumer Staples,explorationExpense,SECTOR_NA,49
MDT,Health Care,changeInReceivables,DATA_ABSENT,32
MDT,Health Care,interestIncomeBank,SECTOR_NA,32
MDT,Health Care,noninterestExpense,SECTOR_NA,32
MDT,Health Care,premiumsEarned,SECTOR_NA,32
MDT,Health Care,claimsIncurred,SECTOR_NA,32
MDT,Health Care,rentalIncome,SECTOR_NA,32
MDT,Health Care,explorationExpense,SECTOR_NA,32
MET,Financials,grossProfit,NO_COGS_STRUCTURAL,44
MET,Financials,grossMargins,NO_COGS_STRUCTURAL,44
MET,Financials,costOfRevenue,NO_COGS_STRUCTURAL,44
MET,Financials,longTermDebt,COVERED_BY_TOTALDEBT,44
MET,Financials,currentAssets,UNCLASSIFIED_BALANCE_SHEET,44
MET,Financials,currentLiabilities,UNCLASSIFIED_BALANCE_SHEET,44
MET,Financials,changeInInventory,DATA_ABSENT,44
MET,Financials,changeInPayables,DATA_ABSENT,44
MET,Financials,interestIncomeBank,SECTOR_NA,44
MET,Financials,netInterestIncome,SECTOR_NA,44
MET,Financials,noninterestExpense,SECTOR_NA,44
MET,Financials,explorationExpense,SECTOR_NA,44
META,Communication Services,shortTermDebt,DEBT_FREE_OR_NOTAG,42
META,Communication Services,changeInInventory,DATA_ABSENT,42
META,Communication Services,interestIncomeBank,SECTOR_NA,42
META,Communication Services,netInterestIncome,SECTOR_NA,42
META,Communication Services,noninterestExpense,SECTOR_NA,42
META,Communication Services,premiumsEarned,SECTOR_NA,42
META,Communication Services,claimsIncurred,SECTOR_NA,42
META,Communication Services,rentalIncome,SECTOR_NA,42
META,Communication Services,explorationExpense,SECTOR_NA,42
MGM,Consumer Discretionary,grossProfit,NO_COGS_SERVICES,45
MGM,Consumer Discretionary,grossMargins,NO_COGS_SERVICES,45
MGM,Consumer Discretionary,costOfRevenue,NO_COGS_SERVICES,45
MGM,Consumer Discretionary,shortTermDebt,COVERED_BY_TOTALDEBT,45
MGM,Consumer Discretionary,interestIncomeBank,SECTOR_NA,45
MGM,Consumer Discretionary,netInterestIncome,SECTOR_NA,45
MGM,Consumer Discretionary,noninterestExpense,SECTOR_NA,45
MGM,Consumer Discretionary,premiumsEarned,SECTOR_NA,45
MGM,Consumer Discretionary,claimsIncurred,SECTOR_NA,45
MGM,Consumer Discretionary,rentalIncome,SECTOR_NA,45
MGM,Consumer Discretionary,explorationExpense,SECTOR_NA,45
MKC,Consumer Staples,interestIncomeBank,SECTOR_NA,48
MKC,Consumer Staples,netInterestIncome,SECTOR_NA,48
MKC,Consumer Staples,noninterestExpense,SECTOR_NA,48
MKC,Consumer Staples,premiumsEarned,SECTOR_NA,48
MKC,Consumer Staples,claimsIncurred,SECTOR_NA,48
MKC,Consumer Staples,rentalIncome,SECTOR_NA,48
MKC,Consumer Staples,explorationExpense,SECTOR_NA,48
MLM,Materials,interestIncomeBank,SECTOR_NA,45
MLM,Materials,netInterestIncome,SECTOR_NA,45
MLM,Materials,noninterestExpense,SECTOR_NA,45
MLM,Materials,premiumsEarned,SECTOR_NA,45
MLM,Materials,claimsIncurred,SECTOR_NA,45
MLM,Materials,rentalIncome,SECTOR_NA,45
MLM,Materials,explorationExpense,SECTOR_NA,45
MMM,Industrials,interestIncomeBank,SECTOR_NA,43
MMM,Industrials,netInterestIncome,SECTOR_NA,43
MMM,Industrials,noninterestExpense,SECTOR_NA,43
MMM,Industrials,premiumsEarned,SECTOR_NA,43
MMM,Industrials,claimsIncurred,SECTOR_NA,43
MMM,Industrials,rentalIncome,SECTOR_NA,43
MMM,Industrials,explorationExpense,SECTOR_NA,43
MNST,Consumer Staples,longTermDebt,COVERED_BY_TOTALDEBT,49
MNST,Consumer Staples,shortTermDebt,COVERED_BY_TOTALDEBT,49
MNST,Consumer Staples,interestIncomeBank,SECTOR_NA,49
MNST,Consumer Staples,netInterestIncome,SECTOR_NA,49
MNST,Consumer Staples,noninterestExpense,SECTOR_NA,49
MNST,Consumer Staples,premiumsEarned,SECTOR_NA,49
MNST,Consumer Staples,claimsIncurred,SECTOR_NA,49
MNST,Consumer Staples,rentalIncome,SECTOR_NA,49
MNST,Consumer Staples,explorationExpense,SECTOR_NA,49
MO,Consumer Staples,returnOnEquity,NEG_OR_ZERO_EQUITY,44
MO,Consumer Staples,interestIncomeBank,SECTOR_NA,44
MO,Consumer Staples,netInterestIncome,SECTOR_NA,44
MO,Consumer Staples,noninterestExpense,SECTOR_NA,44
MO,Consumer Staples,premiumsEarned,SECTOR_NA,44
MO,Consumer Staples,claimsIncurred,SECTOR_NA,44
MO,Consumer Staples,rentalIncome,SECTOR_NA,44
MO,Consumer Staples,explorationExpense,SECTOR_NA,44
MOS,Materials,interestIncomeBank,SECTOR_NA,52
MOS,Materials,noninterestExpense,SECTOR_NA,52
MOS,Materials,premiumsEarned,SECTOR_NA,52
MOS,Materials,claimsIncurred,SECTOR_NA,52
MOS,Materials,rentalIncome,SECTOR_NA,52
MOS,Materials,explorationExpense,SECTOR_NA,52
MPC,Energy,interestIncomeBank,SECTOR_NA,48
MPC,Energy,netInterestIncome,SECTOR_NA,48
MPC,Energy,noninterestExpense,SECTOR_NA,48
MPC,Energy,premiumsEarned,SECTOR_NA,48
MPC,Energy,claimsIncurred,SECTOR_NA,48
MPC,Energy,explorationExpense,DATA_ABSENT,48
MPWR,Information Technology,longTermDebt,DEBT_FREE_OR_NOTAG,48
MPWR,Information Technology,shortTermDebt,DEBT_FREE_OR_NOTAG,48
MPWR,Information Technology,interestIncomeBank,SECTOR_NA,48
MPWR,Information Technology,netInterestIncome,SECTOR_NA,48
MPWR,Information Technology,noninterestExpense,SECTOR_NA,48
MPWR,Information Technology,premiumsEarned,SECTOR_NA,48
MPWR,Information Technology,claimsIncurred,SECTOR_NA,48
MPWR,Information Technology,rentalIncome,SECTOR_NA,48
MPWR,Information Technology,explorationExpense,SECTOR_NA,48
MRK,Health Care,interestIncomeBank,SECTOR_NA,48
MRK,Health Care,netInterestIncome,SECTOR_NA,48
MRK,Health Care,noninterestExpense,SECTOR_NA,48
MRK,Health Care,premiumsEarned,SECTOR_NA,48
MRK,Health Care,claimsIncurred,SECTOR_NA,48
MRK,Health Care,rentalIncome,SECTOR_NA,48
MRK,Health Care,explorationExpense,SECTOR_NA,48
MRNA,Health Care,longTermDebt,COVERED_BY_TOTALDEBT,27
MRNA,Health Care,shortTermDebt,DEBT_FREE_OR_NOTAG,27
MRNA,Health Care,interestIncomeBank,SECTOR_NA,27
MRNA,Health Care,netInterestIncome,SECTOR_NA,27
MRNA,Health Care,noninterestExpense,SECTOR_NA,27
MRNA,Health Care,premiumsEarned,SECTOR_NA,27
MRNA,Health Care,claimsIncurred,SECTOR_NA,27
MRNA,Health Care,rentalIncome,SECTOR_NA,27
MRNA,Health Care,explorationExpense,SECTOR_NA,27
MRSH,Financials,grossProfit,NO_COGS_STRUCTURAL,43
MRSH,Financials,grossMargins,NO_COGS_STRUCTURAL,43
MRSH,Financials,costOfRevenue,NO_COGS_STRUCTURAL,43
MRSH,Financials,changeInInventory,DATA_ABSENT,43
MRSH,Financials,changeInPayables,PRESENTATION_CHANGED,43
MRSH,Financials,interestIncomeBank,SECTOR_NA,43
MRSH,Financials,netInterestIncome,SECTOR_NA,43
MRSH,Financials,noninterestExpense,SECTOR_NA,43
MRSH,Financials,premiumsEarned,DATA_ABSENT,43
MRSH,Financials,claimsIncurred,DATA_ABSENT,43
MRSH,Financials,rentalIncome,SECTOR_NA,43
MRSH,Financials,explorationExpense,SECTOR_NA,43
MRVL,Information Technology,interestIncomeBank,SECTOR_NA,18
MRVL,Information Technology,netInterestIncome,SECTOR_NA,18
MRVL,Information Technology,noninterestExpense,SECTOR_NA,18
MRVL,Information Technology,premiumsEarned,SECTOR_NA,18
MRVL,Information Technology,claimsIncurred,SECTOR_NA,18
MRVL,Information Technology,rentalIncome,SECTOR_NA,18
MRVL,Information Technology,explorationExpense,SECTOR_NA,18
MS,Financials,grossProfit,NO_COGS_STRUCTURAL,48
MS,Financials,grossMargins,NO_COGS_STRUCTURAL,48
MS,Financials,costOfRevenue,NO_COGS_STRUCTURAL,48
MS,Financials,operatingMargins,NO_COGS_STRUCTURAL,48
MS,Financials,ebitda,NO_COGS_STRUCTURAL,48
MS,Financials,shortTermDebt,COVERED_BY_TOTALDEBT,48
MS,Financials,currentAssets,UNCLASSIFIED_BALANCE_SHEET,48
MS,Financials,currentLiabilities,UNCLASSIFIED_BALANCE_SHEET,48
MS,Financials,changeInInventory,DATA_ABSENT,48
MS,Financials,premiumsEarned,SECTOR_NA,48
MS,Financials,claimsIncurred,SECTOR_NA,48
MS,Financials,rentalIncome,SECTOR_NA,48
MS,Financials,explorationExpense,SECTOR_NA,48
MSCI,Financials,returnOnEquity,NEG_OR_ZERO_EQUITY,46
MSCI,Financials,shortTermDebt,COVERED_BY_TOTALDEBT,46
MSCI,Financials,changeInInventory,DATA_ABSENT,46
MSCI,Financials,interestIncomeBank,SECTOR_NA,46
MSCI,Financials,netInterestIncome,SECTOR_NA,46
MSCI,Financials,noninterestExpense,SECTOR_NA,46
MSCI,Financials,premiumsEarned,SECTOR_NA,46
MSCI,Financials,claimsIncurred,SECTOR_NA,46
MSCI,Financials,rentalIncome,SECTOR_NA,46
MSCI,Financials,explorationExpense,SECTOR_NA,46
MSFT,Information Technology,interestIncomeBank,SECTOR_NA,51
MSFT,Information Technology,netInterestIncome,SECTOR_NA,51
MSFT,Information Technology,noninterestExpense,SECTOR_NA,51
MSFT,Information Technology,premiumsEarned,SECTOR_NA,51
MSFT,Information Technology,claimsIncurred,SECTOR_NA,51
MSFT,Information Technology,rentalIncome,SECTOR_NA,51
MSFT,Information Technology,explorationExpense,SECTOR_NA,51
MSI,Information Technology,changeInReceivables,PRESENTATION_CHANGED,47
MSI,Information Technology,changeInPayables,PRESENTATION_CHANGED,47
MSI,Information Technology,interestIncomeBank,SECTOR_NA,47
MSI,Information Technology,netInterestIncome,SECTOR_NA,47
MSI,Information Technology,noninterestExpense,SECTOR_NA,47
MSI,Information Technology,premiumsEarned,SECTOR_NA,47
MSI,Information Technology,claimsIncurred,SECTOR_NA,47
MSI,Information Technology,rentalIncome,SECTOR_NA,47
MSI,Information Technology,explorationExpense,SECTOR_NA,47
MTB,Financials,grossProfit,NO_COGS_STRUCTURAL,45
MTB,Financials,grossMargins,NO_COGS_STRUCTURAL,45
MTB,Financials,costOfRevenue,NO_COGS_STRUCTURAL,45
MTB,Financials,operatingMargins,NO_COGS_STRUCTURAL,45
MTB,Financials,ebitda,NO_COGS_STRUCTURAL,45
MTB,Financials,currentAssets,UNCLASSIFIED_BALANCE_SHEET,45
MTB,Financials,currentLiabilities,UNCLASSIFIED_BALANCE_SHEET,45
MTB,Financials,changeInInventory,DATA_ABSENT,45
MTB,Financials,changeInReceivables,DATA_ABSENT,45
MTB,Financials,changeInPayables,DATA_ABSENT,45
MTB,Financials,premiumsEarned,SECTOR_NA,45
MTB,Financials,claimsIncurred,SECTOR_NA,45
MTB,Financials,explorationExpense,SECTOR_NA,45
MTD,Health Care,costOfRevenue,PRESENTATION_CHANGED,48
MTD,Health Care,returnOnEquity,NEG_OR_ZERO_EQUITY,48
MTD,Health Care,interestIncomeBank,SECTOR_NA,48
MTD,Health Care,netInterestIncome,SECTOR_NA,48
MTD,Health Care,noninterestExpense,SECTOR_NA,48
MTD,Health Care,premiumsEarned,SECTOR_NA,48
MTD,Health Care,claimsIncurred,SECTOR_NA,48
MTD,Health Care,rentalIncome,SECTOR_NA,48
MTD,Health Care,explorationExpense,SECTOR_NA,48
MU,Information Technology,interestIncomeBank,SECTOR_NA,43
MU,Information Technology,netInterestIncome,SECTOR_NA,43
MU,Information Technology,noninterestExpense,SECTOR_NA,43
MU,Information Technology,premiumsEarned,SECTOR_NA,43
MU,Information Technology,claimsIncurred,SECTOR_NA,43
MU,Information Technology,rentalIncome,SECTOR_NA,43
MU,Information Technology,explorationExpense,SECTOR_NA,43
NCLH,Consumer Discretionary,shortTermDebt,DEBT_FREE_OR_NOTAG,43
NCLH,Consumer Discretionary,interestIncomeBank,SECTOR_NA,43
NCLH,Consumer Discretionary,netInterestIncome,SECTOR_NA,43
NCLH,Consumer Discretionary,noninterestExpense,SECTOR_NA,43
NCLH,Consumer Discretionary,premiumsEarned,SECTOR_NA,43
NCLH,Consumer Discretionary,claimsIncurred,SECTOR_NA,43
NCLH,Consumer Discretionary,rentalIncome,SECTOR_NA,43
NCLH,Consumer Discretionary,explorationExpense,SECTOR_NA,43
NDAQ,Financials,changeInInventory,DATA_ABSENT,45
NDAQ,Financials,interestIncomeBank,SECTOR_NA,45
NDAQ,Financials,netInterestIncome,SECTOR_NA,45
NDAQ,Financials,noninterestExpense,SECTOR_NA,45
NDAQ,Financials,premiumsEarned,SECTOR_NA,45
NDAQ,Financials,claimsIncurred,SECTOR_NA,45
NDAQ,Financials,rentalIncome,SECTOR_NA,45
NDAQ,Financials,explorationExpense,SECTOR_NA,45
NDSN,Industrials,interestIncomeBank,SECTOR_NA,40
NDSN,Industrials,netInterestIncome,SECTOR_NA,40
NDSN,Industrials,noninterestExpense,SECTOR_NA,40
NDSN,Industrials,premiumsEarned,SECTOR_NA,40
NDSN,Industrials,claimsIncurred,SECTOR_NA,40
NDSN,Industrials,rentalIncome,SECTOR_NA,40
NDSN,Industrials,explorationExpense,SECTOR_NA,40
NEE,Utilities,grossProfit,NO_COGS_STRUCTURAL,52
NEE,Utilities,grossMargins,NO_COGS_STRUCTURAL,52
NEE,Utilities,costOfRevenue,NO_COGS_STRUCTURAL,52
NEE,Utilities,changeInInventory,PRESENTATION_CHANGED,52
NEE,Utilities,changeInReceivables,PRESENTATION_CHANGED,52
NEE,Utilities,changeInPayables,PRESENTATION_CHANGED,52
NEE,Utilities,interestIncomeBank,SECTOR_NA,52
NEE,Utilities,netInterestIncome,SECTOR_NA,52
NEE,Utilities,noninterestExpense,SECTOR_NA,52
NEE,Utilities,premiumsEarned,SECTOR_NA,52
NEE,Utilities,claimsIncurred,SECTOR_NA,52
NEE,Utilities,rentalIncome,SECTOR_NA,52
NEE,Utilities,explorationExpense,SECTOR_NA,52
NEM,Materials,interestIncomeBank,SECTOR_NA,45
NEM,Materials,netInterestIncome,SECTOR_NA,45
NEM,Materials,noninterestExpense,SECTOR_NA,45
NEM,Materials,premiumsEarned,SECTOR_NA,45
NEM,Materials,claimsIncurred,SECTOR_NA,45
NEM,Materials,rentalIncome,SECTOR_NA,45
NFLX,Communication Services,goodwill,NO_GOODWILL,34
NFLX,Communication Services,changeInInventory,DATA_ABSENT,34
NFLX,Communication Services,changeInReceivables,DATA_ABSENT,34
NFLX,Communication Services,interestIncomeBank,SECTOR_NA,34
NFLX,Communication Services,netInterestIncome,SECTOR_NA,34
NFLX,Communication Services,noninterestExpense,SECTOR_NA,34
NFLX,Communication Services,premiumsEarned,SECTOR_NA,34
NFLX,Communication Services,claimsIncurred,SECTOR_NA,34
NFLX,Communication Services,rentalIncome,SECTOR_NA,34
NFLX,Communication Services,explorationExpense,SECTOR_NA,34
NI,Utilities,interestIncomeBank,SECTOR_NA,43
NI,Utilities,netInterestIncome,SECTOR_NA,43
NI,Utilities,noninterestExpense,SECTOR_NA,43
NI,Utilities,premiumsEarned,SECTOR_NA,43
NI,Utilities,claimsIncurred,SECTOR_NA,43
NI,Utilities,rentalIncome,SECTOR_NA,43
NI,Utilities,explorationExpense,SECTOR_NA,43
NKE,Consumer Discretionary,changeInPayables,DATA_ABSENT,45
NKE,Consumer Discretionary,interestIncomeBank,SECTOR_NA,45
NKE,Consumer Discretionary,netInterestIncome,SECTOR_NA,45
NKE,Consumer Discretionary,noninterestExpense,SECTOR_NA,45
NKE,Consumer Discretionary,premiumsEarned,SECTOR_NA,45
NKE,Consumer Discretionary,claimsIncurred,SECTOR_NA,45
NKE,Consumer Discretionary,rentalIncome,SECTOR_NA,45
NKE,Consumer Discretionary,explorationExpense,SECTOR_NA,45
NOC,Industrials,grossProfit,PRESENTATION_CHANGED,39
NOC,Industrials,grossMargins,PRESENTATION_CHANGED,39
NOC,Industrials,costOfRevenue,PRESENTATION_CHANGED,39
NOC,Industrials,interestIncomeBank,SECTOR_NA,39
NOC,Industrials,netInterestIncome,SECTOR_NA,39
NOC,Industrials,noninterestExpense,SECTOR_NA,39
NOC,Industrials,premiumsEarned,SECTOR_NA,39
NOC,Industrials,claimsIncurred,SECTOR_NA,39
NOC,Industrials,rentalIncome,SECTOR_NA,39
NOC,Industrials,explorationExpense,SECTOR_NA,39
NOW,Information Technology,longTermDebt,PRESENTATION_CHANGED,47
NOW,Information Technology,shortTermDebt,PRESENTATION_CHANGED,47
NOW,Information Technology,changeInInventory,DATA_ABSENT,47
NOW,Information Technology,interestIncomeBank,SECTOR_NA,47
NOW,Information Technology,netInterestIncome,SECTOR_NA,47
NOW,Information Technology,noninterestExpense,SECTOR_NA,47
NOW,Information Technology,premiumsEarned,SECTOR_NA,47
NOW,Information Technology,claimsIncurred,SECTOR_NA,47
NOW,Information Technology,rentalIncome,SECTOR_NA,47
NOW,Information Technology,explorationExpense,SECTOR_NA,47
NRG,Utilities,interestIncomeBank,SECTOR_NA,42
NRG,Utilities,netInterestIncome,SECTOR_NA,42
NRG,Utilities,noninterestExpense,SECTOR_NA,42
NRG,Utilities,premiumsEarned,SECTOR_NA,42
NRG,Utilities,claimsIncurred,SECTOR_NA,42
NRG,Utilities,rentalIncome,SECTOR_NA,42
NRG,Utilities,explorationExpense,SECTOR_NA,42
NSC,Industrials,grossProfit,NO_COGS_SERVICES,43
NSC,Industrials,grossMargins,NO_COGS_SERVICES,43
NSC,Industrials,costOfRevenue,NO_COGS_SERVICES,43
NSC,Industrials,goodwill,NO_GOODWILL,43
NSC,Industrials,changeInInventory,DATA_ABSENT,43
NSC,Industrials,changeInPayables,DATA_ABSENT,43
NSC,Industrials,interestIncomeBank,SECTOR_NA,43
NSC,Industrials,netInterestIncome,SECTOR_NA,43
NSC,Industrials,noninterestExpense,SECTOR_NA,43
NSC,Industrials,premiumsEarned,SECTOR_NA,43
NSC,Industrials,claimsIncurred,SECTOR_NA,43
NSC,Industrials,rentalIncome,SECTOR_NA,43
NSC,Industrials,explorationExpense,SECTOR_NA,43
NTAP,Information Technology,interestIncomeBank,SECTOR_NA,47
NTAP,Information Technology,netInterestIncome,SECTOR_NA,47
NTAP,Information Technology,noninterestExpense,SECTOR_NA,47
NTAP,Information Technology,premiumsEarned,SECTOR_NA,47
NTAP,Information Technology,claimsIncurred,SECTOR_NA,47
NTAP,Information Technology,rentalIncome,SECTOR_NA,47
NTAP,Information Technology,explorationExpense,SECTOR_NA,47
NTRS,Financials,grossProfit,NO_COGS_STRUCTURAL,52
NTRS,Financials,grossMargins,NO_COGS_STRUCTURAL,52
NTRS,Financials,costOfRevenue,NO_COGS_STRUCTURAL,52
NTRS,Financials,operatingMargins,NO_COGS_STRUCTURAL,52
NTRS,Financials,ebitda,NO_COGS_STRUCTURAL,52
NTRS,Financials,longTermDebt,EXTRACTION,52
NTRS,Financials,shortTermDebt,DEBT_FREE_OR_NOTAG,52
NTRS,Financials,currentAssets,UNCLASSIFIED_BALANCE_SHEET,52
NTRS,Financials,currentLiabilities,UNCLASSIFIED_BALANCE_SHEET,52
NTRS,Financials,changeInInventory,DATA_ABSENT,52
NTRS,Financials,changeInPayables,DATA_ABSENT,52
NTRS,Financials,premiumsEarned,SECTOR_NA,52
NTRS,Financials,claimsIncurred,SECTOR_NA,52
NTRS,Financials,rentalIncome,SECTOR_NA,52
NTRS,Financials,explorationExpense,SECTOR_NA,52
NUE,Materials,interestIncomeBank,SECTOR_NA,33
NUE,Materials,netInterestIncome,SECTOR_NA,33
NUE,Materials,noninterestExpense,SECTOR_NA,33
NUE,Materials,premiumsEarned,SECTOR_NA,33
NUE,Materials,claimsIncurred,SECTOR_NA,33
NUE,Materials,rentalIncome,SECTOR_NA,33
NUE,Materials,explorationExpense,SECTOR_NA,33
NVDA,Information Technology,interestIncomeBank,SECTOR_NA,44
NVDA,Information Technology,netInterestIncome,SECTOR_NA,44
NVDA,Information Technology,noninterestExpense,SECTOR_NA,44
NVDA,Information Technology,premiumsEarned,SECTOR_NA,44
NVDA,Information Technology,claimsIncurred,SECTOR_NA,44
NVDA,Information Technology,rentalIncome,SECTOR_NA,44
NVDA,Information Technology,explorationExpense,SECTOR_NA,44
NVR,Consumer Discretionary,grossProfit,NO_COGS_SERVICES,49
NVR,Consumer Discretionary,grossMargins,NO_COGS_SERVICES,49
NVR,Consumer Discretionary,costOfRevenue,NO_COGS_SERVICES,49
NVR,Consumer Discretionary,operatingMargins,NO_COGS_SERVICES,49
NVR,Consumer Discretionary,ebitda,NO_COGS_SERVICES,49
NVR,Consumer Discretionary,longTermDebt,PRESENTATION_CHANGED,49
NVR,Consumer Discretionary,shortTermDebt,DEBT_FREE_OR_NOTAG,49
NVR,Consumer Discretionary,currentAssets,DATA_ABSENT,49
NVR,Consumer Discretionary,currentLiabilities,DATA_ABSENT,49
NVR,Consumer Discretionary,goodwill,PRESENTATION_CHANGED,49
NVR,Consumer Discretionary,interestIncomeBank,SECTOR_NA,49
NVR,Consumer Discretionary,netInterestIncome,SECTOR_NA,49
NVR,Consumer Discretionary,noninterestExpense,SECTOR_NA,49
NVR,Consumer Discretionary,premiumsEarned,SECTOR_NA,49
NVR,Consumer Discretionary,claimsIncurred,SECTOR_NA,49
NVR,Consumer Discretionary,rentalIncome,SECTOR_NA,49
NVR,Consumer Discretionary,explorationExpense,SECTOR_NA,49
NWSA,Communication Services,grossProfit,NO_COGS_SERVICES,38
NWSA,Communication Services,grossMargins,NO_COGS_SERVICES,38
NWSA,Communication Services,costOfRevenue,NO_COGS_SERVICES,38
NWSA,Communication Services,operatingMargins,NO_COGS_SERVICES,38
NWSA,Communication Services,ebitda,NO_COGS_SERVICES,38
NWSA,Communication Services,changeInReceivables,DATA_ABSENT,38
NWSA,Communication Services,changeInPayables,DATA_ABSENT,38
NWSA,Communication Services,interestIncomeBank,SECTOR_NA,38
NWSA,Communication Services,netInterestIncome,SECTOR_NA,38
NWSA,Communication Services,noninterestExpense,SECTOR_NA,38
NWSA,Communication Services,premiumsEarned,SECTOR_NA,38
NWSA,Communication Services,claimsIncurred,SECTOR_NA,38
NWSA,Communication Services,rentalIncome,SECTOR_NA,38
NWSA,Communication Services,explorationExpense,SECTOR_NA,38
NXPI,Information Technology,changeInReceivables,DATA_ABSENT,25
NXPI,Information Technology,interestIncomeBank,SECTOR_NA,25
NXPI,Information Technology,netInterestIncome,SECTOR_NA,25
NXPI,Information Technology,noninterestExpense,SECTOR_NA,25
NXPI,Information Technology,premiumsEarned,SECTOR_NA,25
NXPI,Information Technology,claimsIncurred,SECTOR_NA,25
NXPI,Information Technology,rentalIncome,SECTOR_NA,25
NXPI,Information Technology,explorationExpense,SECTOR_NA,25
O,Real Estate,grossProfit,NO_COGS_STRUCTURAL,44
O,Real Estate,grossMargins,NO_COGS_STRUCTURAL,44
O,Real Estate,costOfRevenue,NO_COGS_STRUCTURAL,44
O,Real Estate,operatingMargins,NO_COGS_STRUCTURAL,44
O,Real Estate,ebitda,NO_COGS_STRUCTURAL,44
O,Real Estate,longTermDebt,COVERED_BY_TOTALDEBT,44
O,Real Estate,currentAssets,UNCLASSIFIED_BALANCE_SHEET,44
O,Real Estate,currentLiabilities,UNCLASSIFIED_BALANCE_SHEET,44
O,Real Estate,changeInInventory,DATA_ABSENT,44
O,Real Estate,changeInReceivables,DATA_ABSENT,44
O,Real Estate,interestIncomeBank,SECTOR_NA,44
O,Real Estate,netInterestIncome,SECTOR_NA,44
O,Real Estate,noninterestExpense,SECTOR_NA,44
O,Real Estate,premiumsEarned,SECTOR_NA,44
O,Real Estate,claimsIncurred,SECTOR_NA,44
O,Real Estate,explorationExpense,SECTOR_NA,44
ODFL,Industrials,grossProfit,NO_COGS_SERVICES,46
ODFL,Industrials,grossMargins,NO_COGS_SERVICES,46
ODFL,Industrials,costOfRevenue,NO_COGS_SERVICES,46
ODFL,Industrials,goodwill,PRESENTATION_CHANGED,46
ODFL,Industrials,changeInInventory,DATA_ABSENT,46
ODFL,Industrials,interestIncomeBank,SECTOR_NA,46
ODFL,Industrials,netInterestIncome,SECTOR_NA,46
ODFL,Industrials,noninterestExpense,SECTOR_NA,46
ODFL,Industrials,premiumsEarned,SECTOR_NA,46
ODFL,Industrials,claimsIncurred,SECTOR_NA,46
ODFL,Industrials,rentalIncome,SECTOR_NA,46
ODFL,Industrials,explorationExpense,SECTOR_NA,46
OKE,Energy,interestIncomeBank,SECTOR_NA,44
OKE,Energy,netInterestIncome,SECTOR_NA,44
OKE,Energy,noninterestExpense,SECTOR_NA,44
OKE,Energy,premiumsEarned,SECTOR_NA,44
OKE,Energy,claimsIncurred,SECTOR_NA,44
OKE,Energy,rentalIncome,SECTOR_NA,44
OKE,Energy,explorationExpense,DATA_ABSENT,44
OMC,Communication Services,changeInInventory,DATA_ABSENT,45
OMC,Communication Services,interestIncomeBank,SECTOR_NA,45
OMC,Communication Services,netInterestIncome,SECTOR_NA,45
OMC,Communication Services,noninterestExpense,SECTOR_NA,45
OMC,Communication Services,premiumsEarned,SECTOR_NA,45
OMC,Communication Services,claimsIncurred,SECTOR_NA,45
OMC,Communication Services,rentalIncome,SECTOR_NA,45
OMC,Communication Services,explorationExpense,SECTOR_NA,45
ON,Information Technology,shortTermDebt,COVERED_BY_TOTALDEBT,50
ON,Information Technology,interestIncomeBank,SECTOR_NA,50
ON,Information Technology,netInterestIncome,SECTOR_NA,50
ON,Information Technology,noninterestExpense,SECTOR_NA,50
ON,Information Technology,premiumsEarned,SECTOR_NA,50
ON,Information Technology,claimsIncurred,SECTOR_NA,50
ON,Information Technology,rentalIncome,SECTOR_NA,50
ON,Information Technology,explorationExpense,SECTOR_NA,50
ORCL,Information Technology,grossProfit,PRESENTATION_CHANGED,50
ORCL,Information Technology,grossMargins,PRESENTATION_CHANGED,50
ORCL,Information Technology,costOfRevenue,PRESENTATION_CHANGED,50
ORCL,Information Technology,longTermDebt,COVERED_BY_TOTALDEBT,50
ORCL,Information Technology,changeInInventory,PRESENTATION_CHANGED,50
ORCL,Information Technology,changeInPayables,PRESENTATION_CHANGED,50
ORCL,Information Technology,interestIncomeBank,SECTOR_NA,50
ORCL,Information Technology,netInterestIncome,SECTOR_NA,50
ORCL,Information Technology,noninterestExpense,SECTOR_NA,50
ORCL,Information Technology,premiumsEarned,SECTOR_NA,50
ORCL,Information Technology,claimsIncurred,SECTOR_NA,50
ORCL,Information Technology,rentalIncome,SECTOR_NA,50
ORCL,Information Technology,explorationExpense,SECTOR_NA,50
ORLY,Consumer Discretionary,returnOnEquity,NEG_OR_ZERO_EQUITY,48
ORLY,Consumer Discretionary,shortTermDebt,COVERED_BY_TOTALDEBT,48
ORLY,Consumer Discretionary,netInterestIncome,SECTOR_NA,48
ORLY,Consumer Discretionary,noninterestExpense,SECTOR_NA,48
ORLY,Consumer Discretionary,premiumsEarned,SECTOR_NA,48
ORLY,Consumer Discretionary,claimsIncurred,SECTOR_NA,48
ORLY,Consumer Discretionary,rentalIncome,SECTOR_NA,48
ORLY,Consumer Discretionary,explorationExpense,SECTOR_NA,48
OTIS,Industrials,grossProfit,PRESENTATION_CHANGED,20
OTIS,Industrials,grossMargins,PRESENTATION_CHANGED,20
OTIS,Industrials,costOfRevenue,NO_COGS_SERVICES,20
OTIS,Industrials,returnOnEquity,NEG_OR_ZERO_EQUITY,20
OTIS,Industrials,interestIncomeBank,SECTOR_NA,20
OTIS,Industrials,netInterestIncome,SECTOR_NA,20
OTIS,Industrials,noninterestExpense,SECTOR_NA,20
OTIS,Industrials,premiumsEarned,SECTOR_NA,20
OTIS,Industrials,claimsIncurred,SECTOR_NA,20
OTIS,Industrials,rentalIncome,SECTOR_NA,20
OTIS,Industrials,explorationExpense,SECTOR_NA,20
OXY,Energy,grossProfit,EXTRACTION,47
OXY,Energy,grossMargins,EXTRACTION,47
OXY,Energy,costOfRevenue,EXTRACTION,47
OXY,Energy,operatingMargins,EXTRACTION,47
OXY,Energy,ebitda,EXTRACTION,47
OXY,Energy,shortTermDebt,COVERED_BY_TOTALDEBT,47
OXY,Energy,goodwill,EXTRACTION,47
OXY,Energy,interestIncomeBank,SECTOR_NA,47
OXY,Energy,netInterestIncome,SECTOR_NA,47
OXY,Energy,noninterestExpense,SECTOR_NA,47
OXY,Energy,premiumsEarned,SECTOR_NA,47
OXY,Energy,claimsIncurred,SECTOR_NA,47
OXY,Energy,rentalIncome,SECTOR_NA,47
PANW,Information Technology,longTermDebt,COVERED_BY_TOTALDEBT,41
PANW,Information Technology,shortTermDebt,DEBT_FREE_OR_NOTAG,41
PANW,Information Technology,changeInInventory,DATA_ABSENT,41
PANW,Information Technology,interestIncomeBank,SECTOR_NA,41
PANW,Information Technology,netInterestIncome,SECTOR_NA,41
PANW,Information Technology,noninterestExpense,SECTOR_NA,41
PANW,Information Technology,premiumsEarned,SECTOR_NA,41
PANW,Information Technology,claimsIncurred,SECTOR_NA,41
PANW,Information Technology,rentalIncome,SECTOR_NA,41
PANW,Information Technology,explorationExpense,SECTOR_NA,41
PAYX,Industrials,changeInInventory,DATA_ABSENT,40
PAYX,Industrials,interestIncomeBank,SECTOR_NA,40
PAYX,Industrials,netInterestIncome,SECTOR_NA,40
PAYX,Industrials,noninterestExpense,SECTOR_NA,40
PAYX,Industrials,premiumsEarned,SECTOR_NA,40
PAYX,Industrials,claimsIncurred,SECTOR_NA,40
PAYX,Industrials,rentalIncome,SECTOR_NA,40
PAYX,Industrials,explorationExpense,SECTOR_NA,40
PCAR,Industrials,longTermDebt,PRESENTATION_CHANGED,41
PCAR,Industrials,shortTermDebt,DEBT_FREE_OR_NOTAG,41
PCAR,Industrials,currentAssets,DATA_ABSENT,41
PCAR,Industrials,currentLiabilities,DATA_ABSENT,41
PCAR,Industrials,interestIncomeBank,SECTOR_NA,41
PCAR,Industrials,netInterestIncome,SECTOR_NA,41
PCAR,Industrials,noninterestExpense,SECTOR_NA,41
PCAR,Industrials,premiumsEarned,SECTOR_NA,41
PCAR,Industrials,claimsIncurred,SECTOR_NA,41
PCAR,Industrials,rentalIncome,SECTOR_NA,41
PCAR,Industrials,explorationExpense,SECTOR_NA,41
PCG,Utilities,grossProfit,NO_COGS_STRUCTURAL,42
PCG,Utilities,grossMargins,NO_COGS_STRUCTURAL,42
PCG,Utilities,costOfRevenue,NO_COGS_STRUCTURAL,42
PCG,Utilities,goodwill,NO_GOODWILL,42
PCG,Utilities,changeInReceivables,PRESENTATION_CHANGED,42
PCG,Utilities,interestIncomeBank,SECTOR_NA,42
PCG,Utilities,netInterestIncome,SECTOR_NA,42
PCG,Utilities,noninterestExpense,SECTOR_NA,42
PCG,Utilities,premiumsEarned,SECTOR_NA,42
PCG,Utilities,claimsIncurred,SECTOR_NA,42
PCG,Utilities,rentalIncome,SECTOR_NA,42
PCG,Utilities,explorationExpense,SECTOR_NA,42
PEG,Utilities,goodwill,PRESENTATION_CHANGED,46
PEG,Utilities,changeInInventory,DATA_ABSENT,46
PEG,Utilities,changeInReceivables,DATA_ABSENT,46
PEG,Utilities,changeInPayables,DATA_ABSENT,46
PEG,Utilities,interestIncomeBank,SECTOR_NA,46
PEG,Utilities,netInterestIncome,SECTOR_NA,46
PEG,Utilities,noninterestExpense,SECTOR_NA,46
PEG,Utilities,premiumsEarned,SECTOR_NA,46
PEG,Utilities,claimsIncurred,SECTOR_NA,46
PEG,Utilities,explorationExpense,SECTOR_NA,46
PEP,Consumer Staples,changeInReceivables,DATA_ABSENT,42
PEP,Consumer Staples,interestIncomeBank,SECTOR_NA,42
PEP,Consumer Staples,netInterestIncome,SECTOR_NA,42
PEP,Consumer Staples,noninterestExpense,SECTOR_NA,42
PEP,Consumer Staples,premiumsEarned,SECTOR_NA,42
PEP,Consumer Staples,claimsIncurred,SECTOR_NA,42
PEP,Consumer Staples,rentalIncome,SECTOR_NA,42
PEP,Consumer Staples,explorationExpense,SECTOR_NA,42
PFE,Health Care,interestIncomeBank,SECTOR_NA,44
PFE,Health Care,netInterestIncome,SECTOR_NA,44
PFE,Health Care,noninterestExpense,SECTOR_NA,44
PFE,Health Care,premiumsEarned,SECTOR_NA,44
PFE,Health Care,claimsIncurred,SECTOR_NA,44
PFE,Health Care,rentalIncome,SECTOR_NA,44
PFE,Health Care,explorationExpense,SECTOR_NA,44
PFG,Financials,grossProfit,NO_COGS_STRUCTURAL,47
PFG,Financials,grossMargins,NO_COGS_STRUCTURAL,47
PFG,Financials,costOfRevenue,NO_COGS_STRUCTURAL,47
PFG,Financials,operatingMargins,NO_COGS_STRUCTURAL,47
PFG,Financials,ebitda,NO_COGS_STRUCTURAL,47
PFG,Financials,currentAssets,UNCLASSIFIED_BALANCE_SHEET,47
PFG,Financials,currentLiabilities,UNCLASSIFIED_BALANCE_SHEET,47
PFG,Financials,changeInInventory,DATA_ABSENT,47
PFG,Financials,changeInPayables,DATA_ABSENT,47
PFG,Financials,interestIncomeBank,SECTOR_NA,47
PFG,Financials,netInterestIncome,SECTOR_NA,47
PFG,Financials,noninterestExpense,SECTOR_NA,47
PFG,Financials,rentalIncome,SECTOR_NA,47
PFG,Financials,explorationExpense,SECTOR_NA,47
PG,Consumer Staples,interestIncomeBank,SECTOR_NA,42
PG,Consumer Staples,netInterestIncome,SECTOR_NA,42
PG,Consumer Staples,noninterestExpense,SECTOR_NA,42
PG,Consumer Staples,premiumsEarned,SECTOR_NA,42
PG,Consumer Staples,claimsIncurred,SECTOR_NA,42
PG,Consumer Staples,rentalIncome,SECTOR_NA,42
PG,Consumer Staples,explorationExpense,SECTOR_NA,42
PGR,Financials,grossProfit,NO_COGS_STRUCTURAL,41
PGR,Financials,grossMargins,NO_COGS_STRUCTURAL,41
PGR,Financials,costOfRevenue,NO_COGS_STRUCTURAL,41
PGR,Financials,operatingMargins,NO_COGS_STRUCTURAL,41
PGR,Financials,ebitda,NO_COGS_STRUCTURAL,41
PGR,Financials,longTermDebt,COVERED_BY_TOTALDEBT,41
PGR,Financials,currentAssets,UNCLASSIFIED_BALANCE_SHEET,41
PGR,Financials,currentLiabilities,UNCLASSIFIED_BALANCE_SHEET,41
PGR,Financials,goodwill,EXTRACTION,41
PGR,Financials,changeInInventory,DATA_ABSENT,41
PGR,Financials,changeInReceivables,DATA_ABSENT,41
PGR,Financials,netInterestIncome,SECTOR_NA,41
PGR,Financials,noninterestExpense,SECTOR_NA,41
PGR,Financials,rentalIncome,SECTOR_NA,41
PGR,Financials,explorationExpense,SECTOR_NA,41
PH,Industrials,interestIncomeBank,SECTOR_NA,42
PH,Industrials,netInterestIncome,SECTOR_NA,42
PH,Industrials,noninterestExpense,SECTOR_NA,42
PH,Industrials,premiumsEarned,SECTOR_NA,42
PH,Industrials,claimsIncurred,SECTOR_NA,42
PH,Industrials,rentalIncome,SECTOR_NA,42
PH,Industrials,explorationExpense,SECTOR_NA,42
PHM,Consumer Discretionary,grossProfit,EXTRACTION,48
PHM,Consumer Discretionary,grossMargins,EXTRACTION,48
PHM,Consumer Discretionary,costOfRevenue,EXTRACTION,48
PHM,Consumer Discretionary,operatingMargins,EXTRACTION,48
PHM,Consumer Discretionary,ebitda,EXTRACTION,48
PHM,Consumer Discretionary,shortTermDebt,DEBT_FREE_OR_NOTAG,48
PHM,Consumer Discretionary,currentAssets,DATA_ABSENT,48
PHM,Consumer Discretionary,currentLiabilities,DATA_ABSENT,48
PHM,Consumer Discretionary,changeInReceivables,DATA_ABSENT,48
PHM,Consumer Discretionary,interestIncomeBank,SECTOR_NA,48
PHM,Consumer Discretionary,netInterestIncome,SECTOR_NA,48
PHM,Consumer Discretionary,noninterestExpense,SECTOR_NA,48
PHM,Consumer Discretionary,premiumsEarned,SECTOR_NA,48
PHM,Consumer Discretionary,claimsIncurred,SECTOR_NA,48
PHM,Consumer Discretionary,rentalIncome,SECTOR_NA,48
PHM,Consumer Discretionary,explorationExpense,SECTOR_NA,48
PKG,Materials,shortTermDebt,COVERED_BY_TOTALDEBT,41
PKG,Materials,interestIncomeBank,SECTOR_NA,41
PKG,Materials,noninterestExpense,SECTOR_NA,41
PKG,Materials,premiumsEarned,SECTOR_NA,41
PKG,Materials,claimsIncurred,SECTOR_NA,41
PKG,Materials,rentalIncome,SECTOR_NA,41
PKG,Materials,explorationExpense,SECTOR_NA,41
PLD,Real Estate,grossProfit,NO_COGS_STRUCTURAL,48
PLD,Real Estate,grossMargins,NO_COGS_STRUCTURAL,48
PLD,Real Estate,costOfRevenue,NO_COGS_STRUCTURAL,48
PLD,Real Estate,shortTermDebt,DEBT_FREE_OR_NOTAG,48
PLD,Real Estate,currentAssets,UNCLASSIFIED_BALANCE_SHEET,48
PLD,Real Estate,currentLiabilities,UNCLASSIFIED_BALANCE_SHEET,48
PLD,Real Estate,goodwill,PRESENTATION_CHANGED,48
PLD,Real Estate,changeInInventory,DATA_ABSENT,48
PLD,Real Estate,changeInReceivables,DATA_ABSENT,48
PLD,Real Estate,changeInPayables,DATA_ABSENT,48
PLD,Real Estate,interestIncomeBank,SECTOR_NA,48
PLD,Real Estate,netInterestIncome,SECTOR_NA,48
PLD,Real Estate,noninterestExpense,SECTOR_NA,48
PLD,Real Estate,premiumsEarned,SECTOR_NA,48
PLD,Real Estate,claimsIncurred,SECTOR_NA,48
PLD,Real Estate,rentalIncome,PRESENTATION_CHANGED,48
PLD,Real Estate,explorationExpense,SECTOR_NA,48
PLTR,Information Technology,longTermDebt,PRESENTATION_CHANGED,18
PLTR,Information Technology,shortTermDebt,DEBT_FREE_OR_NOTAG,18
PLTR,Information Technology,goodwill,PRESENTATION_CHANGED,18
PLTR,Information Technology,changeInInventory,DATA_ABSENT,18
PLTR,Information Technology,interestIncomeBank,SECTOR_NA,18
PLTR,Information Technology,netInterestIncome,SECTOR_NA,18
PLTR,Information Technology,noninterestExpense,SECTOR_NA,18
PLTR,Information Technology,premiumsEarned,SECTOR_NA,18
PLTR,Information Technology,claimsIncurred,SECTOR_NA,18
PLTR,Information Technology,rentalIncome,SECTOR_NA,18
PLTR,Information Technology,explorationExpense,SECTOR_NA,18
PM,Consumer Staples,returnOnEquity,NEG_OR_ZERO_EQUITY,43
PM,Consumer Staples,interestIncomeBank,SECTOR_NA,43
PM,Consumer Staples,netInterestIncome,SECTOR_NA,43
PM,Consumer Staples,noninterestExpense,SECTOR_NA,43
PM,Consumer Staples,premiumsEarned,SECTOR_NA,43
PM,Consumer Staples,claimsIncurred,SECTOR_NA,43
PM,Consumer Staples,rentalIncome,SECTOR_NA,43
PM,Consumer Staples,explorationExpense,SECTOR_NA,43
PNC,Financials,grossProfit,NO_COGS_STRUCTURAL,49
PNC,Financials,grossMargins,NO_COGS_STRUCTURAL,49
PNC,Financials,costOfRevenue,NO_COGS_STRUCTURAL,49
PNC,Financials,operatingMargins,NO_COGS_STRUCTURAL,49
PNC,Financials,ebitda,NO_COGS_STRUCTURAL,49
PNC,Financials,shortTermDebt,COVERED_BY_TOTALDEBT,49
PNC,Financials,currentAssets,UNCLASSIFIED_BALANCE_SHEET,49
PNC,Financials,currentLiabilities,UNCLASSIFIED_BALANCE_SHEET,49
PNC,Financials,changeInInventory,DATA_ABSENT,49
PNC,Financials,changeInReceivables,DATA_ABSENT,49
PNC,Financials,changeInPayables,DATA_ABSENT,49
PNC,Financials,premiumsEarned,SECTOR_NA,49
PNC,Financials,claimsIncurred,SECTOR_NA,49
PNC,Financials,explorationExpense,SECTOR_NA,49
PNR,Industrials,shortTermDebt,COVERED_BY_TOTALDEBT,46
PNR,Industrials,interestIncomeBank,SECTOR_NA,46
PNR,Industrials,noninterestExpense,SECTOR_NA,46
PNR,Industrials,premiumsEarned,SECTOR_NA,46
PNR,Industrials,claimsIncurred,SECTOR_NA,46
PNR,Industrials,rentalIncome,SECTOR_NA,46
PNR,Industrials,explorationExpense,SECTOR_NA,46
PNW,Utilities,goodwill,NO_GOODWILL,49
PNW,Utilities,changeInReceivables,PRESENTATION_CHANGED,49
PNW,Utilities,interestIncomeBank,SECTOR_NA,49
PNW,Utilities,netInterestIncome,SECTOR_NA,49
PNW,Utilities,noninterestExpense,SECTOR_NA,49
PNW,Utilities,premiumsEarned,SECTOR_NA,49
PNW,Utilities,claimsIncurred,SECTOR_NA,49
PNW,Utilities,rentalIncome,SECTOR_NA,49
PNW,Utilities,explorationExpense,SECTOR_NA,49
PODD,Health Care,changeInReceivables,EXTRACTION,44
PODD,Health Care,interestIncomeBank,SECTOR_NA,44
PODD,Health Care,netInterestIncome,SECTOR_NA,44
PODD,Health Care,noninterestExpense,SECTOR_NA,44
PODD,Health Care,premiumsEarned,SECTOR_NA,44
PODD,Health Care,claimsIncurred,SECTOR_NA,44
PODD,Health Care,rentalIncome,SECTOR_NA,44
PODD,Health Care,explorationExpense,SECTOR_NA,44
PPG,Materials,interestIncomeBank,SECTOR_NA,48
PPG,Materials,netInterestIncome,SECTOR_NA,48
PPG,Materials,noninterestExpense,SECTOR_NA,48
PPG,Materials,premiumsEarned,SECTOR_NA,48
PPG,Materials,claimsIncurred,SECTOR_NA,48
PPG,Materials,rentalIncome,SECTOR_NA,48
PPG,Materials,explorationExpense,SECTOR_NA,48
PPL,Utilities,grossProfit,NO_COGS_STRUCTURAL,48
PPL,Utilities,grossMargins,NO_COGS_STRUCTURAL,48
PPL,Utilities,costOfRevenue,NO_COGS_STRUCTURAL,48
PPL,Utilities,interestIncomeBank,SECTOR_NA,48
PPL,Utilities,netInterestIncome,SECTOR_NA,48
PPL,Utilities,noninterestExpense,SECTOR_NA,48
PPL,Utilities,premiumsEarned,SECTOR_NA,48
PPL,Utilities,claimsIncurred,SECTOR_NA,48
PPL,Utilities,explorationExpense,SECTOR_NA,48
PRU,Financials,grossProfit,NO_COGS_STRUCTURAL,48
PRU,Financials,grossMargins,NO_COGS_STRUCTURAL,48
PRU,Financials,costOfRevenue,NO_COGS_STRUCTURAL,48
PRU,Financials,operatingMargins,NO_COGS_STRUCTURAL,48
PRU,Financials,ebitda,NO_COGS_STRUCTURAL,48
PRU,Financials,currentAssets,UNCLASSIFIED_BALANCE_SHEET,48
PRU,Financials,currentLiabilities,UNCLASSIFIED_BALANCE_SHEET,48
PRU,Financials,changeInInventory,DATA_ABSENT,48
PRU,Financials,changeInReceivables,DATA_ABSENT,48
PRU,Financials,changeInPayables,DATA_ABSENT,48
PRU,Financials,interestIncomeBank,SECTOR_NA,48
PRU,Financials,netInterestIncome,SECTOR_NA,48
PRU,Financials,noninterestExpense,SECTOR_NA,48
PRU,Financials,rentalIncome,SECTOR_NA,48
PRU,Financials,explorationExpense,SECTOR_NA,48
PSA,Real Estate,grossProfit,PRESENTATION_CHANGED,44
PSA,Real Estate,grossMargins,PRESENTATION_CHANGED,44
PSA,Real Estate,costOfRevenue,PRESENTATION_CHANGED,44
PSA,Real Estate,operatingMargins,EXTRACTION,44
PSA,Real Estate,ebitda,EXTRACTION,44
PSA,Real Estate,shortTermDebt,COVERED_BY_TOTALDEBT,44
PSA,Real Estate,currentAssets,UNCLASSIFIED_BALANCE_SHEET,44
PSA,Real Estate,currentLiabilities,UNCLASSIFIED_BALANCE_SHEET,44
PSA,Real Estate,changeInInventory,DATA_ABSENT,44
PSA,Real Estate,changeInReceivables,DATA_ABSENT,44
PSA,Real Estate,changeInPayables,DATA_ABSENT,44
PSA,Real Estate,interestIncomeBank,SECTOR_NA,44
PSA,Real Estate,netInterestIncome,SECTOR_NA,44
PSA,Real Estate,noninterestExpense,SECTOR_NA,44
PSA,Real Estate,premiumsEarned,SECTOR_NA,44
PSA,Real Estate,claimsIncurred,SECTOR_NA,44
PSA,Real Estate,rentalIncome,PRESENTATION_CHANGED,44
PSA,Real Estate,explorationExpense,SECTOR_NA,44
PSKY,Communication Services,grossProfit,SPINOFF_REORG,4
PSKY,Communication Services,grossMargins,SPINOFF_REORG,4
PSKY,Communication Services,costOfRevenue,SPINOFF_REORG,4
PSKY,Communication Services,operatingMargins,SPINOFF_REORG,4
PSKY,Communication Services,ebitda,SPINOFF_REORG,4
PSKY,Communication Services,returnOnEquity,SPINOFF_REORG,4
PSKY,Communication Services,changeInInventory,SPINOFF_REORG,4
PSKY,Communication Services,changeInReceivables,SPINOFF_REORG,4
PSKY,Communication Services,changeInPayables,SPINOFF_REORG,4
PSKY,Communication Services,interestIncomeBank,SECTOR_NA,4
PSKY,Communication Services,netInterestIncome,SECTOR_NA,4
PSKY,Communication Services,noninterestExpense,SECTOR_NA,4
PSKY,Communication Services,premiumsEarned,SECTOR_NA,4
PSKY,Communication Services,claimsIncurred,SECTOR_NA,4
PSKY,Communication Services,rentalIncome,SECTOR_NA,4
PSKY,Communication Services,explorationExpense,SECTOR_NA,4
PSX,Energy,interestIncomeBank,SECTOR_NA,44
PSX,Energy,netInterestIncome,SECTOR_NA,44
PSX,Energy,noninterestExpense,SECTOR_NA,44
PSX,Energy,premiumsEarned,SECTOR_NA,44
PSX,Energy,claimsIncurred,SECTOR_NA,44
PSX,Energy,rentalIncome,SECTOR_NA,44
PSX,Energy,explorationExpense,DATA_ABSENT,44
PTC,Information Technology,changeInInventory,DATA_ABSENT,43
PTC,Information Technology,interestIncomeBank,SECTOR_NA,43
PTC,Information Technology,netInterestIncome,SECTOR_NA,43
PTC,Information Technology,noninterestExpense,SECTOR_NA,43
PTC,Information Technology,premiumsEarned,SECTOR_NA,43
PTC,Information Technology,claimsIncurred,SECTOR_NA,43
PTC,Information Technology,rentalIncome,SECTOR_NA,43
PTC,Information Technology,explorationExpense,SECTOR_NA,43
PWR,Industrials,changeInReceivables,DATA_ABSENT,46
PWR,Industrials,changeInPayables,DATA_ABSENT,46
PWR,Industrials,interestIncomeBank,SECTOR_NA,46
PWR,Industrials,netInterestIncome,SECTOR_NA,46
PWR,Industrials,noninterestExpense,SECTOR_NA,46
PWR,Industrials,premiumsEarned,SECTOR_NA,46
PWR,Industrials,claimsIncurred,SECTOR_NA,46
PWR,Industrials,rentalIncome,SECTOR_NA,46
PWR,Industrials,explorationExpense,SECTOR_NA,46
PYPL,Financials,grossProfit,NO_COGS_STRUCTURAL,35
PYPL,Financials,grossMargins,NO_COGS_STRUCTURAL,35
PYPL,Financials,costOfRevenue,NO_COGS_STRUCTURAL,35
PYPL,Financials,shortTermDebt,COVERED_BY_TOTALDEBT,35
PYPL,Financials,changeInInventory,DATA_ABSENT,35
PYPL,Financials,interestIncomeBank,SECTOR_NA,35
PYPL,Financials,netInterestIncome,SECTOR_NA,35
PYPL,Financials,noninterestExpense,SECTOR_NA,35
PYPL,Financials,premiumsEarned,SECTOR_NA,35
PYPL,Financials,claimsIncurred,SECTOR_NA,35
PYPL,Financials,rentalIncome,SECTOR_NA,35
PYPL,Financials,explorationExpense,SECTOR_NA,35
Q,Information Technology,changeInInventory,SPINOFF_REORG,3
Q,Information Technology,changeInReceivables,SPINOFF_REORG,3
Q,Information Technology,interestIncomeBank,SECTOR_NA,3
Q,Information Technology,netInterestIncome,SECTOR_NA,3
Q,Information Technology,noninterestExpense,SECTOR_NA,3
Q,Information Technology,premiumsEarned,SECTOR_NA,3
Q,Information Technology,claimsIncurred,SECTOR_NA,3
Q,Information Technology,rentalIncome,SECTOR_NA,3
Q,Information Technology,explorationExpense,SECTOR_NA,3
QCOM,Information Technology,interestIncomeBank,SECTOR_NA,45
QCOM,Information Technology,netInterestIncome,SECTOR_NA,45
QCOM,Information Technology,noninterestExpense,SECTOR_NA,45
QCOM,Information Technology,premiumsEarned,SECTOR_NA,45
QCOM,Information Technology,claimsIncurred,SECTOR_NA,45
QCOM,Information Technology,rentalIncome,SECTOR_NA,45
QCOM,Information Technology,explorationExpense,SECTOR_NA,45
RCL,Consumer Discretionary,interestIncomeBank,SECTOR_NA,46
RCL,Consumer Discretionary,netInterestIncome,SECTOR_NA,46
RCL,Consumer Discretionary,noninterestExpense,SECTOR_NA,46
RCL,Consumer Discretionary,premiumsEarned,SECTOR_NA,46
RCL,Consumer Discretionary,claimsIncurred,SECTOR_NA,46
RCL,Consumer Discretionary,rentalIncome,SECTOR_NA,46
RCL,Consumer Discretionary,explorationExpense,SECTOR_NA,46
REG,Real Estate,grossProfit,NO_COGS_STRUCTURAL,40
REG,Real Estate,grossMargins,NO_COGS_STRUCTURAL,40
REG,Real Estate,costOfRevenue,NO_COGS_STRUCTURAL,40
REG,Real Estate,shortTermDebt,DEBT_FREE_OR_NOTAG,40
REG,Real Estate,currentAssets,UNCLASSIFIED_BALANCE_SHEET,40
REG,Real Estate,currentLiabilities,UNCLASSIFIED_BALANCE_SHEET,40
REG,Real Estate,changeInInventory,DATA_ABSENT,40
REG,Real Estate,interestIncomeBank,SECTOR_NA,40
REG,Real Estate,netInterestIncome,SECTOR_NA,40
REG,Real Estate,noninterestExpense,SECTOR_NA,40
REG,Real Estate,premiumsEarned,SECTOR_NA,40
REG,Real Estate,claimsIncurred,SECTOR_NA,40
REG,Real Estate,explorationExpense,SECTOR_NA,40
REGN,Health Care,grossProfit,PRESENTATION_CHANGED,43
REGN,Health Care,grossMargins,PRESENTATION_CHANGED,43
REGN,Health Care,costOfRevenue,PRESENTATION_CHANGED,43
REGN,Health Care,shortTermDebt,COVERED_BY_TOTALDEBT,43
REGN,Health Care,goodwill,NO_GOODWILL,43
REGN,Health Care,interestIncomeBank,SECTOR_NA,43
REGN,Health Care,netInterestIncome,SECTOR_NA,43
REGN,Health Care,noninterestExpense,SECTOR_NA,43
REGN,Health Care,premiumsEarned,SECTOR_NA,43
REGN,Health Care,claimsIncurred,SECTOR_NA,43
REGN,Health Care,rentalIncome,SECTOR_NA,43
REGN,Health Care,explorationExpense,SECTOR_NA,43
RF,Financials,grossProfit,NO_COGS_STRUCTURAL,40
RF,Financials,grossMargins,NO_COGS_STRUCTURAL,40
RF,Financials,costOfRevenue,NO_COGS_STRUCTURAL,40
RF,Financials,operatingMargins,EXTRACTION,40
RF,Financials,currentAssets,UNCLASSIFIED_BALANCE_SHEET,40
RF,Financials,currentLiabilities,UNCLASSIFIED_BALANCE_SHEET,40
RF,Financials,changeInInventory,DATA_ABSENT,40
RF,Financials,changeInReceivables,DATA_ABSENT,40
RF,Financials,changeInPayables,DATA_ABSENT,40
RF,Financials,premiumsEarned,SECTOR_NA,40
RF,Financials,claimsIncurred,SECTOR_NA,40
RF,Financials,explorationExpense,SECTOR_NA,40
RJF,Financials,grossProfit,NO_COGS_STRUCTURAL,42
RJF,Financials,grossMargins,NO_COGS_STRUCTURAL,42
RJF,Financials,costOfRevenue,NO_COGS_STRUCTURAL,42
RJF,Financials,operatingMargins,NO_COGS_STRUCTURAL,42
RJF,Financials,ebitda,NO_COGS_STRUCTURAL,42
RJF,Financials,longTermDebt,COVERED_BY_TOTALDEBT,42
RJF,Financials,shortTermDebt,COVERED_BY_TOTALDEBT,42
RJF,Financials,currentAssets,UNCLASSIFIED_BALANCE_SHEET,42
RJF,Financials,currentLiabilities,UNCLASSIFIED_BALANCE_SHEET,42
RJF,Financials,changeInInventory,DATA_ABSENT,42
RJF,Financials,interestIncomeBank,SECTOR_NA,42
RJF,Financials,premiumsEarned,SECTOR_NA,42
RJF,Financials,claimsIncurred,SECTOR_NA,42
RJF,Financials,rentalIncome,SECTOR_NA,42
RJF,Financials,explorationExpense,SECTOR_NA,42
RL,Consumer Discretionary,interestIncomeBank,SECTOR_NA,44
RL,Consumer Discretionary,netInterestIncome,SECTOR_NA,44
RL,Consumer Discretionary,noninterestExpense,SECTOR_NA,44
RL,Consumer Discretionary,premiumsEarned,SECTOR_NA,44
RL,Consumer Discretionary,claimsIncurred,SECTOR_NA,44
RL,Consumer Discretionary,rentalIncome,SECTOR_NA,44
RL,Consumer Discretionary,explorationExpense,SECTOR_NA,44
RMD,Health Care,interestIncomeBank,SECTOR_NA,44
RMD,Health Care,netInterestIncome,SECTOR_NA,44
RMD,Health Care,noninterestExpense,SECTOR_NA,44
RMD,Health Care,premiumsEarned,SECTOR_NA,44
RMD,Health Care,claimsIncurred,SECTOR_NA,44
RMD,Health Care,rentalIncome,SECTOR_NA,44
RMD,Health Care,explorationExpense,SECTOR_NA,44
ROK,Industrials,interestIncomeBank,SECTOR_NA,44
ROK,Industrials,netInterestIncome,SECTOR_NA,44
ROK,Industrials,noninterestExpense,SECTOR_NA,44
ROK,Industrials,premiumsEarned,SECTOR_NA,44
ROK,Industrials,claimsIncurred,SECTOR_NA,44
ROK,Industrials,rentalIncome,SECTOR_NA,44
ROK,Industrials,explorationExpense,SECTOR_NA,44
ROL,Industrials,longTermDebt,COVERED_BY_TOTALDEBT,30
ROL,Industrials,shortTermDebt,COVERED_BY_TOTALDEBT,30
ROL,Industrials,interestIncomeBank,SECTOR_NA,30
ROL,Industrials,netInterestIncome,SECTOR_NA,30
ROL,Industrials,noninterestExpense,SECTOR_NA,30
ROL,Industrials,premiumsEarned,SECTOR_NA,30
ROL,Industrials,claimsIncurred,SECTOR_NA,30
ROL,Industrials,rentalIncome,SECTOR_NA,30
ROL,Industrials,explorationExpense,SECTOR_NA,30
ROP,Information Technology,interestIncomeBank,SECTOR_NA,46
ROP,Information Technology,netInterestIncome,SECTOR_NA,46
ROP,Information Technology,noninterestExpense,SECTOR_NA,46
ROP,Information Technology,premiumsEarned,SECTOR_NA,46
ROP,Information Technology,claimsIncurred,SECTOR_NA,46
ROP,Information Technology,rentalIncome,SECTOR_NA,46
ROP,Information Technology,explorationExpense,SECTOR_NA,46
ROST,Consumer Discretionary,goodwill,PRESENTATION_CHANGED,40
ROST,Consumer Discretionary,changeInReceivables,DATA_ABSENT,40
ROST,Consumer Discretionary,interestIncomeBank,SECTOR_NA,40
ROST,Consumer Discretionary,noninterestExpense,SECTOR_NA,40
ROST,Consumer Discretionary,premiumsEarned,SECTOR_NA,40
ROST,Consumer Discretionary,claimsIncurred,SECTOR_NA,40
ROST,Consumer Discretionary,rentalIncome,SECTOR_NA,40
ROST,Consumer Discretionary,explorationExpense,SECTOR_NA,40
RSG,Industrials,shortTermDebt,DEBT_FREE_OR_NOTAG,50
RSG,Industrials,changeInInventory,DATA_ABSENT,50
RSG,Industrials,interestIncomeBank,SECTOR_NA,50
RSG,Industrials,netInterestIncome,SECTOR_NA,50
RSG,Industrials,noninterestExpense,SECTOR_NA,50
RSG,Industrials,premiumsEarned,SECTOR_NA,50
RSG,Industrials,claimsIncurred,SECTOR_NA,50
RSG,Industrials,rentalIncome,SECTOR_NA,50
RSG,Industrials,explorationExpense,SECTOR_NA,50
RTX,Industrials,grossProfit,PRESENTATION_CHANGED,36
RTX,Industrials,grossMargins,PRESENTATION_CHANGED,36
RTX,Industrials,costOfRevenue,PRESENTATION_CHANGED,36
RTX,Industrials,interestIncomeBank,SECTOR_NA,36
RTX,Industrials,netInterestIncome,SECTOR_NA,36
RTX,Industrials,noninterestExpense,SECTOR_NA,36
RTX,Industrials,premiumsEarned,SECTOR_NA,36
RTX,Industrials,claimsIncurred,SECTOR_NA,36
RTX,Industrials,rentalIncome,SECTOR_NA,36
RTX,Industrials,explorationExpense,SECTOR_NA,36
RVTY,Health Care,grossProfit,EXTRACTION,38
RVTY,Health Care,grossMargins,EXTRACTION,38
RVTY,Health Care,costOfRevenue,EXTRACTION,38
RVTY,Health Care,interestIncomeBank,SECTOR_NA,38
RVTY,Health Care,netInterestIncome,SECTOR_NA,38
RVTY,Health Care,noninterestExpense,SECTOR_NA,38
RVTY,Health Care,premiumsEarned,SECTOR_NA,38
RVTY,Health Care,claimsIncurred,SECTOR_NA,38
RVTY,Health Care,rentalIncome,SECTOR_NA,38
RVTY,Health Care,explorationExpense,SECTOR_NA,38
SBAC,Real Estate,returnOnEquity,NEG_OR_ZERO_EQUITY,49
SBAC,Real Estate,goodwill,NO_GOODWILL,49
SBAC,Real Estate,changeInInventory,DATA_ABSENT,49
SBAC,Real Estate,interestIncomeBank,SECTOR_NA,49
SBAC,Real Estate,netInterestIncome,SECTOR_NA,49
SBAC,Real Estate,noninterestExpense,SECTOR_NA,49
SBAC,Real Estate,premiumsEarned,SECTOR_NA,49
SBAC,Real Estate,claimsIncurred,SECTOR_NA,49
SBAC,Real Estate,explorationExpense,SECTOR_NA,49
SBUX,Consumer Discretionary,grossProfit,PRESENTATION_CHANGED,42
SBUX,Consumer Discretionary,grossMargins,PRESENTATION_CHANGED,42
SBUX,Consumer Discretionary,costOfRevenue,PRESENTATION_CHANGED,42
SBUX,Consumer Discretionary,returnOnEquity,NEG_OR_ZERO_EQUITY,42
SBUX,Consumer Discretionary,interestIncomeBank,SECTOR_NA,42
SBUX,Consumer Discretionary,netInterestIncome,SECTOR_NA,42
SBUX,Consumer Discretionary,noninterestExpense,SECTOR_NA,42
SBUX,Consumer Discretionary,premiumsEarned,SECTOR_NA,42
SBUX,Consumer Discretionary,claimsIncurred,SECTOR_NA,42
SBUX,Consumer Discretionary,rentalIncome,SECTOR_NA,42
SBUX,Consumer Discretionary,explorationExpense,SECTOR_NA,42
SCHW,Financials,grossProfit,NO_COGS_STRUCTURAL,43
SCHW,Financials,grossMargins,NO_COGS_STRUCTURAL,43
SCHW,Financials,costOfRevenue,NO_COGS_STRUCTURAL,43
SCHW,Financials,operatingMargins,NO_COGS_STRUCTURAL,43
SCHW,Financials,ebitda,NO_COGS_STRUCTURAL,43
SCHW,Financials,currentAssets,UNCLASSIFIED_BALANCE_SHEET,43
SCHW,Financials,currentLiabilities,UNCLASSIFIED_BALANCE_SHEET,43
SCHW,Financials,changeInInventory,DATA_ABSENT,43
SCHW,Financials,changeInReceivables,DATA_ABSENT,43
SCHW,Financials,changeInPayables,DATA_ABSENT,43
SCHW,Financials,interestIncomeBank,SECTOR_NA,43
SCHW,Financials,premiumsEarned,SECTOR_NA,43
SCHW,Financials,claimsIncurred,SECTOR_NA,43
SCHW,Financials,rentalIncome,SECTOR_NA,43
SCHW,Financials,explorationExpense,SECTOR_NA,43
SHW,Materials,interestIncomeBank,SECTOR_NA,49
SHW,Materials,netInterestIncome,SECTOR_NA,49
SHW,Materials,noninterestExpense,SECTOR_NA,49
SHW,Materials,premiumsEarned,SECTOR_NA,49
SHW,Materials,claimsIncurred,SECTOR_NA,49
SHW,Materials,rentalIncome,SECTOR_NA,49
SHW,Materials,explorationExpense,SECTOR_NA,49
SJM,Consumer Staples,interestIncomeBank,SECTOR_NA,43
SJM,Consumer Staples,netInterestIncome,SECTOR_NA,43
SJM,Consumer Staples,noninterestExpense,SECTOR_NA,43
SJM,Consumer Staples,premiumsEarned,SECTOR_NA,43
SJM,Consumer Staples,claimsIncurred,SECTOR_NA,43
SJM,Consumer Staples,rentalIncome,SECTOR_NA,43
SJM,Consumer Staples,explorationExpense,SECTOR_NA,43
SLB,Energy,grossProfit,PRESENTATION_CHANGED,48
SLB,Energy,grossMargins,PRESENTATION_CHANGED,48
SLB,Energy,costOfRevenue,PRESENTATION_CHANGED,48
SLB,Energy,operatingMargins,EXTRACTION,48
SLB,Energy,ebitda,EXTRACTION,48
SLB,Energy,shortTermDebt,COVERED_BY_TOTALDEBT,48
SLB,Energy,interestIncomeBank,SECTOR_NA,48
SLB,Energy,netInterestIncome,SECTOR_NA,48
SLB,Energy,noninterestExpense,SECTOR_NA,48
SLB,Energy,premiumsEarned,SECTOR_NA,48
SLB,Energy,claimsIncurred,SECTOR_NA,48
SLB,Energy,rentalIncome,SECTOR_NA,48
SLB,Energy,explorationExpense,DATA_ABSENT,48
SMCI,Information Technology,longTermDebt,COVERED_BY_TOTALDEBT,35
SMCI,Information Technology,shortTermDebt,COVERED_BY_TOTALDEBT,35
SMCI,Information Technology,goodwill,NO_GOODWILL,35
SMCI,Information Technology,interestIncomeBank,SECTOR_NA,35
SMCI,Information Technology,netInterestIncome,SECTOR_NA,35
SMCI,Information Technology,noninterestExpense,SECTOR_NA,35
SMCI,Information Technology,premiumsEarned,SECTOR_NA,35
SMCI,Information Technology,claimsIncurred,SECTOR_NA,35
SMCI,Information Technology,rentalIncome,SECTOR_NA,35
SMCI,Information Technology,explorationExpense,SECTOR_NA,35
SNA,Industrials,grossProfit,PRESENTATION_CHANGED,43
SNA,Industrials,grossMargins,PRESENTATION_CHANGED,43
SNA,Industrials,costOfRevenue,PRESENTATION_CHANGED,43
SNA,Industrials,shortTermDebt,COVERED_BY_TOTALDEBT,43
SNA,Industrials,interestIncomeBank,SECTOR_NA,43
SNA,Industrials,netInterestIncome,SECTOR_NA,43
SNA,Industrials,noninterestExpense,SECTOR_NA,43
SNA,Industrials,premiumsEarned,SECTOR_NA,43
SNA,Industrials,claimsIncurred,SECTOR_NA,43
SNA,Industrials,rentalIncome,SECTOR_NA,43
SNA,Industrials,explorationExpense,SECTOR_NA,43
SNDK,Information Technology,interestIncomeBank,SECTOR_NA,6
SNDK,Information Technology,netInterestIncome,SECTOR_NA,6
SNDK,Information Technology,noninterestExpense,SECTOR_NA,6
SNDK,Information Technology,premiumsEarned,SECTOR_NA,6
SNDK,Information Technology,claimsIncurred,SECTOR_NA,6
SNDK,Information Technology,rentalIncome,SECTOR_NA,6
SNDK,Information Technology,explorationExpense,SECTOR_NA,6
SNPS,Information Technology,shortTermDebt,COVERED_BY_TOTALDEBT,44
SNPS,Information Technology,interestIncomeBank,SECTOR_NA,44
SNPS,Information Technology,netInterestIncome,SECTOR_NA,44
SNPS,Information Technology,noninterestExpense,SECTOR_NA,44
SNPS,Information Technology,premiumsEarned,SECTOR_NA,44
SNPS,Information Technology,claimsIncurred,SECTOR_NA,44
SNPS,Information Technology,rentalIncome,SECTOR_NA,44
SNPS,Information Technology,explorationExpense,SECTOR_NA,44
SO,Utilities,grossProfit,PRESENTATION_CHANGED,42
SO,Utilities,grossMargins,PRESENTATION_CHANGED,42
SO,Utilities,costOfRevenue,PRESENTATION_CHANGED,42
SO,Utilities,changeInInventory,DATA_ABSENT,42
SO,Utilities,interestIncomeBank,SECTOR_NA,42
SO,Utilities,netInterestIncome,SECTOR_NA,42
SO,Utilities,noninterestExpense,SECTOR_NA,42
SO,Utilities,premiumsEarned,SECTOR_NA,42
SO,Utilities,claimsIncurred,SECTOR_NA,42
SO,Utilities,explorationExpense,SECTOR_NA,42
SOLV,Health Care,costOfRevenue,SPINOFF_REORG,7
SOLV,Health Care,interestIncomeBank,SECTOR_NA,7
SOLV,Health Care,netInterestIncome,SECTOR_NA,7
SOLV,Health Care,noninterestExpense,SECTOR_NA,7
SOLV,Health Care,premiumsEarned,SECTOR_NA,7
SOLV,Health Care,claimsIncurred,SECTOR_NA,7
SOLV,Health Care,explorationExpense,SECTOR_NA,7
SPG,Real Estate,grossProfit,NO_COGS_STRUCTURAL,51
SPG,Real Estate,grossMargins,NO_COGS_STRUCTURAL,51
SPG,Real Estate,costOfRevenue,NO_COGS_STRUCTURAL,51
SPG,Real Estate,shortTermDebt,DEBT_FREE_OR_NOTAG,51
SPG,Real Estate,currentAssets,UNCLASSIFIED_BALANCE_SHEET,51
SPG,Real Estate,currentLiabilities,UNCLASSIFIED_BALANCE_SHEET,51
SPG,Real Estate,changeInInventory,DATA_ABSENT,51
SPG,Real Estate,changeInReceivables,DATA_ABSENT,51
SPG,Real Estate,changeInPayables,DATA_ABSENT,51
SPG,Real Estate,interestIncomeBank,SECTOR_NA,51
SPG,Real Estate,netInterestIncome,SECTOR_NA,51
SPG,Real Estate,noninterestExpense,SECTOR_NA,51
SPG,Real Estate,premiumsEarned,SECTOR_NA,51
SPG,Real Estate,claimsIncurred,SECTOR_NA,51
SPG,Real Estate,explorationExpense,SECTOR_NA,51
SPGI,Financials,changeInInventory,PRESENTATION_CHANGED,47
SPGI,Financials,interestIncomeBank,SECTOR_NA,47
SPGI,Financials,netInterestIncome,SECTOR_NA,47
SPGI,Financials,noninterestExpense,SECTOR_NA,47
SPGI,Financials,premiumsEarned,SECTOR_NA,47
SPGI,Financials,claimsIncurred,SECTOR_NA,47
SPGI,Financials,rentalIncome,SECTOR_NA,47
SPGI,Financials,explorationExpense,SECTOR_NA,47
SRE,Utilities,grossProfit,NO_COGS_STRUCTURAL,43
SRE,Utilities,grossMargins,NO_COGS_STRUCTURAL,43
SRE,Utilities,costOfRevenue,NO_COGS_STRUCTURAL,43
SRE,Utilities,operatingMargins,NO_COGS_STRUCTURAL,43
SRE,Utilities,ebitda,NO_COGS_STRUCTURAL,43
SRE,Utilities,changeInReceivables,DATA_ABSENT,43
SRE,Utilities,interestIncomeBank,SECTOR_NA,43
SRE,Utilities,netInterestIncome,SECTOR_NA,43
SRE,Utilities,noninterestExpense,SECTOR_NA,43
SRE,Utilities,premiumsEarned,SECTOR_NA,43
SRE,Utilities,claimsIncurred,SECTOR_NA,43
SRE,Utilities,explorationExpense,SECTOR_NA,43
STE,Health Care,interestIncomeBank,SECTOR_NA,22
STE,Health Care,netInterestIncome,SECTOR_NA,22
STE,Health Care,noninterestExpense,SECTOR_NA,22
STE,Health Care,premiumsEarned,SECTOR_NA,22
STE,Health Care,claimsIncurred,SECTOR_NA,22
STE,Health Care,rentalIncome,SECTOR_NA,22
STE,Health Care,explorationExpense,SECTOR_NA,22
STLD,Materials,interestIncomeBank,SECTOR_NA,45
STLD,Materials,netInterestIncome,SECTOR_NA,45
STLD,Materials,noninterestExpense,SECTOR_NA,45
STLD,Materials,premiumsEarned,SECTOR_NA,45
STLD,Materials,claimsIncurred,SECTOR_NA,45
STLD,Materials,rentalIncome,SECTOR_NA,45
STLD,Materials,explorationExpense,SECTOR_NA,45
STT,Financials,grossProfit,NO_COGS_STRUCTURAL,44
STT,Financials,grossMargins,NO_COGS_STRUCTURAL,44
STT,Financials,costOfRevenue,NO_COGS_STRUCTURAL,44
STT,Financials,operatingMargins,NO_COGS_STRUCTURAL,44
STT,Financials,ebitda,NO_COGS_STRUCTURAL,44
STT,Financials,longTermDebt,COVERED_BY_TOTALDEBT,44
STT,Financials,currentAssets,UNCLASSIFIED_BALANCE_SHEET,44
STT,Financials,currentLiabilities,UNCLASSIFIED_BALANCE_SHEET,44
STT,Financials,changeInInventory,DATA_ABSENT,44
STT,Financials,changeInReceivables,DATA_ABSENT,44
STT,Financials,changeInPayables,DATA_ABSENT,44
STT,Financials,premiumsEarned,SECTOR_NA,44
STT,Financials,claimsIncurred,SECTOR_NA,44
STT,Financials,explorationExpense,SECTOR_NA,44
STX,Information Technology,returnOnEquity,NEG_OR_ZERO_EQUITY,45
STX,Information Technology,interestIncomeBank,SECTOR_NA,45
STX,Information Technology,netInterestIncome,SECTOR_NA,45
STX,Information Technology,noninterestExpense,SECTOR_NA,45
STX,Information Technology,premiumsEarned,SECTOR_NA,45
STX,Information Technology,claimsIncurred,SECTOR_NA,45
STX,Information Technology,rentalIncome,SECTOR_NA,45
STX,Information Technology,explorationExpense,SECTOR_NA,45
STZ,Consumer Staples,changeInReceivables,EXTRACTION,48
STZ,Consumer Staples,interestIncomeBank,SECTOR_NA,48
STZ,Consumer Staples,netInterestIncome,SECTOR_NA,48
STZ,Consumer Staples,noninterestExpense,SECTOR_NA,48
STZ,Consumer Staples,premiumsEarned,SECTOR_NA,48
STZ,Consumer Staples,claimsIncurred,SECTOR_NA,48
STZ,Consumer Staples,rentalIncome,SECTOR_NA,48
STZ,Consumer Staples,explorationExpense,SECTOR_NA,48
SW,Materials,longTermDebt,SPINOFF_REORG,9
SW,Materials,shortTermDebt,SPINOFF_REORG,9
SW,Materials,currentAssets,SPINOFF_REORG,9
SW,Materials,currentLiabilities,SPINOFF_REORG,9
SW,Materials,interestIncomeBank,SECTOR_NA,9
SW,Materials,netInterestIncome,SECTOR_NA,9
SW,Materials,noninterestExpense,SECTOR_NA,9
SW,Materials,premiumsEarned,SECTOR_NA,9
SW,Materials,claimsIncurred,SECTOR_NA,9
SW,Materials,rentalIncome,SECTOR_NA,9
SW,Materials,explorationExpense,SECTOR_NA,9
SWK,Industrials,interestIncomeBank,SECTOR_NA,35
SWK,Industrials,netInterestIncome,SECTOR_NA,35
SWK,Industrials,noninterestExpense,SECTOR_NA,35
SWK,Industrials,premiumsEarned,SECTOR_NA,35
SWK,Industrials,claimsIncurred,SECTOR_NA,35
SWK,Industrials,rentalIncome,SECTOR_NA,35
SWK,Industrials,explorationExpense,SECTOR_NA,35
SWKS,Information Technology,interestIncomeBank,SECTOR_NA,46
SWKS,Information Technology,netInterestIncome,SECTOR_NA,46
SWKS,Information Technology,noninterestExpense,SECTOR_NA,46
SWKS,Information Technology,premiumsEarned,SECTOR_NA,46
SWKS,Information Technology,claimsIncurred,SECTOR_NA,46
SWKS,Information Technology,rentalIncome,SECTOR_NA,46
SWKS,Information Technology,explorationExpense,SECTOR_NA,46
SYF,Financials,grossProfit,NO_COGS_STRUCTURAL,38
SYF,Financials,grossMargins,NO_COGS_STRUCTURAL,38
SYF,Financials,costOfRevenue,NO_COGS_STRUCTURAL,38
SYF,Financials,operatingMargins,NO_COGS_STRUCTURAL,38
SYF,Financials,ebitda,NO_COGS_STRUCTURAL,38
SYF,Financials,shortTermDebt,DEBT_FREE_OR_NOTAG,38
SYF,Financials,currentAssets,UNCLASSIFIED_BALANCE_SHEET,38
SYF,Financials,currentLiabilities,UNCLASSIFIED_BALANCE_SHEET,38
SYF,Financials,changeInInventory,DATA_ABSENT,38
SYF,Financials,changeInReceivables,DATA_ABSENT,38
SYF,Financials,changeInPayables,DATA_ABSENT,38
SYF,Financials,interestIncomeBank,SECTOR_NA,38
SYF,Financials,premiumsEarned,SECTOR_NA,38
SYF,Financials,claimsIncurred,SECTOR_NA,38
SYF,Financials,rentalIncome,SECTOR_NA,38
SYF,Financials,explorationExpense,SECTOR_NA,38
SYK,Health Care,interestIncomeBank,SECTOR_NA,42
SYK,Health Care,netInterestIncome,SECTOR_NA,42
SYK,Health Care,noninterestExpense,SECTOR_NA,42
SYK,Health Care,premiumsEarned,SECTOR_NA,42
SYK,Health Care,claimsIncurred,SECTOR_NA,42
SYK,Health Care,rentalIncome,SECTOR_NA,42
SYK,Health Care,explorationExpense,SECTOR_NA,42
SYY,Consumer Staples,shortTermDebt,COVERED_BY_TOTALDEBT,39
SYY,Consumer Staples,changeInInventory,PRESENTATION_CHANGED,39
SYY,Consumer Staples,changeInReceivables,PRESENTATION_CHANGED,39
SYY,Consumer Staples,interestIncomeBank,SECTOR_NA,39
SYY,Consumer Staples,netInterestIncome,SECTOR_NA,39
SYY,Consumer Staples,noninterestExpense,SECTOR_NA,39
SYY,Consumer Staples,premiumsEarned,SECTOR_NA,39
SYY,Consumer Staples,claimsIncurred,SECTOR_NA,39
SYY,Consumer Staples,rentalIncome,SECTOR_NA,39
SYY,Consumer Staples,explorationExpense,SECTOR_NA,39
T,Communication Services,grossProfit,EXTRACTION,47
T,Communication Services,grossMargins,EXTRACTION,47
T,Communication Services,costOfRevenue,EXTRACTION,47
T,Communication Services,changeInInventory,DATA_ABSENT,47
T,Communication Services,changeInPayables,PRESENTATION_CHANGED,47
T,Communication Services,interestIncomeBank,SECTOR_NA,47
T,Communication Services,netInterestIncome,SECTOR_NA,47
T,Communication Services,noninterestExpense,SECTOR_NA,47
T,Communication Services,premiumsEarned,SECTOR_NA,47
T,Communication Services,claimsIncurred,SECTOR_NA,47
T,Communication Services,rentalIncome,SECTOR_NA,47
T,Communication Services,explorationExpense,SECTOR_NA,47
TAP,Consumer Staples,interestIncomeBank,SECTOR_NA,42
TAP,Consumer Staples,netInterestIncome,SECTOR_NA,42
TAP,Consumer Staples,noninterestExpense,SECTOR_NA,42
TAP,Consumer Staples,premiumsEarned,SECTOR_NA,42
TAP,Consumer Staples,claimsIncurred,SECTOR_NA,42
TAP,Consumer Staples,rentalIncome,SECTOR_NA,42
TAP,Consumer Staples,explorationExpense,SECTOR_NA,42
TDG,Industrials,returnOnEquity,NEG_OR_ZERO_EQUITY,44
TDG,Industrials,interestIncomeBank,SECTOR_NA,44
TDG,Industrials,noninterestExpense,SECTOR_NA,44
TDG,Industrials,premiumsEarned,SECTOR_NA,44
TDG,Industrials,claimsIncurred,SECTOR_NA,44
TDG,Industrials,rentalIncome,SECTOR_NA,44
TDG,Industrials,explorationExpense,SECTOR_NA,44
TDY,Information Technology,interestIncomeBank,SECTOR_NA,41
TDY,Information Technology,netInterestIncome,SECTOR_NA,41
TDY,Information Technology,noninterestExpense,SECTOR_NA,41
TDY,Information Technology,premiumsEarned,SECTOR_NA,41
TDY,Information Technology,claimsIncurred,SECTOR_NA,41
TDY,Information Technology,rentalIncome,SECTOR_NA,41
TDY,Information Technology,explorationExpense,SECTOR_NA,41
TECH,Health Care,shortTermDebt,COVERED_BY_TOTALDEBT,46
TECH,Health Care,interestIncomeBank,SECTOR_NA,46
TECH,Health Care,netInterestIncome,SECTOR_NA,46
TECH,Health Care,noninterestExpense,SECTOR_NA,46
TECH,Health Care,premiumsEarned,SECTOR_NA,46
TECH,Health Care,claimsIncurred,SECTOR_NA,46
TECH,Health Care,rentalIncome,SECTOR_NA,46
TECH,Health Care,explorationExpense,SECTOR_NA,46
TEL,Information Technology,interestIncomeBank,SECTOR_NA,46
TEL,Information Technology,netInterestIncome,SECTOR_NA,46
TEL,Information Technology,noninterestExpense,SECTOR_NA,46
TEL,Information Technology,premiumsEarned,SECTOR_NA,46
TEL,Information Technology,claimsIncurred,SECTOR_NA,46
TEL,Information Technology,rentalIncome,SECTOR_NA,46
TEL,Information Technology,explorationExpense,SECTOR_NA,46
TER,Information Technology,longTermDebt,COVERED_BY_TOTALDEBT,38
TER,Information Technology,shortTermDebt,COVERED_BY_TOTALDEBT,38
TER,Information Technology,changeInPayables,PRESENTATION_CHANGED,38
TER,Information Technology,interestIncomeBank,SECTOR_NA,38
TER,Information Technology,netInterestIncome,SECTOR_NA,38
TER,Information Technology,noninterestExpense,SECTOR_NA,38
TER,Information Technology,premiumsEarned,SECTOR_NA,38
TER,Information Technology,claimsIncurred,SECTOR_NA,38
TER,Information Technology,rentalIncome,SECTOR_NA,38
TER,Information Technology,explorationExpense,SECTOR_NA,38
TFC,Financials,grossProfit,NO_COGS_STRUCTURAL,45
TFC,Financials,grossMargins,NO_COGS_STRUCTURAL,45
TFC,Financials,costOfRevenue,NO_COGS_STRUCTURAL,45
TFC,Financials,operatingMargins,NO_COGS_STRUCTURAL,45
TFC,Financials,ebitda,NO_COGS_STRUCTURAL,45
TFC,Financials,currentAssets,UNCLASSIFIED_BALANCE_SHEET,45
TFC,Financials,currentLiabilities,UNCLASSIFIED_BALANCE_SHEET,45
TFC,Financials,changeInInventory,DATA_ABSENT,45
TFC,Financials,changeInReceivables,DATA_ABSENT,45
TFC,Financials,changeInPayables,DATA_ABSENT,45
TFC,Financials,premiumsEarned,SECTOR_NA,45
TFC,Financials,claimsIncurred,SECTOR_NA,45
TFC,Financials,rentalIncome,SECTOR_NA,45
TFC,Financials,explorationExpense,SECTOR_NA,45
TGT,Consumer Staples,shortTermDebt,COVERED_BY_TOTALDEBT,44
TGT,Consumer Staples,changeInReceivables,PRESENTATION_CHANGED,44
TGT,Consumer Staples,interestIncomeBank,SECTOR_NA,44
TGT,Consumer Staples,netInterestIncome,SECTOR_NA,44
TGT,Consumer Staples,noninterestExpense,SECTOR_NA,44
TGT,Consumer Staples,premiumsEarned,SECTOR_NA,44
TGT,Consumer Staples,claimsIncurred,SECTOR_NA,44
TGT,Consumer Staples,rentalIncome,SECTOR_NA,44
TGT,Consumer Staples,explorationExpense,SECTOR_NA,44
TJX,Consumer Discretionary,interestIncomeBank,SECTOR_NA,39
TJX,Consumer Discretionary,netInterestIncome,SECTOR_NA,39
TJX,Consumer Discretionary,noninterestExpense,SECTOR_NA,39
TJX,Consumer Discretionary,premiumsEarned,SECTOR_NA,39
TJX,Consumer Discretionary,claimsIncurred,SECTOR_NA,39
TJX,Consumer Discretionary,rentalIncome,SECTOR_NA,39
TJX,Consumer Discretionary,explorationExpense,SECTOR_NA,39
TKO,Communication Services,grossProfit,SPINOFF_REORG,11
TKO,Communication Services,grossMargins,SPINOFF_REORG,11
TKO,Communication Services,costOfRevenue,SPINOFF_REORG,11
TKO,Communication Services,changeInInventory,SPINOFF_REORG,11
TKO,Communication Services,interestIncomeBank,SECTOR_NA,11
TKO,Communication Services,netInterestIncome,SECTOR_NA,11
TKO,Communication Services,noninterestExpense,SECTOR_NA,11
TKO,Communication Services,premiumsEarned,SECTOR_NA,11
TKO,Communication Services,claimsIncurred,SECTOR_NA,11
TKO,Communication Services,rentalIncome,SECTOR_NA,11
TKO,Communication Services,explorationExpense,SECTOR_NA,11
TMO,Health Care,grossProfit,PRESENTATION_CHANGED,40
TMO,Health Care,grossMargins,PRESENTATION_CHANGED,40
TMO,Health Care,costOfRevenue,PRESENTATION_CHANGED,40
TMO,Health Care,interestIncomeBank,SECTOR_NA,40
TMO,Health Care,netInterestIncome,SECTOR_NA,40
TMO,Health Care,noninterestExpense,SECTOR_NA,40
TMO,Health Care,premiumsEarned,SECTOR_NA,40
TMO,Health Care,claimsIncurred,SECTOR_NA,40
TMO,Health Care,rentalIncome,SECTOR_NA,40
TMO,Health Care,explorationExpense,SECTOR_NA,40
TMUS,Communication Services,grossProfit,PRESENTATION_CHANGED,41
TMUS,Communication Services,grossMargins,PRESENTATION_CHANGED,41
TMUS,Communication Services,costOfRevenue,PRESENTATION_CHANGED,41
TMUS,Communication Services,interestIncomeBank,SECTOR_NA,41
TMUS,Communication Services,netInterestIncome,SECTOR_NA,41
TMUS,Communication Services,noninterestExpense,SECTOR_NA,41
TMUS,Communication Services,premiumsEarned,SECTOR_NA,41
TMUS,Communication Services,claimsIncurred,SECTOR_NA,41
TMUS,Communication Services,rentalIncome,SECTOR_NA,41
TMUS,Communication Services,explorationExpense,SECTOR_NA,41
TPL,Energy,grossProfit,NO_COGS_STRUCTURAL,21
TPL,Energy,grossMargins,NO_COGS_STRUCTURAL,21
TPL,Energy,costOfRevenue,NO_COGS_STRUCTURAL,21
TPL,Energy,longTermDebt,DEBT_FREE_OR_NOTAG,21
TPL,Energy,shortTermDebt,DEBT_FREE_OR_NOTAG,21
TPL,Energy,goodwill,NO_GOODWILL,21
TPL,Energy,changeInInventory,DATA_ABSENT,21
TPL,Energy,changeInReceivables,PRESENTATION_CHANGED,21
TPL,Energy,changeInPayables,PRESENTATION_CHANGED,21
TPL,Energy,interestIncomeBank,SECTOR_NA,21
TPL,Energy,netInterestIncome,SECTOR_NA,21
TPL,Energy,noninterestExpense,SECTOR_NA,21
TPL,Energy,premiumsEarned,SECTOR_NA,21
TPL,Energy,claimsIncurred,SECTOR_NA,21
TPL,Energy,rentalIncome,SECTOR_NA,21
TPL,Energy,explorationExpense,DATA_ABSENT,21
TPR,Consumer Discretionary,interestIncomeBank,SECTOR_NA,43
TPR,Consumer Discretionary,noninterestExpense,SECTOR_NA,43
TPR,Consumer Discretionary,premiumsEarned,SECTOR_NA,43
TPR,Consumer Discretionary,claimsIncurred,SECTOR_NA,43
TPR,Consumer Discretionary,rentalIncome,SECTOR_NA,43
TPR,Consumer Discretionary,explorationExpense,SECTOR_NA,43
TRGP,Energy,shortTermDebt,COVERED_BY_TOTALDEBT,41
TRGP,Energy,changeInReceivables,DATA_ABSENT,41
TRGP,Energy,changeInPayables,PRESENTATION_CHANGED,41
TRGP,Energy,interestIncomeBank,SECTOR_NA,41
TRGP,Energy,netInterestIncome,SECTOR_NA,41
TRGP,Energy,noninterestExpense,SECTOR_NA,41
TRGP,Energy,premiumsEarned,SECTOR_NA,41
TRGP,Energy,claimsIncurred,SECTOR_NA,41
TRGP,Energy,rentalIncome,SECTOR_NA,41
TRGP,Energy,explorationExpense,DATA_ABSENT,41
TRMB,Information Technology,interestIncomeBank,SECTOR_NA,39
TRMB,Information Technology,netInterestIncome,SECTOR_NA,39
TRMB,Information Technology,noninterestExpense,SECTOR_NA,39
TRMB,Information Technology,premiumsEarned,SECTOR_NA,39
TRMB,Information Technology,claimsIncurred,SECTOR_NA,39
TRMB,Information Technology,rentalIncome,SECTOR_NA,39
TRMB,Information Technology,explorationExpense,SECTOR_NA,39
TROW,Financials,grossProfit,PRESENTATION_CHANGED,41
TROW,Financials,grossMargins,PRESENTATION_CHANGED,41
TROW,Financials,costOfRevenue,NO_COGS_STRUCTURAL,41
TROW,Financials,longTermDebt,DEBT_FREE_OR_NOTAG,41
TROW,Financials,shortTermDebt,DEBT_FREE_OR_NOTAG,41
TROW,Financials,currentAssets,UNCLASSIFIED_BALANCE_SHEET,41
TROW,Financials,currentLiabilities,UNCLASSIFIED_BALANCE_SHEET,41
TROW,Financials,changeInInventory,DATA_ABSENT,41
TROW,Financials,changeInReceivables,PRESENTATION_CHANGED,41
TROW,Financials,changeInPayables,PRESENTATION_CHANGED,41
TROW,Financials,interestIncomeBank,SECTOR_NA,41
TROW,Financials,netInterestIncome,SECTOR_NA,41
TROW,Financials,noninterestExpense,SECTOR_NA,41
TROW,Financials,premiumsEarned,SECTOR_NA,41
TROW,Financials,claimsIncurred,SECTOR_NA,41
TROW,Financials,rentalIncome,SECTOR_NA,41
TROW,Financials,explorationExpense,SECTOR_NA,41
TRV,Financials,grossProfit,NO_COGS_STRUCTURAL,48
TRV,Financials,grossMargins,NO_COGS_STRUCTURAL,48
TRV,Financials,costOfRevenue,NO_COGS_STRUCTURAL,48
TRV,Financials,operatingMargins,PRESENTATION_CHANGED,48
TRV,Financials,ebitda,PRESENTATION_CHANGED,48
TRV,Financials,longTermDebt,COVERED_BY_TOTALDEBT,48
TRV,Financials,currentAssets,UNCLASSIFIED_BALANCE_SHEET,48
TRV,Financials,currentLiabilities,UNCLASSIFIED_BALANCE_SHEET,48
TRV,Financials,changeInInventory,DATA_ABSENT,48
TRV,Financials,changeInReceivables,DATA_ABSENT,48
TRV,Financials,changeInPayables,DATA_ABSENT,48
TRV,Financials,interestIncomeBank,SECTOR_NA,48
TRV,Financials,netInterestIncome,SECTOR_NA,48
TRV,Financials,noninterestExpense,SECTOR_NA,48
TRV,Financials,rentalIncome,SECTOR_NA,48
TRV,Financials,explorationExpense,SECTOR_NA,48
TSCO,Consumer Discretionary,shortTermDebt,DEBT_FREE_OR_NOTAG,47
TSCO,Consumer Discretionary,changeInReceivables,DATA_ABSENT,47
TSCO,Consumer Discretionary,interestIncomeBank,SECTOR_NA,47
TSCO,Consumer Discretionary,netInterestIncome,SECTOR_NA,47
TSCO,Consumer Discretionary,noninterestExpense,SECTOR_NA,47
TSCO,Consumer Discretionary,premiumsEarned,SECTOR_NA,47
TSCO,Consumer Discretionary,claimsIncurred,SECTOR_NA,47
TSCO,Consumer Discretionary,rentalIncome,SECTOR_NA,47
TSCO,Consumer Discretionary,explorationExpense,SECTOR_NA,47
TSLA,Consumer Discretionary,interestIncomeBank,SECTOR_NA,48
TSLA,Consumer Discretionary,netInterestIncome,SECTOR_NA,48
TSLA,Consumer Discretionary,noninterestExpense,SECTOR_NA,48
TSLA,Consumer Discretionary,premiumsEarned,SECTOR_NA,48
TSLA,Consumer Discretionary,claimsIncurred,SECTOR_NA,48
TSLA,Consumer Discretionary,rentalIncome,SECTOR_NA,48
TSLA,Consumer Discretionary,explorationExpense,SECTOR_NA,48
TSN,Consumer Staples,interestIncomeBank,SECTOR_NA,46
TSN,Consumer Staples,netInterestIncome,SECTOR_NA,46
TSN,Consumer Staples,noninterestExpense,SECTOR_NA,46
TSN,Consumer Staples,premiumsEarned,SECTOR_NA,46
TSN,Consumer Staples,claimsIncurred,SECTOR_NA,46
TSN,Consumer Staples,rentalIncome,SECTOR_NA,46
TSN,Consumer Staples,explorationExpense,SECTOR_NA,46
TT,Industrials,grossProfit,EXTRACTION,45
TT,Industrials,grossMargins,EXTRACTION,45
TT,Industrials,costOfRevenue,EXTRACTION,45
TT,Industrials,changeInReceivables,DATA_ABSENT,45
TT,Industrials,interestIncomeBank,SECTOR_NA,45
TT,Industrials,netInterestIncome,SECTOR_NA,45
TT,Industrials,noninterestExpense,SECTOR_NA,45
TT,Industrials,premiumsEarned,SECTOR_NA,45
TT,Industrials,claimsIncurred,SECTOR_NA,45
TT,Industrials,rentalIncome,SECTOR_NA,45
TT,Industrials,explorationExpense,SECTOR_NA,45
TTD,Communication Services,longTermDebt,DEBT_FREE_OR_NOTAG,30
TTD,Communication Services,shortTermDebt,DEBT_FREE_OR_NOTAG,30
TTD,Communication Services,goodwill,NO_GOODWILL,30
TTD,Communication Services,changeInInventory,DATA_ABSENT,30
TTD,Communication Services,interestIncomeBank,SECTOR_NA,30
TTD,Communication Services,noninterestExpense,SECTOR_NA,30
TTD,Communication Services,premiumsEarned,SECTOR_NA,30
TTD,Communication Services,claimsIncurred,SECTOR_NA,30
TTD,Communication Services,rentalIncome,SECTOR_NA,30
TTD,Communication Services,explorationExpense,SECTOR_NA,30
TTWO,Communication Services,changeInInventory,PRESENTATION_CHANGED,44
TTWO,Communication Services,changeInPayables,DATA_ABSENT,44
TTWO,Communication Services,interestIncomeBank,SECTOR_NA,44
TTWO,Communication Services,netInterestIncome,SECTOR_NA,44
TTWO,Communication Services,noninterestExpense,SECTOR_NA,44
TTWO,Communication Services,premiumsEarned,SECTOR_NA,44
TTWO,Communication Services,claimsIncurred,SECTOR_NA,44
TTWO,Communication Services,rentalIncome,SECTOR_NA,44
TTWO,Communication Services,explorationExpense,SECTOR_NA,44
TXN,Information Technology,interestIncomeBank,SECTOR_NA,41
TXN,Information Technology,netInterestIncome,SECTOR_NA,41
TXN,Information Technology,noninterestExpense,SECTOR_NA,41
TXN,Information Technology,premiumsEarned,SECTOR_NA,41
TXN,Information Technology,claimsIncurred,SECTOR_NA,41
TXN,Information Technology,rentalIncome,SECTOR_NA,41
TXN,Information Technology,explorationExpense,SECTOR_NA,41
TXT,Industrials,grossProfit,PRESENTATION_CHANGED,42
TXT,Industrials,grossMargins,PRESENTATION_CHANGED,42
TXT,Industrials,costOfRevenue,PRESENTATION_CHANGED,42
TXT,Industrials,operatingMargins,PRESENTATION_CHANGED,42
TXT,Industrials,ebitda,PRESENTATION_CHANGED,42
TXT,Industrials,longTermDebt,DEBT_FREE_OR_NOTAG,42
TXT,Industrials,shortTermDebt,DEBT_FREE_OR_NOTAG,42
TXT,Industrials,currentAssets,DATA_ABSENT,42
TXT,Industrials,currentLiabilities,DATA_ABSENT,42
TXT,Industrials,goodwill,NO_GOODWILL,42
TXT,Industrials,interestIncomeBank,SECTOR_NA,42
TXT,Industrials,noninterestExpense,SECTOR_NA,42
TXT,Industrials,premiumsEarned,SECTOR_NA,42
TXT,Industrials,claimsIncurred,SECTOR_NA,42
TXT,Industrials,rentalIncome,SECTOR_NA,42
TXT,Industrials,explorationExpense,SECTOR_NA,42
TYL,Information Technology,shortTermDebt,COVERED_BY_TOTALDEBT,46
TYL,Information Technology,changeInInventory,DATA_ABSENT,46
TYL,Information Technology,interestIncomeBank,SECTOR_NA,46
TYL,Information Technology,netInterestIncome,SECTOR_NA,46
TYL,Information Technology,noninterestExpense,SECTOR_NA,46
TYL,Information Technology,premiumsEarned,SECTOR_NA,46
TYL,Information Technology,claimsIncurred,SECTOR_NA,46
TYL,Information Technology,rentalIncome,SECTOR_NA,46
TYL,Information Technology,explorationExpense,SECTOR_NA,46
UAL,Industrials,grossProfit,NO_COGS_SERVICES,43
UAL,Industrials,grossMargins,NO_COGS_SERVICES,43
UAL,Industrials,costOfRevenue,NO_COGS_SERVICES,43
UAL,Industrials,changeInInventory,DATA_ABSENT,43
UAL,Industrials,interestIncomeBank,SECTOR_NA,43
UAL,Industrials,netInterestIncome,SECTOR_NA,43
UAL,Industrials,noninterestExpense,SECTOR_NA,43
UAL,Industrials,premiumsEarned,SECTOR_NA,43
UAL,Industrials,claimsIncurred,SECTOR_NA,43
UAL,Industrials,rentalIncome,SECTOR_NA,43
UAL,Industrials,explorationExpense,SECTOR_NA,43
UBER,Industrials,changeInInventory,DATA_ABSENT,24
UBER,Industrials,interestIncomeBank,SECTOR_NA,24
UBER,Industrials,netInterestIncome,SECTOR_NA,24
UBER,Industrials,noninterestExpense,SECTOR_NA,24
UBER,Industrials,premiumsEarned,SECTOR_NA,24
UBER,Industrials,claimsIncurred,SECTOR_NA,24
UBER,Industrials,rentalIncome,SECTOR_NA,24
UBER,Industrials,explorationExpense,SECTOR_NA,24
UDR,Real Estate,grossProfit,NO_COGS_STRUCTURAL,48
UDR,Real Estate,grossMargins,NO_COGS_STRUCTURAL,48
UDR,Real Estate,costOfRevenue,NO_COGS_STRUCTURAL,48
UDR,Real Estate,shortTermDebt,DEBT_FREE_OR_NOTAG,48
UDR,Real Estate,currentAssets,UNCLASSIFIED_BALANCE_SHEET,48
UDR,Real Estate,currentLiabilities,UNCLASSIFIED_BALANCE_SHEET,48
UDR,Real Estate,goodwill,NO_GOODWILL,48
UDR,Real Estate,changeInInventory,DATA_ABSENT,48
UDR,Real Estate,changeInReceivables,DATA_ABSENT,48
UDR,Real Estate,changeInPayables,DATA_ABSENT,48
UDR,Real Estate,interestIncomeBank,SECTOR_NA,48
UDR,Real Estate,netInterestIncome,SECTOR_NA,48
UDR,Real Estate,noninterestExpense,SECTOR_NA,48
UDR,Real Estate,premiumsEarned,SECTOR_NA,48
UDR,Real Estate,claimsIncurred,SECTOR_NA,48
UDR,Real Estate,explorationExpense,SECTOR_NA,48
UHS,Health Care,grossProfit,NO_COGS_SERVICES,42
UHS,Health Care,grossMargins,NO_COGS_SERVICES,42
UHS,Health Care,costOfRevenue,NO_COGS_SERVICES,42
UHS,Health Care,changeInInventory,DATA_ABSENT,42
UHS,Health Care,changeInPayables,DATA_ABSENT,42
UHS,Health Care,interestIncomeBank,SECTOR_NA,42
UHS,Health Care,netInterestIncome,SECTOR_NA,42
UHS,Health Care,noninterestExpense,SECTOR_NA,42
UHS,Health Care,premiumsEarned,SECTOR_NA,42
UHS,Health Care,claimsIncurred,SECTOR_NA,42
UHS,Health Care,rentalIncome,SECTOR_NA,42
UHS,Health Care,explorationExpense,SECTOR_NA,42
ULTA,Consumer Discretionary,longTermDebt,COVERED_BY_TOTALDEBT,42
ULTA,Consumer Discretionary,shortTermDebt,COVERED_BY_TOTALDEBT,42
ULTA,Consumer Discretionary,interestIncomeBank,SECTOR_NA,42
ULTA,Consumer Discretionary,netInterestIncome,SECTOR_NA,42
ULTA,Consumer Discretionary,noninterestExpense,SECTOR_NA,42
ULTA,Consumer Discretionary,premiumsEarned,SECTOR_NA,42
ULTA,Consumer Discretionary,claimsIncurred,SECTOR_NA,42
ULTA,Consumer Discretionary,rentalIncome,SECTOR_NA,42
ULTA,Consumer Discretionary,explorationExpense,SECTOR_NA,42
UNH,Health Care,changeInInventory,DATA_ABSENT,44
UNH,Health Care,interestIncomeBank,SECTOR_NA,44
UNH,Health Care,netInterestIncome,SECTOR_NA,44
UNH,Health Care,noninterestExpense,SECTOR_NA,44
UNH,Health Care,rentalIncome,SECTOR_NA,44
UNH,Health Care,explorationExpense,SECTOR_NA,44
UNP,Industrials,grossProfit,NO_COGS_SERVICES,47
UNP,Industrials,grossMargins,NO_COGS_SERVICES,47
UNP,Industrials,costOfRevenue,NO_COGS_SERVICES,47
UNP,Industrials,goodwill,NO_GOODWILL,47
UNP,Industrials,changeInInventory,DATA_ABSENT,47
UNP,Industrials,interestIncomeBank,SECTOR_NA,47
UNP,Industrials,netInterestIncome,SECTOR_NA,47
UNP,Industrials,noninterestExpense,SECTOR_NA,47
UNP,Industrials,premiumsEarned,SECTOR_NA,47
UNP,Industrials,claimsIncurred,SECTOR_NA,47
UNP,Industrials,rentalIncome,SECTOR_NA,47
UNP,Industrials,explorationExpense,SECTOR_NA,47
UPS,Industrials,grossProfit,NO_COGS_SERVICES,39
UPS,Industrials,grossMargins,NO_COGS_SERVICES,39
UPS,Industrials,costOfRevenue,NO_COGS_SERVICES,39
UPS,Industrials,changeInInventory,DATA_ABSENT,39
UPS,Industrials,interestIncomeBank,SECTOR_NA,39
UPS,Industrials,netInterestIncome,SECTOR_NA,39
UPS,Industrials,noninterestExpense,SECTOR_NA,39
UPS,Industrials,premiumsEarned,SECTOR_NA,39
UPS,Industrials,claimsIncurred,SECTOR_NA,39
UPS,Industrials,rentalIncome,SECTOR_NA,39
UPS,Industrials,explorationExpense,SECTOR_NA,39
URI,Industrials,interestIncomeBank,SECTOR_NA,44
URI,Industrials,netInterestIncome,SECTOR_NA,44
URI,Industrials,noninterestExpense,SECTOR_NA,44
URI,Industrials,premiumsEarned,SECTOR_NA,44
URI,Industrials,claimsIncurred,SECTOR_NA,44
URI,Industrials,rentalIncome,SECTOR_NA,44
URI,Industrials,explorationExpense,SECTOR_NA,44
USB,Financials,grossProfit,NO_COGS_STRUCTURAL,48
USB,Financials,grossMargins,NO_COGS_STRUCTURAL,48
USB,Financials,costOfRevenue,NO_COGS_STRUCTURAL,48
USB,Financials,operatingMargins,NO_COGS_STRUCTURAL,48
USB,Financials,ebitda,NO_COGS_STRUCTURAL,48
USB,Financials,longTermDebt,COVERED_BY_TOTALDEBT,48
USB,Financials,currentAssets,UNCLASSIFIED_BALANCE_SHEET,48
USB,Financials,currentLiabilities,UNCLASSIFIED_BALANCE_SHEET,48
USB,Financials,changeInInventory,DATA_ABSENT,48
USB,Financials,changeInReceivables,DATA_ABSENT,48
USB,Financials,changeInPayables,DATA_ABSENT,48
USB,Financials,premiumsEarned,SECTOR_NA,48
USB,Financials,claimsIncurred,SECTOR_NA,48
USB,Financials,explorationExpense,SECTOR_NA,48
V,Financials,grossProfit,NO_COGS_STRUCTURAL,48
V,Financials,grossMargins,NO_COGS_STRUCTURAL,48
V,Financials,costOfRevenue,NO_COGS_STRUCTURAL,48
V,Financials,changeInInventory,DATA_ABSENT,48
V,Financials,interestIncomeBank,SECTOR_NA,48
V,Financials,netInterestIncome,SECTOR_NA,48
V,Financials,noninterestExpense,SECTOR_NA,48
V,Financials,premiumsEarned,SECTOR_NA,48
V,Financials,claimsIncurred,SECTOR_NA,48
V,Financials,rentalIncome,SECTOR_NA,48
V,Financials,explorationExpense,SECTOR_NA,48
VEEV,Health Care,longTermDebt,DEBT_FREE_OR_NOTAG,41
VEEV,Health Care,shortTermDebt,DEBT_FREE_OR_NOTAG,41
VEEV,Health Care,changeInInventory,DATA_ABSENT,41
VEEV,Health Care,interestIncomeBank,SECTOR_NA,41
VEEV,Health Care,netInterestIncome,SECTOR_NA,41
VEEV,Health Care,noninterestExpense,SECTOR_NA,41
VEEV,Health Care,premiumsEarned,SECTOR_NA,41
VEEV,Health Care,claimsIncurred,SECTOR_NA,41
VEEV,Health Care,rentalIncome,SECTOR_NA,41
VEEV,Health Care,explorationExpense,SECTOR_NA,41
VICI,Real Estate,shortTermDebt,DEBT_FREE_OR_NOTAG,26
VICI,Real Estate,currentAssets,UNCLASSIFIED_BALANCE_SHEET,26
VICI,Real Estate,currentLiabilities,UNCLASSIFIED_BALANCE_SHEET,26
VICI,Real Estate,goodwill,NO_GOODWILL,26
VICI,Real Estate,changeInInventory,DATA_ABSENT,26
VICI,Real Estate,changeInReceivables,DATA_ABSENT,26
VICI,Real Estate,changeInPayables,PRESENTATION_CHANGED,26
VICI,Real Estate,netInterestIncome,SECTOR_NA,26
VICI,Real Estate,noninterestExpense,SECTOR_NA,26
VICI,Real Estate,premiumsEarned,SECTOR_NA,26
VICI,Real Estate,claimsIncurred,SECTOR_NA,26
VICI,Real Estate,rentalIncome,PRESENTATION_CHANGED,26
VICI,Real Estate,explorationExpense,SECTOR_NA,26
VLO,Energy,interestIncomeBank,SECTOR_NA,42
VLO,Energy,netInterestIncome,SECTOR_NA,42
VLO,Energy,noninterestExpense,SECTOR_NA,42
VLO,Energy,premiumsEarned,SECTOR_NA,42
VLO,Energy,claimsIncurred,SECTOR_NA,42
VLO,Energy,rentalIncome,SECTOR_NA,42
VLO,Energy,explorationExpense,DATA_ABSENT,42
VLTO,Industrials,shortTermDebt,SPINOFF_REORG,10
VLTO,Industrials,interestIncomeBank,SECTOR_NA,10
VLTO,Industrials,netInterestIncome,SECTOR_NA,10
VLTO,Industrials,noninterestExpense,SECTOR_NA,10
VLTO,Industrials,premiumsEarned,SECTOR_NA,10
VLTO,Industrials,claimsIncurred,SECTOR_NA,10
VLTO,Industrials,explorationExpense,SECTOR_NA,10
VMC,Materials,changeInReceivables,DATA_ABSENT,44
VMC,Materials,changeInPayables,DATA_ABSENT,44
VMC,Materials,interestIncomeBank,SECTOR_NA,44
VMC,Materials,netInterestIncome,SECTOR_NA,44
VMC,Materials,noninterestExpense,SECTOR_NA,44
VMC,Materials,premiumsEarned,SECTOR_NA,44
VMC,Materials,claimsIncurred,SECTOR_NA,44
VMC,Materials,rentalIncome,SECTOR_NA,44
VMC,Materials,explorationExpense,SECTOR_NA,44
VRSK,Industrials,returnOnEquity,NEG_OR_ZERO_EQUITY,44
VRSK,Industrials,changeInInventory,DATA_ABSENT,44
VRSK,Industrials,interestIncomeBank,SECTOR_NA,44
VRSK,Industrials,netInterestIncome,SECTOR_NA,44
VRSK,Industrials,noninterestExpense,SECTOR_NA,44
VRSK,Industrials,premiumsEarned,SECTOR_NA,44
VRSK,Industrials,claimsIncurred,SECTOR_NA,44
VRSK,Industrials,rentalIncome,SECTOR_NA,44
VRSK,Industrials,explorationExpense,SECTOR_NA,44
VRSN,Information Technology,returnOnEquity,NEG_OR_ZERO_EQUITY,48
VRSN,Information Technology,longTermDebt,PRESENTATION_CHANGED,48
VRSN,Information Technology,shortTermDebt,DEBT_FREE_OR_NOTAG,48
VRSN,Information Technology,changeInInventory,DATA_ABSENT,48
VRSN,Information Technology,changeInReceivables,PRESENTATION_CHANGED,48
VRSN,Information Technology,interestIncomeBank,SECTOR_NA,48
VRSN,Information Technology,netInterestIncome,SECTOR_NA,48
VRSN,Information Technology,noninterestExpense,SECTOR_NA,48
VRSN,Information Technology,premiumsEarned,SECTOR_NA,48
VRSN,Information Technology,claimsIncurred,SECTOR_NA,48
VRSN,Information Technology,rentalIncome,SECTOR_NA,48
VRSN,Information Technology,explorationExpense,SECTOR_NA,48
VRT,Industrials,interestIncomeBank,SECTOR_NA,25
VRT,Industrials,netInterestIncome,SECTOR_NA,25
VRT,Industrials,noninterestExpense,SECTOR_NA,25
VRT,Industrials,premiumsEarned,SECTOR_NA,25
VRT,Industrials,claimsIncurred,SECTOR_NA,25
VRT,Industrials,rentalIncome,SECTOR_NA,25
VRT,Industrials,explorationExpense,SECTOR_NA,25
VRTX,Health Care,longTermDebt,PRESENTATION_CHANGED,43
VRTX,Health Care,shortTermDebt,DEBT_FREE_OR_NOTAG,43
VRTX,Health Care,interestIncomeBank,SECTOR_NA,43
VRTX,Health Care,netInterestIncome,SECTOR_NA,43
VRTX,Health Care,noninterestExpense,SECTOR_NA,43
VRTX,Health Care,premiumsEarned,SECTOR_NA,43
VRTX,Health Care,claimsIncurred,SECTOR_NA,43
VRTX,Health Care,rentalIncome,SECTOR_NA,43
VRTX,Health Care,explorationExpense,SECTOR_NA,43
VST,Utilities,grossProfit,NO_COGS_STRUCTURAL,28
VST,Utilities,grossMargins,NO_COGS_STRUCTURAL,28
VST,Utilities,costOfRevenue,NO_COGS_STRUCTURAL,28
VST,Utilities,interestIncomeBank,SECTOR_NA,28
VST,Utilities,netInterestIncome,SECTOR_NA,28
VST,Utilities,noninterestExpense,SECTOR_NA,28
VST,Utilities,premiumsEarned,SECTOR_NA,28
VST,Utilities,claimsIncurred,SECTOR_NA,28
VST,Utilities,rentalIncome,SECTOR_NA,28
VST,Utilities,explorationExpense,SECTOR_NA,28
VTR,Real Estate,grossProfit,NO_COGS_STRUCTURAL,50
VTR,Real Estate,grossMargins,NO_COGS_STRUCTURAL,50
VTR,Real Estate,costOfRevenue,NO_COGS_STRUCTURAL,50
VTR,Real Estate,operatingMargins,PRESENTATION_CHANGED,50
VTR,Real Estate,ebitda,PRESENTATION_CHANGED,50
VTR,Real Estate,currentAssets,UNCLASSIFIED_BALANCE_SHEET,50
VTR,Real Estate,currentLiabilities,UNCLASSIFIED_BALANCE_SHEET,50
VTR,Real Estate,changeInInventory,DATA_ABSENT,50
VTR,Real Estate,changeInReceivables,DATA_ABSENT,50
VTR,Real Estate,netInterestIncome,SECTOR_NA,50
VTR,Real Estate,noninterestExpense,SECTOR_NA,50
VTR,Real Estate,premiumsEarned,SECTOR_NA,50
VTR,Real Estate,claimsIncurred,SECTOR_NA,50
VTR,Real Estate,explorationExpense,SECTOR_NA,50
VTRS,Health Care,interestIncomeBank,SECTOR_NA,21
VTRS,Health Care,netInterestIncome,SECTOR_NA,21
VTRS,Health Care,noninterestExpense,SECTOR_NA,21
VTRS,Health Care,premiumsEarned,SECTOR_NA,21
VTRS,Health Care,claimsIncurred,SECTOR_NA,21
VTRS,Health Care,rentalIncome,SECTOR_NA,21
VTRS,Health Care,explorationExpense,SECTOR_NA,21
VZ,Communication Services,grossProfit,PRESENTATION_CHANGED,50
VZ,Communication Services,grossMargins,PRESENTATION_CHANGED,50
VZ,Communication Services,costOfRevenue,PRESENTATION_CHANGED,50
VZ,Communication Services,interestIncomeBank,SECTOR_NA,50
VZ,Communication Services,netInterestIncome,SECTOR_NA,50
VZ,Communication Services,noninterestExpense,SECTOR_NA,50
VZ,Communication Services,premiumsEarned,SECTOR_NA,50
VZ,Communication Services,claimsIncurred,SECTOR_NA,50
VZ,Communication Services,rentalIncome,SECTOR_NA,50
VZ,Communication Services,explorationExpense,SECTOR_NA,50
WAB,Industrials,interestIncomeBank,SECTOR_NA,45
WAB,Industrials,netInterestIncome,SECTOR_NA,45
WAB,Industrials,noninterestExpense,SECTOR_NA,45
WAB,Industrials,premiumsEarned,SECTOR_NA,45
WAB,Industrials,claimsIncurred,SECTOR_NA,45
WAB,Industrials,rentalIncome,SECTOR_NA,45
WAB,Industrials,explorationExpense,SECTOR_NA,45
WAT,Health Care,grossProfit,EXTRACTION,49
WAT,Health Care,grossMargins,EXTRACTION,49
WAT,Health Care,costOfRevenue,EXTRACTION,49
WAT,Health Care,operatingMargins,EXTRACTION,49
WAT,Health Care,ebitda,EXTRACTION,49
WAT,Health Care,returnOnEquity,EXTRACTION,49
WAT,Health Care,shortTermDebt,COVERED_BY_TOTALDEBT,49
WAT,Health Care,changeInInventory,EXTRACTION,49
WAT,Health Care,changeInReceivables,EXTRACTION,49
WAT,Health Care,changeInPayables,EXTRACTION,49
WAT,Health Care,interestIncomeBank,SECTOR_NA,49
WAT,Health Care,netInterestIncome,SECTOR_NA,49
WAT,Health Care,noninterestExpense,SECTOR_NA,49
WAT,Health Care,premiumsEarned,SECTOR_NA,49
WAT,Health Care,claimsIncurred,SECTOR_NA,49
WAT,Health Care,rentalIncome,SECTOR_NA,49
WAT,Health Care,explorationExpense,SECTOR_NA,49
WBD,Communication Services,changeInInventory,DATA_ABSENT,44
WBD,Communication Services,changeInReceivables,PRESENTATION_CHANGED,44
WBD,Communication Services,interestIncomeBank,SECTOR_NA,44
WBD,Communication Services,netInterestIncome,SECTOR_NA,44
WBD,Communication Services,noninterestExpense,SECTOR_NA,44
WBD,Communication Services,premiumsEarned,SECTOR_NA,44
WBD,Communication Services,claimsIncurred,SECTOR_NA,44
WBD,Communication Services,rentalIncome,SECTOR_NA,44
WBD,Communication Services,explorationExpense,SECTOR_NA,44
WDAY,Information Technology,grossProfit,PRESENTATION_CHANGED,38
WDAY,Information Technology,grossMargins,PRESENTATION_CHANGED,38
WDAY,Information Technology,costOfRevenue,PRESENTATION_CHANGED,38
WDAY,Information Technology,shortTermDebt,COVERED_BY_TOTALDEBT,38
WDAY,Information Technology,changeInInventory,DATA_ABSENT,38
WDAY,Information Technology,interestIncomeBank,SECTOR_NA,38
WDAY,Information Technology,netInterestIncome,SECTOR_NA,38
WDAY,Information Technology,noninterestExpense,SECTOR_NA,38
WDAY,Information Technology,premiumsEarned,SECTOR_NA,38
WDAY,Information Technology,claimsIncurred,SECTOR_NA,38
WDAY,Information Technology,rentalIncome,SECTOR_NA,38
WDAY,Information Technology,explorationExpense,SECTOR_NA,38
WDC,Information Technology,interestIncomeBank,SECTOR_NA,42
WDC,Information Technology,netInterestIncome,SECTOR_NA,42
WDC,Information Technology,noninterestExpense,SECTOR_NA,42
WDC,Information Technology,premiumsEarned,SECTOR_NA,42
WDC,Information Technology,claimsIncurred,SECTOR_NA,42
WDC,Information Technology,rentalIncome,SECTOR_NA,42
WDC,Information Technology,explorationExpense,SECTOR_NA,42
WEC,Utilities,interestIncomeBank,SECTOR_NA,38
WEC,Utilities,netInterestIncome,SECTOR_NA,38
WEC,Utilities,noninterestExpense,SECTOR_NA,38
WEC,Utilities,premiumsEarned,SECTOR_NA,38
WEC,Utilities,claimsIncurred,SECTOR_NA,38
WEC,Utilities,rentalIncome,SECTOR_NA,38
WEC,Utilities,explorationExpense,SECTOR_NA,38
WELL,Real Estate,shortTermDebt,DEBT_FREE_OR_NOTAG,39
WELL,Real Estate,currentAssets,UNCLASSIFIED_BALANCE_SHEET,39
WELL,Real Estate,currentLiabilities,UNCLASSIFIED_BALANCE_SHEET,39
WELL,Real Estate,changeInInventory,DATA_ABSENT,39
WELL,Real Estate,changeInReceivables,DATA_ABSENT,39
WELL,Real Estate,changeInPayables,DATA_ABSENT,39
WELL,Real Estate,interestIncomeBank,SECTOR_NA,39
WELL,Real Estate,netInterestIncome,SECTOR_NA,39
WELL,Real Estate,noninterestExpense,SECTOR_NA,39
WELL,Real Estate,premiumsEarned,SECTOR_NA,39
WELL,Real Estate,claimsIncurred,SECTOR_NA,39
WELL,Real Estate,explorationExpense,SECTOR_NA,39
WFC,Financials,grossProfit,NO_COGS_STRUCTURAL,48
WFC,Financials,grossMargins,NO_COGS_STRUCTURAL,48
WFC,Financials,costOfRevenue,NO_COGS_STRUCTURAL,48
WFC,Financials,operatingMargins,NO_COGS_STRUCTURAL,48
WFC,Financials,ebitda,NO_COGS_STRUCTURAL,48
WFC,Financials,currentAssets,UNCLASSIFIED_BALANCE_SHEET,48
WFC,Financials,currentLiabilities,UNCLASSIFIED_BALANCE_SHEET,48
WFC,Financials,changeInInventory,DATA_ABSENT,48
WFC,Financials,changeInReceivables,DATA_ABSENT,48
WFC,Financials,changeInPayables,DATA_ABSENT,48
WFC,Financials,premiumsEarned,SECTOR_NA,48
WFC,Financials,claimsIncurred,SECTOR_NA,48
WFC,Financials,rentalIncome,SECTOR_NA,48
WFC,Financials,explorationExpense,SECTOR_NA,48
WM,Industrials,changeInInventory,DATA_ABSENT,45
WM,Industrials,interestIncomeBank,SECTOR_NA,45
WM,Industrials,netInterestIncome,SECTOR_NA,45
WM,Industrials,noninterestExpense,SECTOR_NA,45
WM,Industrials,premiumsEarned,SECTOR_NA,45
WM,Industrials,claimsIncurred,SECTOR_NA,45
WM,Industrials,rentalIncome,SECTOR_NA,45
WM,Industrials,explorationExpense,SECTOR_NA,45
WMB,Energy,grossProfit,PRESENTATION_CHANGED,48
WMB,Energy,grossMargins,PRESENTATION_CHANGED,48
WMB,Energy,costOfRevenue,PRESENTATION_CHANGED,48
WMB,Energy,changeInReceivables,DATA_ABSENT,48
WMB,Energy,interestIncomeBank,SECTOR_NA,48
WMB,Energy,netInterestIncome,SECTOR_NA,48
WMB,Energy,noninterestExpense,SECTOR_NA,48
WMB,Energy,premiumsEarned,SECTOR_NA,48
WMB,Energy,claimsIncurred,SECTOR_NA,48
WMB,Energy,rentalIncome,SECTOR_NA,48
WMB,Energy,explorationExpense,DATA_ABSENT,48
WMT,Consumer Staples,changeInInventory,DATA_ABSENT,44
WMT,Consumer Staples,interestIncomeBank,SECTOR_NA,44
WMT,Consumer Staples,netInterestIncome,SECTOR_NA,44
WMT,Consumer Staples,noninterestExpense,SECTOR_NA,44
WMT,Consumer Staples,premiumsEarned,SECTOR_NA,44
WMT,Consumer Staples,claimsIncurred,SECTOR_NA,44
WMT,Consumer Staples,rentalIncome,SECTOR_NA,44
WMT,Consumer Staples,explorationExpense,SECTOR_NA,44
WRB,Financials,grossProfit,NO_COGS_STRUCTURAL,44
WRB,Financials,grossMargins,NO_COGS_STRUCTURAL,44
WRB,Financials,costOfRevenue,NO_COGS_STRUCTURAL,44
WRB,Financials,operatingMargins,NO_COGS_STRUCTURAL,44
WRB,Financials,ebitda,NO_COGS_STRUCTURAL,44
WRB,Financials,longTermDebt,PRESENTATION_CHANGED,44
WRB,Financials,shortTermDebt,DEBT_FREE_OR_NOTAG,44
WRB,Financials,currentAssets,UNCLASSIFIED_BALANCE_SHEET,44
WRB,Financials,currentLiabilities,UNCLASSIFIED_BALANCE_SHEET,44
WRB,Financials,changeInInventory,DATA_ABSENT,44
WRB,Financials,changeInReceivables,DATA_ABSENT,44
WRB,Financials,changeInPayables,DATA_ABSENT,44
WRB,Financials,interestIncomeBank,SECTOR_NA,44
WRB,Financials,netInterestIncome,SECTOR_NA,44
WRB,Financials,noninterestExpense,SECTOR_NA,44
WRB,Financials,rentalIncome,SECTOR_NA,44
WRB,Financials,explorationExpense,SECTOR_NA,44
WSM,Consumer Discretionary,costOfRevenue,EXTRACTION,42
WSM,Consumer Discretionary,longTermDebt,PRESENTATION_CHANGED,42
WSM,Consumer Discretionary,shortTermDebt,PRESENTATION_CHANGED,42
WSM,Consumer Discretionary,interestIncomeBank,SECTOR_NA,42
WSM,Consumer Discretionary,netInterestIncome,SECTOR_NA,42
WSM,Consumer Discretionary,noninterestExpense,SECTOR_NA,42
WSM,Consumer Discretionary,premiumsEarned,SECTOR_NA,42
WSM,Consumer Discretionary,claimsIncurred,SECTOR_NA,42
WSM,Consumer Discretionary,rentalIncome,SECTOR_NA,42
WSM,Consumer Discretionary,explorationExpense,SECTOR_NA,42
WST,Health Care,interestIncomeBank,SECTOR_NA,43
WST,Health Care,netInterestIncome,SECTOR_NA,43
WST,Health Care,noninterestExpense,SECTOR_NA,43
WST,Health Care,premiumsEarned,SECTOR_NA,43
WST,Health Care,claimsIncurred,SECTOR_NA,43
WST,Health Care,rentalIncome,SECTOR_NA,43
WST,Health Care,explorationExpense,SECTOR_NA,43
WTW,Financials,grossProfit,NO_COGS_STRUCTURAL,42
WTW,Financials,grossMargins,NO_COGS_STRUCTURAL,42
WTW,Financials,costOfRevenue,NO_COGS_STRUCTURAL,42
WTW,Financials,changeInInventory,DATA_ABSENT,42
WTW,Financials,changeInPayables,PRESENTATION_CHANGED,42
WTW,Financials,interestIncomeBank,SECTOR_NA,42
WTW,Financials,netInterestIncome,SECTOR_NA,42
WTW,Financials,noninterestExpense,SECTOR_NA,42
WTW,Financials,premiumsEarned,DATA_ABSENT,42
WTW,Financials,claimsIncurred,DATA_ABSENT,42
WTW,Financials,rentalIncome,SECTOR_NA,42
WTW,Financials,explorationExpense,SECTOR_NA,42
WY,Real Estate,goodwill,PRESENTATION_CHANGED,44
WY,Real Estate,interestIncomeBank,SECTOR_NA,44
WY,Real Estate,netInterestIncome,SECTOR_NA,44
WY,Real Estate,noninterestExpense,SECTOR_NA,44
WY,Real Estate,premiumsEarned,SECTOR_NA,44
WY,Real Estate,claimsIncurred,SECTOR_NA,44
WY,Real Estate,rentalIncome,DATA_ABSENT,44
WY,Real Estate,explorationExpense,SECTOR_NA,44
WYNN,Consumer Discretionary,grossProfit,NO_COGS_SERVICES,47
WYNN,Consumer Discretionary,grossMargins,NO_COGS_SERVICES,47
WYNN,Consumer Discretionary,costOfRevenue,NO_COGS_SERVICES,47
WYNN,Consumer Discretionary,returnOnEquity,NEG_OR_ZERO_EQUITY,47
WYNN,Consumer Discretionary,goodwill,EXTRACTION,47
WYNN,Consumer Discretionary,changeInInventory,DATA_ABSENT,47
WYNN,Consumer Discretionary,interestIncomeBank,SECTOR_NA,47
WYNN,Consumer Discretionary,netInterestIncome,SECTOR_NA,47
WYNN,Consumer Discretionary,noninterestExpense,SECTOR_NA,47
WYNN,Consumer Discretionary,premiumsEarned,SECTOR_NA,47
WYNN,Consumer Discretionary,claimsIncurred,SECTOR_NA,47
WYNN,Consumer Discretionary,explorationExpense,SECTOR_NA,47
XEL,Utilities,grossProfit,PRESENTATION_CHANGED,46
XEL,Utilities,grossMargins,PRESENTATION_CHANGED,46
XEL,Utilities,costOfRevenue,PRESENTATION_CHANGED,46
XEL,Utilities,goodwill,NO_GOODWILL,46
XEL,Utilities,interestIncomeBank,SECTOR_NA,46
XEL,Utilities,netInterestIncome,SECTOR_NA,46
XEL,Utilities,noninterestExpense,SECTOR_NA,46
XEL,Utilities,premiumsEarned,SECTOR_NA,46
XEL,Utilities,claimsIncurred,SECTOR_NA,46
XEL,Utilities,rentalIncome,SECTOR_NA,46
XEL,Utilities,explorationExpense,SECTOR_NA,46
XOM,Energy,grossProfit,NO_COGS_STRUCTURAL,47
XOM,Energy,grossMargins,NO_COGS_STRUCTURAL,47
XOM,Energy,costOfRevenue,NO_COGS_STRUCTURAL,47
XOM,Energy,operatingMargins,NO_COGS_STRUCTURAL,47
XOM,Energy,ebitda,NO_COGS_STRUCTURAL,47
XOM,Energy,goodwill,NO_GOODWILL,47
XOM,Energy,changeInReceivables,DATA_ABSENT,47
XOM,Energy,interestIncomeBank,SECTOR_NA,47
XOM,Energy,netInterestIncome,SECTOR_NA,47
XOM,Energy,noninterestExpense,SECTOR_NA,47
XOM,Energy,premiumsEarned,SECTOR_NA,47
XOM,Energy,claimsIncurred,SECTOR_NA,47
XOM,Energy,rentalIncome,SECTOR_NA,47
XYL,Industrials,interestIncomeBank,SECTOR_NA,43
XYL,Industrials,netInterestIncome,SECTOR_NA,43
XYL,Industrials,noninterestExpense,SECTOR_NA,43
XYL,Industrials,premiumsEarned,SECTOR_NA,43
XYL,Industrials,claimsIncurred,SECTOR_NA,43
XYL,Industrials,rentalIncome,SECTOR_NA,43
XYL,Industrials,explorationExpense,SECTOR_NA,43
XYZ,Financials,shortTermDebt,COVERED_BY_TOTALDEBT,28
XYZ,Financials,changeInInventory,DATA_ABSENT,28
XYZ,Financials,changeInReceivables,DATA_ABSENT,28
XYZ,Financials,changeInPayables,PRESENTATION_CHANGED,28
XYZ,Financials,interestIncomeBank,SECTOR_NA,28
XYZ,Financials,netInterestIncome,SECTOR_NA,28
XYZ,Financials,noninterestExpense,SECTOR_NA,28
XYZ,Financials,premiumsEarned,SECTOR_NA,28
XYZ,Financials,claimsIncurred,SECTOR_NA,28
XYZ,Financials,rentalIncome,SECTOR_NA,28
XYZ,Financials,explorationExpense,SECTOR_NA,28
YUM,Consumer Discretionary,returnOnEquity,NEG_OR_ZERO_EQUITY,47
YUM,Consumer Discretionary,changeInInventory,PRESENTATION_CHANGED,47
YUM,Consumer Discretionary,changeInReceivables,DATA_ABSENT,47
YUM,Consumer Discretionary,interestIncomeBank,SECTOR_NA,47
YUM,Consumer Discretionary,noninterestExpense,SECTOR_NA,47
YUM,Consumer Discretionary,premiumsEarned,SECTOR_NA,47
YUM,Consumer Discretionary,claimsIncurred,SECTOR_NA,47
YUM,Consumer Discretionary,rentalIncome,SECTOR_NA,47
YUM,Consumer Discretionary,explorationExpense,SECTOR_NA,47
ZBH,Health Care,interestIncomeBank,SECTOR_NA,40
ZBH,Health Care,noninterestExpense,SECTOR_NA,40
ZBH,Health Care,premiumsEarned,SECTOR_NA,40
ZBH,Health Care,claimsIncurred,SECTOR_NA,40
ZBH,Health Care,rentalIncome,SECTOR_NA,40
ZBH,Health Care,explorationExpense,SECTOR_NA,40
ZBRA,Information Technology,interestIncomeBank,SECTOR_NA,41
ZBRA,Information Technology,netInterestIncome,SECTOR_NA,41
ZBRA,Information Technology,noninterestExpense,SECTOR_NA,41
ZBRA,Information Technology,premiumsEarned,SECTOR_NA,41
ZBRA,Information Technology,claimsIncurred,SECTOR_NA,41
ZBRA,Information Technology,rentalIncome,SECTOR_NA,41
ZBRA,Information Technology,explorationExpense,SECTOR_NA,41
ZTS,Health Care,interestIncomeBank,SECTOR_NA,38
ZTS,Health Care,netInterestIncome,SECTOR_NA,38
ZTS,Health Care,noninterestExpense,SECTOR_NA,38
ZTS,Health Care,premiumsEarned,SECTOR_NA,38
ZTS,Health Care,claimsIncurred,SECTOR_NA,38
ZTS,Health Care,rentalIncome,SECTOR_NA,38
ZTS,Health Care,explorationExpense,SECTOR_NA,38
