ticker,ticker,as_of,fiscal_end,totalRevenue,netIncome,grossMargins,operatingMargins,profitMargins,returnOnEquity,debtToEquity,ebitda,freeCashflow,operatingCashFlow,researchAndDevelopment,stockholdersEquity,sharesOutstanding,cash,longTermDebt,shortTermDebt,totalDebt,totalLiabilities,currentAssets,currentLiabilities,goodwill,totalAssets,sellingGeneralAdmin,stockBasedComp,acquisitions,interestExpense,revenue_q,netIncome_q,ebitda_q,freeCashflow_q,revenueGrowth,earningsGrowth,costOfRevenue,grossProfit,dilutedShares,incomeTaxExpense,pretaxIncome,interestIncome,amortizationIntangibles,dividendsPaid,buybacks,equityIssuance,debtIssued,debtRepaid,investingCashFlow,financingCashFlow,changeInInventory,changeInReceivables,changeInPayables,impairment,restructuring,interestIncomeBank,netInterestIncome,provisionForCreditLosses,noninterestIncome,noninterestExpense,premiumsEarned,premiumsWritten,claimsIncurred,netInvestmentIncome,dacAmortization,rentalIncome,gainOnDispositions,explorationExpense,depletionDDA,longTermDebtTotal,debtCombined,notesPayable,commercialPaper,operatingLeaseLiability,financeLeaseLiability,accountsReceivable,inventory,accountsPayable,ppeNet,ppeGross,accumulatedDepreciation,intangiblesExGoodwill,retainedEarnings,treasuryStock,preferredEquity,minorityInterest,shortTermInvestments,longTermInvestments,deferredRevenue,deferredRevenueCurrent,deferredRevenueNoncurrent,remainingPerformanceObligation,loans,deposits,allowanceCreditLosses,tier1CapitalRatio,insuranceReserves,deferredAcqCosts,realEstateNet,realEstateGross,oilGasPropertyNet,oilGasPropertyGross,regulatoryAssets,regulatoryLiabilities,sector,industry_group,max
A,0.0,0.0,0.0,0.0,0.0,0.0,0.0,0.0,0.0,0.039214917354561674,0.0,0.0,0.0,0.0,0.0,0.0980372933864042,0.0,0.039214917354561674,0.0980372933864042,0.039214917354561674,0.039214917354561674,0.039214917354561674,0.039214917354561674,0.039214917354561674,0.039214917354561674,0.0,0.0,0.0,0.039214917354561674,0.019607458677280837,0.019607458677280837,0.019607458677280837,0.039214917354561674,0.07842983470912335,0.07842983470912335,0.0,0.0,0.0,0.0,0.0,0.0,0.039214917354561674,0.039214917354561674,0.0,0.039214917354561674,0.0,0.039214917354561674,0.0,0.0,0.0,0.0,0.0,0.039214917354561674,0.039214917354561674,0.9999803925413228,0.9999803925413228,0.9999803925413228,0.9999803925413228,0.9999803925413228,0.9999803925413228,0.9999803925413228,0.9999803925413228,0.9999803925413228,0.9999803925413228,0.9999803925413228,0.039214917354561674,0.9999803925413228,0.0,0.33332679751377425,0.9999803925413228,0.9999803925413228,0.9999803925413228,0.5882237603184252,0.9999803925413228,0.039214917354561674,0.039214917354561674,0.039214917354561674,0.039214917354561674,0.0980372933864042,0.0980372933864042,0.039214917354561674,0.039214917354561674,0.4117566322228976,0.039214917354561674,0.43136409090017847,0.6862610537048294,0.039214917354561674,0.039214917354561674,0.039214917354561674,0.9999803925413228,0.5686163016411443,0.9999803925413228,0.9999803925413228,0.9999803925413228,0.9999803925413228,0.9999803925413228,0.9999803925413228,0.9999803925413228,0.9999803925413228,0.9999803925413228,0.9999803925413228,0.9999803925413228,0.9999803925413228,0.0,0.0,0.9999803925413228
AAPL,0.0,0.0,0.0,0.0,0.0,0.0,0.0,0.0,0.0,0.0,0.0,0.0,0.0,0.0,0.0,0.0,0.0,0.24999519240014617,0.3269167900617296,0.24999519240014617,0.0,0.0,0.0,0.49999038480029234,0.0,0.0,0.0,0.0,0.269225591815542,0.0,0.0,0.0,0.0,0.0,0.0,0.0,0.0,0.0,0.0,0.0,0.9999807696005847,0.5961423818772716,0.0,0.0,0.0,0.0,0.0,0.0,0.0,0.0,0.0,0.0,0.0,0.0,0.9999807696005847,0.9999807696005847,0.9999807696005847,0.9999807696005847,0.9999807696005847,0.9999807696005847,0.9999807696005847,0.9999807696005847,0.9999807696005847,0.9999807696005847,0.9999807696005847,0.0,0.9999807696005847,0.40383838772331304,0.538451183631084,0.9999807696005847,0.9999807696005847,0.3269167900617296,0.5576815830464799,0.5576815830464799,0.0,0.0,0.0,0.17307359473856274,0.17307359473856274,0.17307359473856274,0.4615295859695006,0.0,0.9999807696005847,0.9999807696005847,0.9999807696005847,0.9999807696005847,0.9999807696005847,0.0,0.0,0.4422991865541048,0.9999807696005847,0.9999807696005847,0.9999807696005847,0.9999807696005847,0.9999807696005847,0.9999807696005847,0.9999807696005847,0.9999807696005847,0.9999807696005847,0.9999807696005847,0.9999807696005847,0.9999807696005847,0.9999807696005847,0.0,0.0,0.9999807696005847
ABBV,0.0,0.0,0.0,0.0,0.13888503097136193,0.0,0.0,0.13888503097136193,0.3888780867198134,0.24999305574845146,0.0,0.0,0.0,0.0,0.0,0.0,0.0,0.0,0.0,0.0,0.0,0.0,0.0,0.0,0.0,0.0,0.0,0.0,0.0,0.0,0.13888503097136193,0.0,0.0,0.027777006194272383,0.1666620371656343,0.0,0.0,0.0,0.0,0.0,0.9999722229938058,0.0,0.0,0.0,0.0,0.0,0.0,0.0,0.0,0.0,0.0,0.0,0.0,0.0,0.9999722229938058,0.9999722229938058,0.9999722229938058,0.9999722229938058,0.9999722229938058,0.9999722229938058,0.9999722229938058,0.9999722229938058,0.9999722229938058,0.9999722229938058,0.9999722229938058,0.0,0.9999722229938058,0.9999722229938058,0.0,0.9999722229938058,0.9999722229938058,0.9999722229938058,0.41665509291408576,0.41665509291408576,0.1666620371656343,0.0,0.0,0.0,0.0,0.0,0.0,0.0,0.0,0.9999722229938058,0.4444320991083581,0.0,0.0,0.9999722229938058,0.9999722229938058,0.9999722229938058,0.9999722229938058,0.9999722229938058,0.9999722229938058,0.9999722229938058,0.9999722229938058,0.9999722229938058,0.9999722229938058,0.9999722229938058,0.9999722229938058,0.9999722229938058,0.9999722229938058,0.9999722229938058,0.9999722229938058,0.0,0.0,0.9999722229938058
ABNB,0.0,0.0,0.0,0.0,0.0,0.0,0.0,0.0,0.0,0.0,0.0,0.0,0.0,0.0,0.0,0.0,0.0,0.0,0.41174048585377326,0.0,0.0,0.0,0.0,0.0,0.0,0.0,0.0,0.0,0.9999411799305923,0.0,0.0,0.0,0.0,0.0,0.0,0.0,0.0,0.0,0.0,0.0,0.9999411799305923,0.1764602082230457,0.0,0.0,0.0,0.0,0.0,0.0,0.0,0.9999411799305923,0.9999411799305923,0.41174048585377326,0.0,0.0,0.9999411799305923,0.9999411799305923,0.0588200694076819,0.9999411799305923,0.9999411799305923,0.9999411799305923,0.9999411799305923,0.9999411799305923,0.9999411799305923,0.9999411799305923,0.9999411799305923,0.0,0.9999411799305923,0.41174048585377326,0.8234809717075465,0.9999411799305923,0.9999411799305923,0.9999411799305923,0.2352802776307276,0.9999411799305923,0.9411211105229104,0.9999411799305923,0.0,0.0,0.0,0.0,0.0,0.0,0.9999411799305923,0.9999411799305923,0.9999411799305923,0.0,0.9999411799305923,0.0,0.0,0.9999411799305923,0.9999411799305923,0.9999411799305923,0.9999411799305923,0.9999411799305923,0.9999411799305923,0.9999411799305923,0.9999411799305923,0.9999411799305923,0.9999411799305923,0.9999411799305923,0.9999411799305923,0.9999411799305923,0.9999411799305923,0.0,0.0,0.9999411799305923
ABT,0.0,0.0,0.0,0.0,0.0,0.0,0.0,0.0,0.0,0.0,0.0,0.0,0.0,0.0,0.0,0.02325527313318295,0.0,0.0,0.0,0.0,0.0,0.0,0.0,0.0,0.0,0.0,0.0,0.02325527313318295,0.0,0.02325527313318295,0.02325527313318295,0.02325527313318295,0.02325527313318295,0.02325527313318295,0.02325527313318295,0.0,0.0,0.0,0.0,0.02325527313318295,0.0,0.0,0.0,0.0,0.02325527313318295,0.0,0.0,0.0,0.0,0.0,0.0,0.02325527313318295,0.02325527313318295,0.02325527313318295,0.9999767447268668,0.9999767447268668,0.5581265551963908,0.9999767447268668,0.9999767447268668,0.9999767447268668,0.9999767447268668,0.9999767447268668,0.9999767447268668,0.9999767447268668,0.9999767447268668,0.02325527313318295,0.9999767447268668,0.9999767447268668,0.02325527313318295,0.9999767447268668,0.9999767447268668,0.9999767447268668,0.465105462663659,0.9999767447268668,0.0,0.0,0.9999767447268668,0.0,0.0,0.0,0.0,0.0,0.0,0.5116160089300249,0.0,0.0,0.0,0.39533964326411014,0.9999767447268668,0.9999767447268668,0.9999767447268668,0.9999767447268668,0.9999767447268668,0.9999767447268668,0.9999767447268668,0.9999767447268668,0.9999767447268668,0.9999767447268668,0.9999767447268668,0.9999767447268668,0.9999767447268668,0.9999767447268668,0.9999767447268668,0.0,0.0,0.9999767447268668
ACGL,0.0,0.0,0.0,0.0,0.0,0.9999787238569393,0.9999787238569393,0.0,0.0,0.06382842918235783,0.9999787238569393,0.0,0.0,0.9999787238569393,0.0,0.08510457224314377,0.0,0.9999787238569393,0.9999787238569393,0.06382842918235783,0.06382842918235783,0.9999787238569393,0.9999787238569393,0.2553137167294313,0.06382842918235783,0.31914214591178913,0.0,0.06382842918235783,0.0,0.021276143060785943,0.021276143060785943,0.9999787238569393,0.042552286121571886,0.06382842918235783,0.06382842918235783,0.9999787238569393,0.9999787238569393,0.0,0.0,0.06382842918235783,0.9999787238569393,0.2553137167294313,0.06382842918235783,0.0,0.0,0.06382842918235783,0.06382842918235783,0.0,0.0,0.9999787238569393,0.9999787238569393,0.9999787238569393,0.06382842918235783,0.06382842918235783,0.9999787238569393,0.9999787238569393,0.9999787238569393,0.9999787238569393,0.9999787238569393,0.0,0.0,0.0,0.9999787238569393,0.0,0.9999787238569393,0.06382842918235783,0.9999787238569393,0.9999787238569393,0.9999787238569393,0.9999787238569393,0.9999787238569393,0.9999787238569393,0.5319035765196486,0.9999787238569393,0.9999787238569393,0.9999787238569393,0.9999787238569393,0.9999787238569393,0.9999787238569393,0.9999787238569393,0.2553137167294313,0.06382842918235783,0.08510457224314377,0.06382842918235783,0.38297057509414695,0.9999787238569393,0.9999787238569393,0.9999787238569393,0.9999787238569393,0.9999787238569393,0.9999787238569393,0.9999787238569393,0.9999787238569393,0.9999787238569393,0.9999787238569393,0.10638071530392972,0.06382842918235783,0.9999787238569393,0.9999787238569393,0.9999787238569393,0.9999787238569393,0.9999787238569393,0.9999787238569393,0.0,0.0,0.9999787238569393
ACN,0.0,0.0,0.0,0.0,0.0,0.0,0.0,0.0,0.0,0.0,0.0,0.0,0.0,0.0,0.0,0.01886756853644271,0.0,0.0,0.0,0.0,0.0,0.0,0.0,0.0,0.0,0.0,0.0,0.0,0.0,0.0,0.0,0.0,0.0,0.0,0.0,0.0,0.0,0.0,0.0,0.0,0.0,0.2641459595101979,0.0,0.0,0.0,0.0,0.0,0.0,0.0,0.9999811324314636,0.0,0.0,0.0,0.0,0.9999811324314636,0.9999811324314636,0.9999811324314636,0.9999811324314636,0.9999811324314636,0.9999811324314636,0.9999811324314636,0.9999811324314636,0.9999811324314636,0.9999811324314636,0.9999811324314636,0.0,0.9999811324314636,0.056602705609328126,0.0,0.32074866511952604,0.9999811324314636,0.8679081526763647,0.6037621931661667,0.9999811324314636,0.0,0.9999811324314636,0.0,0.0,0.0,0.0,0.2641459595101979,0.0,0.0,0.9999811324314636,0.0,0.0,0.0,0.0,0.0,0.0,0.5282919190203959,0.9999811324314636,0.9999811324314636,0.9999811324314636,0.9999811324314636,0.9999811324314636,0.9999811324314636,0.9999811324314636,0.9999811324314636,0.9999811324314636,0.9999811324314636,0.9999811324314636,0.9999811324314636,0.0,0.0,0.9999811324314636
ADBE,0.0,0.0,0.0,0.0,0.0,0.0,0.0,0.0,0.0,0.03846079883079172,0.0,0.0,0.0,0.9999807696005847,0.0,0.07692159766158344,0.0,0.03846079883079172,0.4615295859695006,0.03846079883079172,0.03846079883079172,0.03846079883079172,0.03846079883079172,0.03846079883079172,0.03846079883079172,0.0,0.0,0.0,0.0,0.01923039941539586,0.01923039941539586,0.01923039941539586,0.03846079883079172,0.057691198246187576,0.057691198246187576,0.0,0.0,0.0,0.0,0.0,0.03846079883079172,0.0,0.03846079883079172,0.0,0.03846079883079172,0.03846079883079172,0.03846079883079172,0.0,0.0,0.9999807696005847,0.0,0.0,0.03846079883079172,0.0,0.9999807696005847,0.9999807696005847,0.9999807696005847,0.9999807696005847,0.9999807696005847,0.9999807696005847,0.9999807696005847,0.9999807696005847,0.9999807696005847,0.9999807696005847,0.9999807696005847,0.03846079883079172,0.9999807696005847,0.09615199707697929,0.09615199707697929,0.9038287725236054,0.9999807696005847,0.9999807696005847,0.6346031807080633,0.9999807696005847,0.03846079883079172,0.9999807696005847,0.03846079883079172,0.03846079883079172,0.09615199707697929,0.09615199707697929,0.03846079883079172,0.03846079883079172,0.03846079883079172,0.03846079883079172,0.9999807696005847,0.03846079883079172,0.9999807696005847,0.03846079883079172,0.03846079883079172,0.03846079883079172,0.6153727812926675,0.9999807696005847,0.9999807696005847,0.9999807696005847,0.9999807696005847,0.9999807696005847,0.9999807696005847,0.9999807696005847,0.9999807696005847,0.9999807696005847,0.9999807696005847,0.9999807696005847,0.9999807696005847,0.0,0.0,0.9999807696005847
ADI,0.0,0.0,0.0,0.0,0.0,0.0,0.0,0.0,0.0,0.0,0.0,0.0,0.0,0.0,0.0,0.04166579862919523,0.0,0.7083185766963188,0.3124934897189642,0.3124934897189642,0.0,0.0,0.0,0.0,0.0,0.0,0.0,0.0,0.0,0.0,0.0,0.0,0.0,0.06249869794379284,0.06249869794379284,0.0,0.0,0.0,0.0,0.0,0.0,0.0,0.0,0.0,0.04166579862919523,0.0,0.04166579862919523,0.0,0.0,0.0,0.0,0.5208224828649404,0.04166579862919523,0.0,0.9999791671006855,0.9999791671006855,0.9999791671006855,0.9999791671006855,0.9999791671006855,0.9999791671006855,0.9999791671006855,0.9999791671006855,0.9999791671006855,0.9999791671006855,0.9999791671006855,0.04166579862919523,0.9999791671006855,0.9999791671006855,0.8333159725839046,0.9999791671006855,0.9999791671006855,0.7708172746401117,0.645819878752526,0.9999791671006855,0.0,0.0,0.0,0.0,0.0,0.0,0.0,0.0,0.9999791671006855,0.0,0.9999791671006855,0.8541488718985022,0.12499739588758568,0.9999791671006855,0.9999791671006855,0.9999791671006855,0.9999791671006855,0.9999791671006855,0.9999791671006855,0.9999791671006855,0.9999791671006855,0.9999791671006855,0.9999791671006855,0.9999791671006855,0.9999791671006855,0.9999791671006855,0.9999791671006855,0.9999791671006855,0.9999791671006855,0.0,0.0,0.9999791671006855
ADM,0.0,0.0,0.0,0.0,0.0,0.01923039941539586,0.01923039941539586,0.01923039941539586,0.0,0.057691198246187576,0.0,0.0,0.0,0.0,0.0,0.09615199707697929,0.0,0.057691198246187576,0.057691198246187576,0.057691198246187576,0.057691198246187576,0.057691198246187576,0.057691198246187576,0.057691198246187576,0.057691198246187576,0.0,0.0,0.0,0.0,0.0,0.0,0.9999807696005847,0.0,0.057691198246187576,0.057691198246187576,0.0,0.0,0.0,0.0,0.134612795907771,0.9999807696005847,0.15384319532316687,0.0,0.0,0.01923039941539586,0.0,0.0,0.0,0.0,0.0,0.0,0.0,0.0,0.01923039941539586,0.9999807696005847,0.9999807696005847,0.6922943789542509,0.9999807696005847,0.9999807696005847,0.9999807696005847,0.9999807696005847,0.9999807696005847,0.9999807696005847,0.9999807696005847,0.9999807696005847,0.01923039941539586,0.9999807696005847,0.0,0.057691198246187576,0.9999807696005847,0.9999807696005847,0.9230591719390012,0.5769119824618758,0.9999807696005847,0.057691198246187576,0.24999519240014617,0.057691198246187576,0.057691198246187576,0.057691198246187576,0.057691198246187576,0.24999519240014617,0.057691198246187576,0.09615199707697929,0.9999807696005847,0.057691198246187576,0.9999807696005847,0.9999807696005847,0.49999038480029234,0.6346031807080633,0.9999807696005847,0.9999807696005847,0.9999807696005847,0.9999807696005847,0.2884559912309379,0.9999807696005847,0.3653775888925213,0.9999807696005847,0.9999807696005847,0.9999807696005847,0.9999807696005847,0.9999807696005847,0.9999807696005847,0.9999807696005847,0.0,0.0,0.9999807696005847
ADP,0.0,0.0,0.0,0.0,0.0,0.0,0.0,0.0,0.0,0.0,0.0,0.0,0.0,0.7209134671286714,0.0,0.02325527313318295,0.0,0.11627636566591475,0.0,0.0,0.0,0.0,0.0,0.0,0.0,0.0,0.0,0.0,0.0,0.0,0.0,0.9999767447268668,0.0,0.0,0.0,0.0,0.0,0.0,0.0,0.0,0.0,0.0,0.0,0.0,0.0,0.0,0.0,0.0,0.0,0.9999767447268668,0.0,0.0,0.0,0.0,0.9999767447268668,0.9999767447268668,0.7209134671286714,0.9999767447268668,0.9999767447268668,0.9999767447268668,0.9999767447268668,0.9999767447268668,0.9999767447268668,0.9999767447268668,0.9999767447268668,0.0,0.9999767447268668,0.0,0.7906792865282203,0.9999767447268668,0.3488290969977443,0.20929745819864656,0.5581265551963908,0.9999767447268668,0.0,0.9999767447268668,0.0,0.0,0.0,0.0,0.0,0.0,0.0,0.0930210925327318,0.9999767447268668,0.6511476477291226,0.9999767447268668,0.0,0.1395316387990977,0.0,0.9999767447268668,0.9999767447268668,0.9999767447268668,0.9999767447268668,0.9999767447268668,0.9999767447268668,0.9999767447268668,0.9999767447268668,0.9999767447268668,0.9999767447268668,0.9999767447268668,0.9999767447268668,0.9999767447268668,0.0,0.0,0.9999767447268668
ADSK,0.0,0.0,0.0,0.0,0.0,0.0,0.0,0.0,0.1818140496806891,0.2727210745210336,0.0,0.0,0.0,0.0,0.0,0.09090702484034455,0.0,0.1363605372605168,0.9999772732437899,0.1363605372605168,0.09090702484034455,0.09090702484034455,0.09090702484034455,0.09090702484034455,0.09090702484034455,0.0,0.0,0.0,0.7727097111429286,0.022726756210086137,0.022726756210086137,0.022726756210086137,0.022726756210086137,0.09090702484034455,0.09090702484034455,0.0,0.0,0.0,0.0,0.0,0.6818026863025841,0.09090702484034455,0.04545351242017227,0.0,0.0,0.04545351242017227,0.04545351242017227,0.0,0.0,0.9999772732437899,0.0,0.0,0.0,0.0,0.9999772732437899,0.0,0.9999772732437899,0.9999772732437899,0.9999772732437899,0.9999772732437899,0.9999772732437899,0.9999772732437899,0.9999772732437899,0.9999772732437899,0.9999772732437899,0.04545351242017227,0.9999772732437899,0.5908956614622395,0.1363605372605168,0.9999772732437899,0.9999772732437899,0.9999772732437899,0.5908956614622395,0.9999772732437899,0.09090702484034455,0.9999772732437899,0.09090702484034455,0.09090702484034455,0.09090702484034455,0.09090702484034455,0.09090702484034455,0.09090702484034455,0.9999772732437899,0.09090702484034455,0.9999772732437899,0.9999772732437899,0.9999772732437899,0.09090702484034455,0.09090702484034455,0.09090702484034455,0.6136224176723256,0.9999772732437899,0.9999772732437899,0.9999772732437899,0.9999772732437899,0.9999772732437899,0.9999772732437899,0.9999772732437899,0.9999772732437899,0.9999772732437899,0.9999772732437899,0.9999772732437899,0.9999772732437899,0.0,0.0,0.9999772732437899
AEE,0.0,0.0,0.0,0.0,0.0,0.9999803925413228,0.0,0.0,0.0,0.019607458677280837,0.0,0.0,0.0,0.9999803925413228,0.0,0.039214917354561674,0.0,0.019607458677280837,0.019607458677280837,0.019607458677280837,0.019607458677280837,0.019607458677280837,0.019607458677280837,0.019607458677280837,0.019607458677280837,0.9999803925413228,0.11764475206368503,0.019607458677280837,0.0,0.0,0.0,0.0,0.019607458677280837,0.039214917354561674,0.039214917354561674,0.9999803925413228,0.9999803925413228,0.17646712809552756,0.0,0.0,0.9999803925413228,0.8235132644457952,0.0,0.019607458677280837,0.0,0.0,0.0,0.0,0.0,0.0,0.0,0.0,0.0,0.019607458677280837,0.9999803925413228,0.9999803925413228,0.5490088429638634,0.9999803925413228,0.9999803925413228,0.9999803925413228,0.9999803925413228,0.9999803925413228,0.9999803925413228,0.9999803925413228,0.9999803925413228,0.019607458677280837,0.9999803925413228,0.9999803925413228,0.11764475206368503,0.9999803925413228,0.9607654751867611,0.9999803925413228,0.7842983470912336,0.9999803925413228,0.019607458677280837,0.019607458677280837,0.019607458677280837,0.019607458677280837,0.05882237603184252,0.05882237603184252,0.6470461363502676,0.019607458677280837,0.9999803925413228,0.7842983470912336,0.019607458677280837,0.9999803925413228,0.9999803925413228,0.5490088429638634,0.5490088429638634,0.9999803925413228,0.9999803925413228,0.9999803925413228,0.9999803925413228,0.9999803925413228,0.9999803925413228,0.9999803925413228,0.9999803925413228,0.9999803925413228,0.9999803925413228,0.9999803925413228,0.9999803925413228,0.019607458677280837,0.019607458677280837,0.0,0.0,0.9999803925413228
AEP,0.0,0.0,0.0,0.0,0.0,0.839270727308441,0.0,0.0,0.0,0.0,0.0,0.0,0.0,0.9999821431760147,0.0,0.01785682398528598,0.0,0.0,0.0,0.0,0.0,0.0,0.0,0.0,0.0,0.9999821431760147,0.839270727308441,0.0,0.0,0.0,0.0,0.0,0.0,0.01785682398528598,0.01785682398528598,0.839270727308441,0.839270727308441,0.0,0.0,0.0,0.6607024874555811,0.4285637756468635,0.0,0.0,0.0,0.0,0.0,0.0,0.0,0.0,0.0,0.0,0.0,0.0,0.9999821431760147,0.9999821431760147,0.9999821431760147,0.9999821431760147,0.9999821431760147,0.9999821431760147,0.9999821431760147,0.9999821431760147,0.9999821431760147,0.9999821431760147,0.9999821431760147,0.0,0.9999821431760147,0.839270727308441,0.053570471955857936,0.9999821431760147,0.6785593114408671,0.053570471955857936,0.6071320154997233,0.6071320154997233,0.0,0.9999821431760147,0.0,0.0,0.0,0.03571364797057196,0.9999821431760147,0.0,0.9999821431760147,0.9999821431760147,0.0,0.0,0.9999821431760147,0.785700255352583,0.8928411992642988,0.9999821431760147,0.5714183675291513,0.9999821431760147,0.9999821431760147,0.9999821431760147,0.9999821431760147,0.9999821431760147,0.9999821431760147,0.9999821431760147,0.9999821431760147,0.9999821431760147,0.9999821431760147,0.0,0.0,0.0,0.0,0.9999821431760147
AES,0.0,0.0,0.0,0.11999760004799905,0.0,0.11999760004799905,0.11999760004799905,0.11999760004799905,0.0,0.0,0.0,0.0,0.0,0.999980000399992,0.0,0.07999840003199936,0.0,0.999980000399992,0.999980000399992,0.0,0.0,0.0,0.0,0.0,0.0,0.0,0.41999160016799664,0.0,0.0,0.21999560008799826,0.01999960000799984,0.999980000399992,0.03999920001599968,0.15999680006399872,0.07999840003199936,0.4399912001759965,0.0,0.05999880002399952,0.0,0.0,0.0,0.15999680006399872,0.05999880002399952,0.0,0.05999880002399952,0.05999880002399952,0.05999880002399952,0.0,0.0,0.0,0.0,0.0,0.0,0.05999880002399952,0.999980000399992,0.999980000399992,0.999980000399992,0.999980000399992,0.999980000399992,0.999980000399992,0.999980000399992,0.999980000399992,0.999980000399992,0.999980000399992,0.5999880002399952,0.05999880002399952,0.999980000399992,0.5799884002319954,0.999980000399992,0.999980000399992,0.999980000399992,0.999980000399992,0.5599888002239956,0.5599888002239956,0.0,0.0,0.0,0.0,0.0,0.0,0.0,0.0,0.0,0.6999860002799945,0.0,0.0,0.999980000399992,0.4799904001919962,0.9599808003839924,0.999980000399992,0.4799904001919962,0.999980000399992,0.999980000399992,0.5999880002399952,0.999980000399992,0.999980000399992,0.999980000399992,0.999980000399992,0.999980000399992,0.999980000399992,0.999980000399992,0.11999760004799905,0.11999760004799905,0.0,0.0,0.999980000399992
AFL,0.0,0.0,0.0,0.0,0.01886756853644271,0.9999811324314636,0.2075432539008698,0.01886756853644271,0.01886756853644271,0.01886756853644271,0.2075432539008698,0.0,0.0,0.9999811324314636,0.0,0.056602705609328126,0.0,0.9999811324314636,0.9999811324314636,0.01886756853644271,0.01886756853644271,0.9999811324314636,0.9999811324314636,0.6226297617026094,0.01886756853644271,0.0,0.9999811324314636,0.0,0.09433784268221354,0.01886756853644271,0.09433784268221354,0.24527839097375523,0.01886756853644271,0.01886756853644271,0.07547027414577084,0.9999811324314636,0.9999811324314636,0.0,0.0,0.0,0.9999811324314636,0.9999811324314636,0.0,0.0,0.01886756853644271,0.01886756853644271,0.01886756853644271,0.0,0.0,0.9999811324314636,0.0,0.9999811324314636,0.01886756853644271,0.01886756853644271,0.9999811324314636,0.9999811324314636,0.8113054470670366,0.9999811324314636,0.9999811324314636,0.0,0.9999811324314636,0.0,0.0,0.0,0.9999811324314636,0.01886756853644271,0.9999811324314636,0.9999811324314636,0.9999811324314636,0.9999811324314636,0.01886756853644271,0.9999811324314636,0.5660270560932813,0.5660270560932813,0.9999811324314636,0.9999811324314636,0.9999811324314636,0.01886756853644271,0.01886756853644271,0.01886756853644271,0.9999811324314636,0.01886756853644271,0.01886756853644271,0.9999811324314636,0.9999811324314636,0.9999811324314636,0.9999811324314636,0.9999811324314636,0.9999811324314636,0.9999811324314636,0.9999811324314636,0.6981000358483802,0.9999811324314636,0.43395407633818234,0.9999811324314636,0.01886756853644271,0.01886756853644271,0.9999811324314636,0.9999811324314636,0.9999811324314636,0.9999811324314636,0.9999811324314636,0.9999811324314636,0.0,0.0,0.9999811324314636
AIG,0.0,0.0,0.0,0.0,0.0,0.9999772732437899,0.9999772732437899,0.0,0.0,0.0681802686302584,0.9999772732437899,0.0,0.0,0.9999772732437899,0.0,0.11363378105043068,0.0,0.24999431831094748,0.7499829549328425,0.15908729347060294,0.0681802686302584,0.9999772732437899,0.9999772732437899,0.0681802686302584,0.0681802686302584,0.0,0.1363605372605168,0.04545351242017227,0.0,0.022726756210086137,0.022726756210086137,0.9999772732437899,0.04545351242017227,0.0681802686302584,0.0681802686302584,0.9999772732437899,0.9999772732437899,0.0,0.0,0.1363605372605168,0.9999772732437899,0.7954364673530148,0.0,0.04545351242017227,0.04545351242017227,0.04545351242017227,0.04545351242017227,0.0,0.0,0.9999772732437899,0.9999772732437899,0.9999772732437899,0.04545351242017227,0.04545351242017227,0.9999772732437899,0.9999772732437899,0.22726756210086135,0.9999772732437899,0.9999772732437899,0.0,0.7499829549328425,0.0,0.0,0.1363605372605168,0.6363491738824117,0.04545351242017227,0.9999772732437899,0.9999772732437899,0.24999431831094748,0.840889979773187,0.9999772732437899,0.9999772732437899,0.5908956614622395,0.9999772732437899,0.9999772732437899,0.9999772732437899,0.9999772732437899,0.0681802686302584,0.8636167359832732,0.8636167359832732,0.7272561987227564,0.0681802686302584,0.0681802686302584,0.9999772732437899,0.0681802686302584,0.7499829549328425,0.9999772732437899,0.9999772732437899,0.9999772732437899,0.9999772732437899,0.9999772732437899,0.2727210745210336,0.8181632235631009,0.24999431831094748,0.9999772732437899,0.1818140496806891,0.0681802686302584,0.8181632235631009,0.9999772732437899,0.9999772732437899,0.9999772732437899,0.9999772732437899,0.9999772732437899,0.0,0.0,0.9999772732437899
AIZ,0.0,0.0,0.0,0.0,0.0,0.9999807696005847,0.9999807696005847,0.0,0.0,0.0,0.9999807696005847,0.0,0.0,0.9999807696005847,0.0,0.03846079883079172,0.0,0.7692159766158343,0.7884463760312302,0.5961423818772716,0.0,0.9999807696005847,0.9999807696005847,0.0,0.0,0.24999519240014617,0.17307359473856274,0.0,0.09615199707697929,0.0,0.0,0.9999807696005847,0.0,0.01923039941539586,0.01923039941539586,0.9999807696005847,0.9999807696005847,0.0,0.0,0.0,0.9999807696005847,0.19230399415395857,0.0,0.0,0.0,0.0,0.0,0.0,0.0,0.6538335801234592,0.9999807696005847,0.4615295859695006,0.0,0.0,0.9999807696005847,0.9999807696005847,0.9999807696005847,0.9999807696005847,0.9999807696005847,0.0,0.9999807696005847,0.0,0.0,0.057691198246187576,0.9999807696005847,0.0,0.9999807696005847,0.9999807696005847,0.7692159766158343,0.9999807696005847,0.9999807696005847,0.7884463760312302,0.538451183631084,0.9999807696005847,0.9999807696005847,0.9999807696005847,0.9999807696005847,0.0,0.11538239649237515,0.11538239649237515,0.11538239649237515,0.0,0.0,0.7307551777850426,0.6730639795388551,0.8653679736928136,0.9999807696005847,0.7499855772004385,0.9999807696005847,0.9999807696005847,0.9999807696005847,0.9999807696005847,0.9999807696005847,0.5769119824618758,0.9999807696005847,0.0,0.0,0.9999807696005847,0.9999807696005847,0.9999807696005847,0.9999807696005847,0.9999807696005847,0.9999807696005847,0.0,0.0,0.9999807696005847
AJG,0.0,0.0,0.0,0.0,0.0,0.23528950412737007,0.23528950412737007,0.0,0.0,0.0,0.23528950412737007,0.0,0.0,0.9999803925413228,0.0,0.019607458677280837,0.0,0.0,0.07842983470912335,0.0,0.0,0.0,0.0,0.0,0.0,0.9999803925413228,0.0,0.0,0.0,0.0,0.0,0.9999803925413228,0.0,0.019607458677280837,0.019607458677280837,0.23528950412737007,0.23528950412737007,0.9999803925413228,0.0,0.0,0.9999803925413228,0.9999803925413228,0.0,0.0,0.0,0.0,0.0,0.0,0.0,0.9999803925413228,0.7842983470912336,0.9999803925413228,0.0,0.0,0.9999803925413228,0.9999803925413228,0.9999803925413228,0.9999803925413228,0.9999803925413228,0.5490088429638634,0.5490088429638634,0.9999803925413228,0.9999803925413228,0.9999803925413228,0.9999803925413228,0.0,0.9999803925413228,0.9999803925413228,0.11764475206368503,0.6470461363502676,0.9999803925413228,0.9999803925413228,0.5882237603184252,0.9999803925413228,0.8039058057685143,0.9999803925413228,0.9999803925413228,0.0,0.05882237603184252,0.05882237603184252,0.0,0.0,0.9999803925413228,0.9999803925413228,0.3529342561910551,0.9999803925413228,0.9999803925413228,0.49018646693202095,0.5490088429638634,0.5490088429638634,0.5490088429638634,0.9999803925413228,0.9999803925413228,0.9999803925413228,0.9999803925413228,0.9999803925413228,0.9999803925413228,0.9999803925413228,0.9999803925413228,0.9999803925413228,0.9999803925413228,0.9999803925413228,0.9999803925413228,0.0,0.0,0.9999803925413228
AKAM,0.0,0.0,0.0,0.0,0.0,0.0,0.0,0.0,0.0,0.01999960000799984,0.0,0.0,0.0,0.0,0.0,0.07999840003199936,0.0,0.999980000399992,0.999980000399992,0.01999960000799984,0.01999960000799984,0.01999960000799984,0.01999960000799984,0.01999960000799984,0.01999960000799984,0.0,0.0,0.0,0.0,0.0,0.0,0.01999960000799984,0.03999920001599968,0.03999920001599968,0.03999920001599968,0.0,0.0,0.0,0.0,0.0,0.1399972000559989,0.0,0.0,0.0,0.0,0.0,0.0,0.0,0.0,0.999980000399992,0.0,0.0,0.0,0.0,0.999980000399992,0.999980000399992,0.07999840003199936,0.999980000399992,0.999980000399992,0.999980000399992,0.999980000399992,0.999980000399992,0.999980000399992,0.999980000399992,0.999980000399992,0.0,0.999980000399992,0.0999980000399992,0.999980000399992,0.999980000399992,0.999980000399992,0.999980000399992,0.999980000399992,0.999980000399992,0.01999960000799984,0.999980000399992,0.01999960000799984,0.0999980000399992,0.0999980000399992,0.0999980000399992,0.01999960000799984,0.01999960000799984,0.01999960000799984,0.01999960000799984,0.999980000399992,0.8199836003279934,0.8199836003279934,0.01999960000799984,0.01999960000799984,0.01999960000799984,0.499990000199996,0.999980000399992,0.999980000399992,0.999980000399992,0.999980000399992,0.999980000399992,0.999980000399992,0.999980000399992,0.999980000399992,0.999980000399992,0.999980000399992,0.999980000399992,0.999980000399992,0.0,0.0,0.999980000399992
ALB,0.0,0.0,0.0,0.022221728406035424,0.022221728406035424,0.022221728406035424,0.022221728406035424,0.022221728406035424,0.022221728406035424,0.022221728406035424,0.022221728406035424,0.022221728406035424,0.022221728406035424,0.022221728406035424,0.0,0.04444345681207085,0.0,0.022221728406035424,0.022221728406035424,0.022221728406035424,0.022221728406035424,0.022221728406035424,0.022221728406035424,0.022221728406035424,0.022221728406035424,0.022221728406035424,0.022221728406035424,0.022221728406035424,0.022221728406035424,0.022221728406035424,0.022221728406035424,0.022221728406035424,0.022221728406035424,0.022221728406035424,0.022221728406035424,0.022221728406035424,0.022221728406035424,0.022221728406035424,0.022221728406035424,0.022221728406035424,0.9999777782715941,0.022221728406035424,0.022221728406035424,0.022221728406035424,0.022221728406035424,0.022221728406035424,0.022221728406035424,0.022221728406035424,0.022221728406035424,0.022221728406035424,0.022221728406035424,0.1777738272482834,0.022221728406035424,0.022221728406035424,0.9999777782715941,0.9999777782715941,0.9999777782715941,0.9999777782715941,0.9999777782715941,0.9999777782715941,0.9999777782715941,0.9999777782715941,0.9999777782715941,0.9999777782715941,0.9999777782715941,0.022221728406035424,0.9999777782715941,0.22221728406035424,0.06666518521810627,0.9999777782715941,0.9999777782715941,0.8222039510233107,0.5333214817448502,0.5333214817448502,0.022221728406035424,0.022221728406035424,0.15555209884224797,0.022221728406035424,0.022221728406035424,0.022221728406035424,0.022221728406035424,0.022221728406035424,0.9999777782715941,0.8222039510233107,0.022221728406035424,0.9999777782715941,0.022221728406035424,0.5110997533388147,0.6222083953689919,0.5110997533388147,0.9999777782715941,0.9999777782715941,0.9999777782715941,0.9999777782715941,0.9999777782715941,0.9999777782715941,0.9999777782715941,0.9999777782715941,0.9999777782715941,0.9999777782715941,0.9999777782715941,0.9999777782715941,0.9999777782715941,0.0,0.0,0.9999777782715941
ALGN,0.0,0.0,0.0,0.0,0.0,0.0,0.0,0.0,0.0,0.022221728406035424,0.0,0.0,0.0,0.0,0.0,0.04444345681207085,0.0,0.9999777782715941,0.9999777782715941,0.022221728406035424,0.022221728406035424,0.022221728406035424,0.022221728406035424,0.022221728406035424,0.022221728406035424,0.0,0.0,0.022221728406035424,0.7777604942112398,0.0,0.0,0.0,0.04444345681207085,0.04444345681207085,0.04444345681207085,0.0,0.0,0.0,0.0,0.0,0.733317037399169,0.11110864203017712,0.022221728406035424,0.0,0.0,0.022221728406035424,0.022221728406035424,0.0,0.0,0.0,0.0,0.0,0.022221728406035424,0.0,0.9999777782715941,0.9999777782715941,0.5333214817448502,0.9999777782715941,0.9999777782715941,0.9999777782715941,0.9999777782715941,0.9999777782715941,0.9999777782715941,0.9999777782715941,0.6666518521810627,0.022221728406035424,0.9999777782715941,0.22221728406035424,0.9999777782715941,0.9999777782715941,0.9999777782715941,0.9999777782715941,0.5555432101508856,0.9333125930534878,0.022221728406035424,0.022221728406035424,0.022221728406035424,0.022221728406035424,0.06666518521810627,0.06666518521810627,0.022221728406035424,0.022221728406035424,0.9999777782715941,0.15555209884224797,0.9999777782715941,0.9999777782715941,0.9999777782715941,0.022221728406035424,0.022221728406035424,0.5110997533388147,0.5333214817448502,0.9999777782715941,0.9999777782715941,0.9999777782715941,0.9999777782715941,0.9999777782715941,0.9999777782715941,0.9999777782715941,0.9999777782715941,0.9999777782715941,0.9999777782715941,0.9999777782715941,0.9999777782715941,0.0,0.0,0.9999777782715941
ALL,0.0,0.0,0.0,0.0,0.0,0.9999803925413228,0.9999803925413228,0.0,0.0,0.039214917354561674,0.9999803925413228,0.0,0.0,0.9999803925413228,0.0,0.07842983470912335,0.0,0.039214917354561674,0.8431207231230761,0.039214917354561674,0.039214917354561674,0.9999803925413228,0.9999803925413228,0.039214917354561674,0.039214917354561674,0.9999803925413228,0.039214917354561674,0.039214917354561674,0.0980372933864042,0.0,0.0,0.9999803925413228,0.019607458677280837,0.05882237603184252,0.05882237603184252,0.9999803925413228,0.9999803925413228,0.0,0.0,0.8235132644457952,0.9999803925413228,0.4509715495774593,0.0,0.0,0.039214917354561674,0.0,0.0,0.0,0.0,0.9999803925413228,0.9999803925413228,0.9999803925413228,0.039214917354561674,0.0,0.039214917354561674,0.9999803925413228,0.9999803925413228,0.9999803925413228,0.9999803925413228,0.0,0.9999803925413228,0.0980372933864042,0.0,0.0,0.9999803925413228,0.039214917354561674,0.9999803925413228,0.9999803925413228,0.039214917354561674,0.13725221074096586,0.9999803925413228,0.9999803925413228,0.5686163016411443,0.9999803925413228,0.9999803925413228,0.9999803925413228,0.9999803925413228,0.039214917354561674,0.07842983470912335,0.07842983470912335,0.7646908884139527,0.039214917354561674,0.039214917354561674,0.9019430991549185,0.5294013842865827,0.039214917354561674,0.9999803925413228,0.9999803925413228,0.9999803925413228,0.9999803925413228,0.9999803925413228,0.9999803925413228,0.9999803925413228,0.9999803925413228,0.9999803925413228,0.039214917354561674,0.9215505578321994,0.9999803925413228,0.9999803925413228,0.9999803925413228,0.9999803925413228,0.9999803925413228,0.9999803925413228,0.0,0.0,0.9999803925413228
ALLE,0.0,0.0,0.0,0.0,0.0,0.0,0.0,0.0,0.08333101858281715,0.13888503097136193,0.0,0.0,0.0,0.0,0.0,0.08333101858281715,0.0,0.055554012388544766,0.055554012388544766,0.055554012388544766,0.055554012388544766,0.055554012388544766,0.055554012388544766,0.055554012388544766,0.055554012388544766,0.0,0.0,0.0,0.0,0.0,0.0,0.0,0.0,0.055554012388544766,0.055554012388544766,0.0,0.0,0.0,0.0,0.0,0.0,0.0,0.0,0.0,0.027777006194272383,0.0,0.0,0.0,0.0,0.0,0.0,0.0,0.0,0.027777006194272383,0.9999722229938058,0.9999722229938058,0.9999722229938058,0.9999722229938058,0.9999722229938058,0.9999722229938058,0.9999722229938058,0.9999722229938058,0.9999722229938058,0.9999722229938058,0.9999722229938058,0.027777006194272383,0.9999722229938058,0.0,0.5555401238854477,0.9999722229938058,0.9999722229938058,0.9999722229938058,0.9999722229938058,0.9999722229938058,0.055554012388544766,0.055554012388544766,0.055554012388544766,0.055554012388544766,0.055554012388544766,0.055554012388544766,0.055554012388544766,0.055554012388544766,0.9999722229938058,0.9999722229938058,0.1666620371656343,0.9999722229938058,0.9999722229938058,0.8055331796338991,0.8888641982167163,0.9999722229938058,0.9999722229938058,0.9999722229938058,0.9999722229938058,0.9999722229938058,0.9999722229938058,0.9999722229938058,0.9999722229938058,0.9999722229938058,0.9999722229938058,0.9999722229938058,0.9999722229938058,0.9999722229938058,0.9999722229938058,0.0,0.0,0.9999722229938058
AMAT,0.0,0.0,0.0,0.01999960000799984,0.01999960000799984,0.01999960000799984,0.01999960000799984,0.01999960000799984,0.01999960000799984,0.01999960000799984,0.01999960000799984,0.01999960000799984,0.01999960000799984,0.01999960000799984,0.0,0.07999840003199936,0.0,0.01999960000799984,0.0999980000399992,0.01999960000799984,0.01999960000799984,0.01999960000799984,0.01999960000799984,0.01999960000799984,0.01999960000799984,0.01999960000799984,0.01999960000799984,0.01999960000799984,0.01999960000799984,0.01999960000799984,0.01999960000799984,0.01999960000799984,0.01999960000799984,0.05999880002399952,0.05999880002399952,0.01999960000799984,0.01999960000799984,0.01999960000799984,0.01999960000799984,0.01999960000799984,0.879982400351993,0.2799944001119978,0.01999960000799984,0.01999960000799984,0.01999960000799984,0.01999960000799984,0.01999960000799984,0.01999960000799984,0.01999960000799984,0.01999960000799984,0.01999960000799984,0.01999960000799984,0.01999960000799984,0.01999960000799984,0.999980000399992,0.999980000399992,0.5599888002239956,0.999980000399992,0.999980000399992,0.999980000399992,0.999980000399992,0.999980000399992,0.999980000399992,0.999980000399992,0.999980000399992,0.01999960000799984,0.999980000399992,0.7999840003199936,0.35999280014399715,0.7199856002879943,0.999980000399992,0.999980000399992,0.7399852002959941,0.879982400351993,0.01999960000799984,0.01999960000799984,0.01999960000799984,0.01999960000799984,0.01999960000799984,0.01999960000799984,0.01999960000799984,0.01999960000799984,0.01999960000799984,0.01999960000799984,0.999980000399992,0.01999960000799984,0.01999960000799984,0.0999980000399992,0.0999980000399992,0.999980000399992,0.999980000399992,0.999980000399992,0.999980000399992,0.999980000399992,0.999980000399992,0.999980000399992,0.999980000399992,0.999980000399992,0.999980000399992,0.999980000399992,0.999980000399992,0.999980000399992,0.999980000399992,0.0,0.0,0.999980000399992
AMCR,0.0,0.0,0.0,0.0,0.0,0.0,0.0,0.0,0.0,0.0,0.0,0.0,0.0,0.0,0.0,0.166659722511562,0.0,0.0,0.0,0.0,0.0,0.0,0.0,0.0,0.0,0.0,0.0,0.0,0.0,0.0,0.0,0.0416649306278905,0.0416649306278905,0.0,0.0,0.0,0.0,0.0,0.0,0.0,0.0,0.0,0.0,0.0,0.0,0.0,0.0,0.0,0.0,0.0,0.0,0.0,0.0,0.0,0.999958335069372,0.999958335069372,0.666638890046248,0.999958335069372,0.999958335069372,0.999958335069372,0.999958335069372,0.999958335069372,0.999958335069372,0.999958335069372,0.999958335069372,0.0,0.999958335069372,0.0,0.0,0.999958335069372,0.999958335069372,0.999958335069372,0.2083246531394525,0.2083246531394525,0.0,0.166659722511562,0.0,0.1249947918836715,0.499979167534686,0.7916336819299196,0.0,0.0,0.0,0.999958335069372,0.0,0.999958335069372,0.999958335069372,0.7916336819299196,0.7916336819299196,0.999958335069372,0.999958335069372,0.999958335069372,0.999958335069372,0.999958335069372,0.999958335069372,0.999958335069372,0.999958335069372,0.999958335069372,0.999958335069372,0.999958335069372,0.999958335069372,0.999958335069372,0.999958335069372,0.0,0.0,0.999958335069372
AMD,0.0,0.0,0.0,0.11627636566591475,0.0,0.11627636566591475,0.11627636566591475,0.11627636566591475,0.0930210925327318,0.11627636566591475,0.0,0.0,0.0,0.0,0.0,0.0930210925327318,0.0,0.02325527313318295,0.06976581939954885,0.02325527313318295,0.02325527313318295,0.02325527313318295,0.02325527313318295,0.02325527313318295,0.02325527313318295,0.0,0.0,0.0,0.0,0.20929745819864656,0.0,0.0,0.0,0.1860421850654636,0.0465105462663659,0.0,0.0,0.0,0.0,0.0,0.6278923745959397,0.30231855073137837,0.0,0.0,0.0,0.0,0.0,0.0,0.0,0.0,0.0,0.02325527313318295,0.0,0.0,0.9999767447268668,0.20929745819864656,0.9999767447268668,0.9999767447268668,0.9999767447268668,0.9999767447268668,0.9999767447268668,0.9999767447268668,0.9999767447268668,0.9999767447268668,0.9999767447268668,0.0,0.9999767447268668,0.5813818283295737,0.2325527313318295,0.6278923745959397,0.9999767447268668,0.9999767447268668,0.5581265551963908,0.9999767447268668,0.02325527313318295,0.02325527313318295,0.02325527313318295,0.02325527313318295,0.11627636566591475,0.11627636566591475,0.30231855073137837,0.02325527313318295,0.02325527313318295,0.9999767447268668,0.7674240133950374,0.6278923745959397,0.9069556521941351,0.25580800446501245,0.3255738238645613,0.9999767447268668,0.48836073579684197,0.9999767447268668,0.9999767447268668,0.9999767447268668,0.9999767447268668,0.9999767447268668,0.9999767447268668,0.9999767447268668,0.9999767447268668,0.9999767447268668,0.9999767447268668,0.9999767447268668,0.9999767447268668,0.0,0.0,0.9999767447268668
AME,0.0,0.0,0.0,0.0,0.0,0.3888816873761597,0.0,0.0,0.0,0.01851817558934094,0.0,0.0,0.0,0.01851817558934094,0.0,0.03703635117868188,0.0,0.01851817558934094,0.01851817558934094,0.01851817558934094,0.01851817558934094,0.01851817558934094,0.01851817558934094,0.01851817558934094,0.01851817558934094,0.0,0.0,0.0,0.0,0.01851817558934094,0.01851817558934094,0.01851817558934094,0.01851817558934094,0.01851817558934094,0.01851817558934094,0.3888816873761597,0.3888816873761597,0.0,0.0,0.0,0.9999814818244107,0.11110905353604564,0.0,0.0,0.01851817558934094,0.0,0.0,0.0,0.0,0.9999814818244107,0.0,0.9999814818244107,0.01851817558934094,0.01851817558934094,0.9999814818244107,0.9999814818244107,0.5370270920908873,0.9999814818244107,0.9999814818244107,0.9999814818244107,0.9999814818244107,0.9999814818244107,0.9999814818244107,0.9999814818244107,0.9999814818244107,0.01851817558934094,0.9999814818244107,0.9999814818244107,0.05555452676802282,0.9999814818244107,0.9999814818244107,0.9999814818244107,0.59258161885891,0.9999814818244107,0.01851817558934094,0.01851817558934094,0.01851817558934094,0.01851817558934094,0.05555452676802282,0.05555452676802282,0.01851817558934094,0.01851817558934094,0.01851817558934094,0.37036351178681876,0.9999814818244107,0.9999814818244107,0.9999814818244107,0.5370270920908873,0.5370270920908873,0.6666543212162738,0.7592451991629785,0.9999814818244107,0.9999814818244107,0.9999814818244107,0.9999814818244107,0.9999814818244107,0.9999814818244107,0.9999814818244107,0.9999814818244107,0.9999814818244107,0.9999814818244107,0.9999814818244107,0.9999814818244107,0.0,0.0,0.9999814818244107
AMGN,0.0,0.0,0.0,0.0,0.0,0.06122324034203384,0.0,0.0,0.0,0.040815493561355894,0.0,0.0,0.0,0.0,0.0,0.06122324034203384,0.0,0.06122324034203384,0.20407746780677946,0.06122324034203384,0.040815493561355894,0.040815493561355894,0.040815493561355894,0.040815493561355894,0.040815493561355894,0.0,0.0,0.0,0.9999795922532194,0.0,0.0,0.0,0.020407746780677947,0.06122324034203384,0.06122324034203384,0.18366972102610152,0.06122324034203384,0.0,0.0,0.0,0.7142711373237282,0.14285422746474563,0.020407746780677947,0.0,0.020407746780677947,0.0,0.0,0.0,0.0,0.0,0.0,0.0,0.0,0.020407746780677947,0.9999795922532194,0.9999795922532194,0.9999795922532194,0.9999795922532194,0.9999795922532194,0.9999795922532194,0.9999795922532194,0.9999795922532194,0.9999795922532194,0.9999795922532194,0.9999795922532194,0.020407746780677947,0.9999795922532194,0.0,0.06122324034203384,0.9999795922532194,0.9999795922532194,0.4897859227362707,0.5510091630783045,0.9999795922532194,0.040815493561355894,0.040815493561355894,0.040815493561355894,0.040815493561355894,0.06122324034203384,0.06122324034203384,0.040815493561355894,0.040815493561355894,0.9999795922532194,0.9999795922532194,0.9999795922532194,0.9999795922532194,0.9999795922532194,0.9999795922532194,0.9999795922532194,0.9999795922532194,0.9999795922532194,0.9999795922532194,0.9999795922532194,0.9999795922532194,0.9999795922532194,0.9999795922532194,0.9999795922532194,0.9999795922532194,0.9999795922532194,0.9999795922532194,0.9999795922532194,0.9999795922532194,0.9999795922532194,0.0,0.0,0.9999795922532194
AMP,0.0,0.0,0.0,0.019607458677280837,0.019607458677280837,0.9999803925413228,0.9999803925413228,0.019607458677280837,0.019607458677280837,0.019607458677280837,0.9999803925413228,0.019607458677280837,0.019607458677280837,0.9999803925413228,0.0,0.07842983470912335,0.0,0.8235132644457952,0.9019430991549185,0.607831218995706,0.019607458677280837,0.9999803925413228,0.9999803925413228,0.1568596694182467,0.019607458677280837,0.019607458677280837,0.019607458677280837,0.019607458677280837,0.9999803925413228,0.019607458677280837,0.019607458677280837,0.9999803925413228,0.019607458677280837,0.039214917354561674,0.039214917354561674,0.9999803925413228,0.9999803925413228,0.019607458677280837,0.019607458677280837,0.33332679751377425,0.4117566322228976,0.1568596694182467,0.019607458677280837,0.019607458677280837,0.019607458677280837,0.019607458677280837,0.019607458677280837,0.019607458677280837,0.019607458677280837,0.9999803925413228,0.019607458677280837,0.019607458677280837,0.019607458677280837,0.019607458677280837,0.9999803925413228,0.9999803925413228,0.4117566322228976,0.9999803925413228,0.9999803925413228,0.33332679751377425,0.9999803925413228,0.019607458677280837,0.9999803925413228,0.039214917354561674,0.9999803925413228,0.019607458677280837,0.9999803925413228,0.3529342561910551,0.8235132644457952,0.8431207231230761,0.9999803925413228,0.9999803925413228,0.5490088429638634,0.5490088429638634,0.9999803925413228,0.9999803925413228,0.9999803925413228,0.0980372933864042,0.0980372933864042,0.0980372933864042,0.0980372933864042,0.019607458677280837,0.019607458677280837,0.9999803925413228,0.49018646693202095,0.9999803925413228,0.9999803925413228,0.9411580165094803,0.9999803925413228,0.9999803925413228,0.9999803925413228,0.9999803925413228,0.5686163016411443,0.43136409090017847,0.9999803925413228,0.2548969628046509,0.21568204545008923,0.9999803925413228,0.9999803925413228,0.9999803925413228,0.9999803925413228,0.9999803925413228,0.9999803925413228,0.0,0.0,0.9999803925413228
AMT,0.0,0.0,0.0,0.0,0.0,0.3090852893583753,0.018181487609316194,0.018181487609316194,0.0,0.018181487609316194,0.0,0.0,0.0,0.9999818185123908,0.0,0.03636297521863239,0.0,0.018181487609316194,0.018181487609316194,0.018181487609316194,0.018181487609316194,0.018181487609316194,0.018181487609316194,0.018181487609316194,0.018181487609316194,0.0,0.0,0.0,0.10908892565589717,0.0,0.0,0.0,0.018181487609316194,0.03636297521863239,0.03636297521863239,0.2909038017490591,0.2909038017490591,0.0,0.0,0.0,0.654533553935383,0.12727041326521338,0.018181487609316194,0.0,0.018181487609316194,0.018181487609316194,0.018181487609316194,0.0,0.0,0.9999818185123908,0.0,0.0,0.018181487609316194,0.018181487609316194,0.9999818185123908,0.9999818185123908,0.47271867784222105,0.9999818185123908,0.9999818185123908,0.9999818185123908,0.9999818185123908,0.9999818185123908,0.9999818185123908,0.9999818185123908,0.0,0.018181487609316194,0.9999818185123908,0.9999818185123908,0.018181487609316194,0.4545371902329049,0.9999818185123908,0.9999818185123908,0.6181705787167506,0.6181705787167506,0.018181487609316194,0.9999818185123908,0.018181487609316194,0.3090852893583753,0.3454482645770077,0.3454482645770077,0.018181487609316194,0.018181487609316194,0.018181487609316194,0.6908965291540154,0.018181487609316194,0.3090852893583753,0.9999818185123908,0.018181487609316194,0.018181487609316194,0.07272595043726478,0.9999818185123908,0.9999818185123908,0.9999818185123908,0.9999818185123908,0.9999818185123908,0.9999818185123908,0.9999818185123908,0.9999818185123908,0.9999818185123908,0.9999818185123908,0.9999818185123908,0.9999818185123908,0.9999818185123908,0.0,0.0,0.9999818185123908
AMZN,0.0,0.0,0.0,0.0,0.0,0.0,0.0,0.0,0.0,0.01886756853644271,0.0,0.0,0.0,0.9999811324314636,0.0,0.03773513707288542,0.0,0.01886756853644271,0.18867568536442708,0.01886756853644271,0.01886756853644271,0.01886756853644271,0.01886756853644271,0.01886756853644271,0.01886756853644271,0.0,0.0,0.0,0.0,0.01886756853644271,0.01886756853644271,0.01886756853644271,0.01886756853644271,0.01886756853644271,0.01886756853644271,0.0,0.0,0.0,0.0,0.0,0.0,0.18867568536442708,0.01886756853644271,0.0,0.01886756853644271,0.01886756853644271,0.01886756853644271,0.0,0.0,0.0,0.0,0.0,0.01886756853644271,0.01886756853644271,0.9999811324314636,0.9999811324314636,0.18867568536442708,0.9999811324314636,0.9999811324314636,0.9999811324314636,0.9999811324314636,0.9999811324314636,0.9999811324314636,0.9999811324314636,0.9999811324314636,0.01886756853644271,0.9999811324314636,0.01886756853644271,0.18867568536442708,0.9999811324314636,0.9999811324314636,0.9999811324314636,0.6037621931661667,0.6037621931661667,0.01886756853644271,0.01886756853644271,0.01886756853644271,0.16980811682798438,0.2641459595101979,0.2641459595101979,0.056602705609328126,0.01886756853644271,0.01886756853644271,0.01886756853644271,0.9999811324314636,0.9999811324314636,0.9999811324314636,0.056602705609328126,0.056602705609328126,0.18867568536442708,0.8301730156034792,0.9999811324314636,0.9999811324314636,0.9999811324314636,0.9999811324314636,0.9999811324314636,0.9999811324314636,0.9999811324314636,0.9999811324314636,0.9999811324314636,0.9999811324314636,0.9999811324314636,0.9999811324314636,0.0,0.0,0.9999811324314636
ANET,0.0,0.0,0.0,0.0,0.0,0.0,0.0,0.0,0.0,0.05263019394226468,0.0,0.0,0.0,0.0,0.0,0.05263019394226468,0.0,0.8947132970184996,0.8947132970184996,0.8947132970184996,0.05263019394226468,0.05263019394226468,0.05263019394226468,0.3157811636535881,0.05263019394226468,0.0,0.0,0.02631509697113234,0.8420831030762349,0.0,0.0,0.0,0.02631509697113234,0.05263019394226468,0.05263019394226468,0.0,0.0,0.0,0.0,0.0,0.999973684903029,0.36841135759585275,0.02631509697113234,0.02631509697113234,0.02631509697113234,0.02631509697113234,0.02631509697113234,0.0,0.0,0.0,0.0,0.0,0.02631509697113234,0.02631509697113234,0.999973684903029,0.999973684903029,0.2894660666824557,0.999973684903029,0.999973684903029,0.999973684903029,0.999973684903029,0.999973684903029,0.999973684903029,0.999973684903029,0.999973684903029,0.02631509697113234,0.999973684903029,0.0,0.999973684903029,0.999973684903029,0.999973684903029,0.999973684903029,0.39472645456698513,0.7894529091339703,0.05263019394226468,0.05263019394226468,0.05263019394226468,0.05263019394226468,0.05263019394226468,0.05263019394226468,0.3157811636535881,0.05263019394226468,0.999973684903029,0.05263019394226468,0.999973684903029,0.999973684903029,0.4999868424515145,0.05263019394226468,0.05263019394226468,0.05263019394226468,0.5263019394226468,0.999973684903029,0.999973684903029,0.999973684903029,0.999973684903029,0.999973684903029,0.999973684903029,0.999973684903029,0.999973684903029,0.999973684903029,0.999973684903029,0.999973684903029,0.999973684903029,0.0,0.0,0.999973684903029
AON,0.0,0.0,0.0,0.0,0.0,0.9999824564481326,0.0,0.0,0.05263065560253329,0.10526131120506659,0.0,0.0,0.0,0.9999824564481326,0.0,0.08771775933755549,0.0,0.05263065560253329,0.05263065560253329,0.05263065560253329,0.05263065560253329,0.05263065560253329,0.05263065560253329,0.05263065560253329,0.05263065560253329,0.9999824564481326,0.0,0.0,0.0,0.0350871037350222,0.0350871037350222,0.0350871037350222,0.05263065560253329,0.0701742074700444,0.0701742074700444,0.9999824564481326,0.9999824564481326,0.0,0.0,0.19297907054262206,0.719285626567955,0.3859581410852441,0.0,0.0350871037350222,0.0350871037350222,0.0,0.0350871037350222,0.0,0.0,0.9999824564481326,0.0,0.0,0.0350871037350222,0.0350871037350222,0.9999824564481326,0.9999824564481326,0.19297907054262206,0.9999824564481326,0.9999824564481326,0.9999824564481326,0.9999824564481326,0.9999824564481326,0.9999824564481326,0.9999824564481326,0.9999824564481326,0.0350871037350222,0.9999824564481326,0.4561323485552885,0.35087103735022196,0.5789372116278662,0.9999824564481326,0.9999824564481326,0.6140243153628884,0.5964807634953773,0.05263065560253329,0.9999824564481326,0.05263065560253329,0.05263065560253329,0.12280486307257768,0.12280486307257768,0.05263065560253329,0.05263065560253329,0.8070033859055105,0.9999824564481326,0.12280486307257768,0.05263065560253329,0.05263065560253329,0.24560972614515536,0.24560972614515536,0.5263065560253329,0.9999824564481326,0.9999824564481326,0.9999824564481326,0.9999824564481326,0.9999824564481326,0.9999824564481326,0.9999824564481326,0.9999824564481326,0.9999824564481326,0.9999824564481326,0.9999824564481326,0.9999824564481326,0.9999824564481326,0.0,0.0,0.9999824564481326
AOS,0.0,0.0,0.0,0.5227153928319811,0.0,0.5227153928319811,0.5227153928319811,0.5227153928319811,0.0,0.022726756210086137,0.0,0.0,0.0,0.022726756210086137,0.0,0.3181745869412059,0.0,0.022726756210086137,0.022726756210086137,0.022726756210086137,0.022726756210086137,0.022726756210086137,0.022726756210086137,0.022726756210086137,0.022726756210086137,0.0,0.1818140496806891,0.022726756210086137,0.0,0.5227153928319811,0.0,0.1363605372605168,0.0,0.5454421490420672,0.04545351242017227,0.0,0.0,0.022726756210086137,0.0,0.0,0.9999772732437899,0.11363378105043068,0.0,0.022726756210086137,0.022726756210086137,0.022726756210086137,0.0,0.0,0.0,0.1818140496806891,0.1818140496806891,0.1818140496806891,0.022726756210086137,0.022726756210086137,0.9999772732437899,0.9999772732437899,0.9999772732437899,0.9999772732437899,0.9999772732437899,0.9999772732437899,0.9999772732437899,0.9999772732437899,0.9999772732437899,0.9999772732437899,0.9999772732437899,0.022726756210086137,0.9999772732437899,0.0,0.11363378105043068,0.9999772732437899,0.1818140496806891,0.9999772732437899,0.5908956614622395,0.9999772732437899,0.022726756210086137,0.022726756210086137,0.9999772732437899,0.022726756210086137,0.022726756210086137,0.022726756210086137,0.022726756210086137,0.022726756210086137,0.022726756210086137,0.6136224176723256,0.840889979773187,0.9999772732437899,0.9999772732437899,0.5454421490420672,0.5454421490420672,0.9999772732437899,0.9999772732437899,0.9999772732437899,0.9999772732437899,0.9999772732437899,0.9999772732437899,0.9999772732437899,0.9999772732437899,0.9999772732437899,0.9999772732437899,0.9999772732437899,0.9999772732437899,0.9999772732437899,0.9999772732437899,0.0,0.0,0.9999772732437899
APA,0.0,0.0,0.0,0.9999375039060058,0.0,0.9999375039060058,0.9999375039060058,0.9999375039060058,0.31248046997062684,0.31248046997062684,0.0,0.0,0.0,0.9999375039060058,0.0,0.12499218798825072,0.0,0.0,0.0,0.0,0.0,0.0,0.0,0.31248046997062684,0.0,0.0,0.0,0.0,0.9999375039060058,0.874945315917755,0.0,0.0,0.0,0.9999375039060058,0.0,0.9999375039060058,0.9999375039060058,0.0,0.0,0.0,0.0,0.9999375039060058,0.0,0.0,0.0,0.0,0.0,0.0,0.0,0.0,0.0,0.0,0.0,0.0,0.9999375039060058,0.9999375039060058,0.0,0.9999375039060058,0.9999375039060058,0.9999375039060058,0.9999375039060058,0.9999375039060058,0.9999375039060058,0.9999375039060058,0.9999375039060058,0.0,0.0,0.0,0.0,0.9999375039060058,0.9999375039060058,0.5624648459471283,0.24998437597650144,0.0,0.0,0.0,0.0,0.5624648459471283,0.5624648459471283,0.5624648459471283,0.9999375039060058,0.0,0.0,0.9999375039060058,0.6874570339353789,0.9999375039060058,0.9999375039060058,0.9999375039060058,0.9999375039060058,0.9999375039060058,0.9999375039060058,0.9999375039060058,0.9999375039060058,0.9999375039060058,0.9999375039060058,0.9999375039060058,0.9999375039060058,0.9999375039060058,0.9999375039060058,0.5624648459471283,0.0,0.9999375039060058,0.9999375039060058,0.0,0.0,0.9999375039060058
APD,0.0,0.0,0.0,0.0,0.0,0.0,0.0,0.0,0.0,0.022221728406035424,0.0,0.0,0.0,0.0,0.0,0.04444345681207085,0.0,0.1777738272482834,0.022221728406035424,0.022221728406035424,0.022221728406035424,0.022221728406035424,0.022221728406035424,0.022221728406035424,0.022221728406035424,0.0,0.0,0.0,0.0,0.022221728406035424,0.022221728406035424,0.022221728406035424,0.04444345681207085,0.04444345681207085,0.04444345681207085,0.0,0.0,0.0,0.0,0.04444345681207085,0.9999777782715941,0.022221728406035424,0.0,0.0,0.022221728406035424,0.0,0.0,0.0,0.0,0.0,0.0,0.0,0.022221728406035424,0.0,0.9999777782715941,0.9999777782715941,0.022221728406035424,0.9999777782715941,0.9999777782715941,0.9999777782715941,0.9999777782715941,0.9999777782715941,0.9999777782715941,0.9999777782715941,0.9999777782715941,0.022221728406035424,0.9999777782715941,0.0,0.1999955556543188,0.9999777782715941,0.9999777782715941,0.7999822226172753,0.577764938556921,0.9999777782715941,0.022221728406035424,0.022221728406035424,0.022221728406035424,0.022221728406035424,0.022221728406035424,0.022221728406035424,0.022221728406035424,0.022221728406035424,0.022221728406035424,0.9999777782715941,0.022221728406035424,0.3777693829026022,0.9999777782715941,0.2666607408724251,0.4666562965267439,0.2666607408724251,0.4888780249327793,0.9999777782715941,0.9999777782715941,0.9110908646474524,0.9999777782715941,0.9999777782715941,0.9999777782715941,0.9999777782715941,0.9999777782715941,0.9999777782715941,0.9999777782715941,0.9999777782715941,0.9999777782715941,0.0,0.0,0.9999777782715941
APH,0.0,0.0,0.0,0.4285637756468635,0.0,0.4285637756468635,0.4285637756468635,0.4285637756468635,0.0,0.03571364797057196,0.0,0.0,0.0,0.03571364797057196,0.0,0.053570471955857936,0.0,0.03571364797057196,0.5357047195585793,0.03571364797057196,0.03571364797057196,0.03571364797057196,0.03571364797057196,0.03571364797057196,0.03571364797057196,0.0,0.0,0.0,0.0,0.4285637756468635,0.0,0.0,0.01785682398528598,0.4285637756468635,0.053570471955857936,0.0,0.0,0.0,0.0,0.0,0.821413903323155,0.10714094391171587,0.0,0.0,0.01785682398528598,0.01785682398528598,0.01785682398528598,0.0,0.0,0.0,0.0,0.0,0.01785682398528598,0.01785682398528598,0.9999821431760147,0.9999821431760147,0.9999821431760147,0.9999821431760147,0.9999821431760147,0.9999821431760147,0.9999821431760147,0.9999821431760147,0.9999821431760147,0.9999821431760147,0.9999821431760147,0.01785682398528598,0.9999821431760147,0.0,0.03571364797057196,0.9999821431760147,0.9999821431760147,0.9999821431760147,0.4999910715880074,0.9999821431760147,0.03571364797057196,0.03571364797057196,0.03571364797057196,0.03571364797057196,0.03571364797057196,0.03571364797057196,0.3214228317351476,0.03571364797057196,0.4464205996321494,0.9999821431760147,0.03571364797057196,0.053570471955857936,0.9999821431760147,0.9999821431760147,0.9999821431760147,0.9999821431760147,0.9999821431760147,0.9999821431760147,0.9999821431760147,0.9999821431760147,0.9999821431760147,0.9999821431760147,0.9999821431760147,0.9999821431760147,0.9999821431760147,0.9999821431760147,0.9999821431760147,0.9999821431760147,0.9999821431760147,0.0,0.0,0.9999821431760147
APO,0.0,0.0,0.0,0.0,0.0,0.9999375039060058,0.9999375039060058,0.0,0.0,0.18748828198237608,0.9999375039060058,0.0,0.0,0.9999375039060058,0.0,0.31248046997062684,0.0,0.18748828198237608,0.9999375039060058,0.18748828198237608,0.18748828198237608,0.9999375039060058,0.9999375039060058,0.18748828198237608,0.18748828198237608,0.9999375039060058,0.0,0.06249609399412536,0.9999375039060058,0.0,0.0,0.9999375039060058,0.0,0.18748828198237608,0.18748828198237608,0.9999375039060058,0.9999375039060058,0.0,0.0,0.0,0.9999375039060058,0.9999375039060058,0.0,0.0,0.06249609399412536,0.0,0.0,0.0,0.0,0.9999375039060058,0.9999375039060058,0.9999375039060058,0.06249609399412536,0.06249609399412536,0.9999375039060058,0.9999375039060058,0.9999375039060058,0.9999375039060058,0.9999375039060058,0.37497656396475215,0.9999375039060058,0.37497656396475215,0.9999375039060058,0.874945315917755,0.9999375039060058,0.06249609399412536,0.9999375039060058,0.0,0.18748828198237608,0.9999375039060058,0.9999375039060058,0.9999375039060058,0.9999375039060058,0.9999375039060058,0.9999375039060058,0.9999375039060058,0.9999375039060058,0.9999375039060058,0.9999375039060058,0.9999375039060058,0.9999375039060058,0.18748828198237608,0.9999375039060058,0.37497656396475215,0.18748828198237608,0.9999375039060058,0.9999375039060058,0.9999375039060058,0.9999375039060058,0.9999375039060058,0.9999375039060058,0.9999375039060058,0.9999375039060058,0.9999375039060058,0.9999375039060058,0.24998437597650144,0.6874570339353789,0.9999375039060058,0.9999375039060058,0.9999375039060058,0.9999375039060058,0.9999375039060058,0.9999375039060058,0.0,0.0,0.9999375039060058
APP,0.0,0.0,0.0,0.0,0.0,0.0,0.0,0.0,0.1111049386145214,0.1111049386145214,0.0,0.0,0.0,0.0,0.0,0.0,0.0,0.0,0.0,0.0,0.0,0.0,0.0,0.0,0.0,0.0,0.0,0.0,0.0,0.0,0.0,0.0,0.0,0.0,0.0,0.0,0.0,0.0,0.0,0.0,0.9999444475306927,0.0,0.0,0.0,0.0,0.0,0.0,0.0,0.0,0.9999444475306927,0.0,0.0,0.0,0.0,0.9999444475306927,0.9999444475306927,0.9999444475306927,0.9999444475306927,0.9999444475306927,0.9999444475306927,0.9999444475306927,0.9999444475306927,0.9999444475306927,0.9999444475306927,0.9999444475306927,0.0,0.9999444475306927,0.0,0.2222098772290428,0.9999444475306927,0.9999444475306927,0.9999444475306927,0.2222098772290428,0.0,0.0,0.9999444475306927,0.0,0.3888672851508249,0.9999444475306927,0.9999444475306927,0.0,0.0,0.9999444475306927,0.0,0.9999444475306927,0.9999444475306927,0.9999444475306927,0.0,0.0,0.9999444475306927,0.9999444475306927,0.9999444475306927,0.9999444475306927,0.9999444475306927,0.9999444475306927,0.9999444475306927,0.9999444475306927,0.9999444475306927,0.9999444475306927,0.9999444475306927,0.9999444475306927,0.9999444475306927,0.9999444475306927,0.0,0.0,0.9999444475306927
APTV,0.0,0.0,0.0,0.2758525568083859,0.0,0.2758525568083859,0.2758525568083859,0.2758525568083859,0.0,0.0,0.0,0.0,0.0,0.0,0.0,0.06896313920209647,0.0,0.0,0.0,0.0,0.0,0.0,0.0,0.0,0.0,0.0,0.0,0.0,0.0,0.31033412640943414,0.0,0.0,0.0,0.3448156960104824,0.0,0.0,0.0,0.0,0.0,0.0,0.9999655184303989,0.0,0.0,0.0,0.0,0.0,0.0,0.0,0.0,0.0,0.0,0.0,0.0,0.0,0.0,0.9999655184303989,0.0,0.9999655184303989,0.9999655184303989,0.9999655184303989,0.9999655184303989,0.9999655184303989,0.9999655184303989,0.9999655184303989,0.5172235440157236,0.0,0.9999655184303989,0.9999655184303989,0.0,0.0,0.9999655184303989,0.9999655184303989,0.41377883521257885,0.41377883521257885,0.0,0.0,0.0,0.0,0.0,0.0,0.0,0.0,0.9999655184303989,0.0,0.0,0.8620392400262059,0.9999655184303989,0.5517051136167718,0.5517051136167718,0.6551498224199165,0.6551498224199165,0.9999655184303989,0.9999655184303989,0.9999655184303989,0.9999655184303989,0.7930761008241095,0.9999655184303989,0.9999655184303989,0.9999655184303989,0.9999655184303989,0.9999655184303989,0.9999655184303989,0.9999655184303989,0.0,0.0,0.9999655184303989
ARE,0.0,0.0,0.0,0.4318083679916366,0.0,0.9999772732437899,0.9999772732437899,0.4318083679916366,0.0,0.04545351242017227,0.9999772732437899,0.0,0.0,0.9999772732437899,0.0,0.09090702484034455,0.0,0.11363378105043068,0.9999772732437899,0.11363378105043068,0.04545351242017227,0.9999772732437899,0.9999772732437899,0.9999772732437899,0.04545351242017227,0.0,0.0,0.04545351242017227,0.0,0.4545351242017227,0.022726756210086137,0.9999772732437899,0.04545351242017227,0.4545351242017227,0.04545351242017227,0.9999772732437899,0.9999772732437899,0.04545351242017227,0.9999772732437899,0.9999772732437899,0.9999772732437899,0.9999772732437899,0.0,0.04545351242017227,0.04545351242017227,0.04545351242017227,0.04545351242017227,0.0,0.0,0.9999772732437899,0.9999772732437899,0.9999772732437899,0.04545351242017227,0.04545351242017227,0.9999772732437899,0.9999772732437899,0.9545237608236177,0.9999772732437899,0.9999772732437899,0.9999772732437899,0.9999772732437899,0.9999772732437899,0.9999772732437899,0.9999772732437899,0.0681802686302584,0.04545351242017227,0.9999772732437899,0.7499829549328425,0.11363378105043068,0.9999772732437899,0.9999772732437899,0.9999772732437899,0.5227153928319811,0.9999772732437899,0.9999772732437899,0.9999772732437899,0.9999772732437899,0.34090134315129206,0.9999772732437899,0.9999772732437899,0.7499829549328425,0.9545237608236177,0.9999772732437899,0.5227153928319811,0.04545351242017227,0.9999772732437899,0.9999772732437899,0.9999772732437899,0.9999772732437899,0.9999772732437899,0.9999772732437899,0.9999772732437899,0.9999772732437899,0.8636167359832732,0.9999772732437899,0.9999772732437899,0.9999772732437899,0.11363378105043068,0.6818026863025841,0.9999772732437899,0.9999772732437899,0.9999772732437899,0.9999772732437899,0.0,0.0,0.9999772732437899
ARES,0.0,0.0,0.0,0.0,0.0,0.9999705891003207,0.9999705891003207,0.0,0.029410899679421197,0.029410899679421197,0.9999705891003207,0.11764359871768479,0.11764359871768479,0.9999705891003207,0.029410899679421197,0.11764359871768479,0.11764359871768479,0.8529160907032147,0.9999705891003207,0.8529160907032147,0.029410899679421197,0.9999705891003207,0.9999705891003207,0.029410899679421197,0.0,0.5293961942295815,0.0,0.029410899679421197,0.4411634951913179,0.029410899679421197,0.058821799358842394,0.9999705891003207,0.11764359871768479,0.058821799358842394,0.058821799358842394,0.9999705891003207,0.9999705891003207,0.9999705891003207,0.0,0.0,0.9999705891003207,0.3823416958324755,0.029410899679421197,0.029410899679421197,0.029410899679421197,0.029410899679421197,0.029410899679421197,0.11764359871768479,0.11764359871768479,0.9999705891003207,0.9999705891003207,0.9999705891003207,0.029410899679421197,0.029410899679421197,0.9999705891003207,0.9999705891003207,0.9999705891003207,0.9999705891003207,0.9999705891003207,0.9999705891003207,0.9999705891003207,0.9999705891003207,0.7058615923061087,0.9999705891003207,0.9999705891003207,0.029410899679421197,0.9999705891003207,0.9999705891003207,0.8529160907032147,0.9999705891003207,0.9999705891003207,0.9999705891003207,0.4411634951913179,0.5882179935884239,0.9999705891003207,0.9999705891003207,0.9999705891003207,0.9999705891003207,0.9999705891003207,0.9999705891003207,0.029410899679421197,0.35293079615305434,0.9999705891003207,0.6176288932678451,0.9999705891003207,0.9999705891003207,0.9999705891003207,0.9999705891003207,0.9999705891003207,0.9999705891003207,0.9999705891003207,0.8823269903826358,0.9999705891003207,0.8823269903826358,0.9999705891003207,0.9999705891003207,0.9999705891003207,0.9999705891003207,0.9999705891003207,0.9999705891003207,0.9999705891003207,0.9999705891003207,0.9999705891003207,0.0,0.0,0.9999705891003207
ATO,0.0,0.0,0.0,0.01999960000799984,0.0,0.1399972000559989,0.01999960000799984,0.01999960000799984,0.0,0.01999960000799984,0.0,0.0,0.0,0.999980000399992,0.0,0.07999840003199936,0.0,0.01999960000799984,0.05999880002399952,0.01999960000799984,0.01999960000799984,0.01999960000799984,0.01999960000799984,0.07999840003199936,0.01999960000799984,0.999980000399992,0.0,0.01999960000799984,0.0,0.07999840003199936,0.0,0.0,0.01999960000799984,0.07999840003199936,0.05999880002399952,0.4399912001759965,0.11999760004799905,0.0,0.0,0.0,0.999980000399992,0.999980000399992,0.0,0.01999960000799984,0.0,0.0,0.0,0.0,0.0,0.0,0.0,0.0,0.0,0.01999960000799984,0.999980000399992,0.999980000399992,0.5599888002239956,0.999980000399992,0.999980000399992,0.999980000399992,0.999980000399992,0.999980000399992,0.999980000399992,0.999980000399992,0.999980000399992,0.01999960000799984,0.999980000399992,0.2999940001199976,0.5599888002239956,0.999980000399992,0.999980000399992,0.5399892002159957,0.5799884002319954,0.5599888002239956,0.01999960000799984,0.999980000399992,0.01999960000799984,0.6399872002559949,0.6399872002559949,0.6399872002559949,0.5199896002079959,0.01999960000799984,0.999980000399992,0.999980000399992,0.999980000399992,0.999980000399992,0.999980000399992,0.5599888002239956,0.5599888002239956,0.5599888002239956,0.999980000399992,0.999980000399992,0.999980000399992,0.999980000399992,0.999980000399992,0.999980000399992,0.999980000399992,0.999980000399992,0.999980000399992,0.999980000399992,0.999980000399992,0.17999640007199857,0.07999840003199936,0.0,0.0,0.999980000399992
AVB,0.0,0.0,0.0,0.0,0.0,0.9999787238569393,0.12765685836471566,0.0,0.0,0.0,0.12765685836471566,0.0,0.0,0.9999787238569393,0.0,0.042552286121571886,0.0,0.12765685836471566,0.8084934363098658,0.12765685836471566,0.0,0.9999787238569393,0.9999787238569393,0.9999787238569393,0.0,0.0,0.0,0.0,0.19148528754707347,0.0,0.0,0.21276143060785943,0.0,0.021276143060785943,0.021276143060785943,0.9999787238569393,0.9999787238569393,0.0,0.2553137167294313,0.2553137167294313,0.9999787238569393,0.9999787238569393,0.0,0.0,0.0,0.0,0.0,0.0,0.0,0.9999787238569393,0.9999787238569393,0.9999787238569393,0.0,0.0,0.9999787238569393,0.9999787238569393,0.6595604348843642,0.9999787238569393,0.9999787238569393,0.9999787238569393,0.9999787238569393,0.9999787238569393,0.9999787238569393,0.9999787238569393,0.5744558626412204,0.0,0.9999787238569393,0.9999787238569393,0.12765685836471566,0.9999787238569393,0.21276143060785943,0.8084934363098658,0.6170081487627923,0.6170081487627923,0.9999787238569393,0.9999787238569393,0.9999787238569393,0.9999787238569393,0.9999787238569393,0.9999787238569393,0.9999787238569393,0.0,0.9999787238569393,0.17020914448628754,0.23403757366864536,0.9999787238569393,0.9999787238569393,0.9999787238569393,0.9999787238569393,0.9999787238569393,0.9999787238569393,0.9999787238569393,0.9999787238569393,0.9999787238569393,0.9999787238569393,0.9999787238569393,0.9999787238569393,0.0,0.0,0.9999787238569393,0.9999787238569393,0.9999787238569393,0.9999787238569393,0.0,0.0,0.9999787238569393
AVGO,0.0,0.0,0.0,0.0,0.0,0.0,0.0,0.0,0.0,0.07999680012799487,0.0,0.0,0.0,0.0,0.0,0.11999520019199232,0.0,0.07999680012799487,0.07999680012799487,0.07999680012799487,0.07999680012799487,0.07999680012799487,0.07999680012799487,0.0,0.07999680012799487,0.0,0.0,0.0,0.0,0.0,0.0,0.0,0.039998400063997436,0.07999680012799487,0.07999680012799487,0.0,0.0,0.0,0.0,0.0,0.9999600015999359,0.23999040038398464,0.0,0.0,0.0,0.0,0.0,0.0,0.0,0.0,0.0,0.0,0.0,0.0,0.9999600015999359,0.9999600015999359,0.9999600015999359,0.9999600015999359,0.9999600015999359,0.9999600015999359,0.9999600015999359,0.9999600015999359,0.9999600015999359,0.9999600015999359,0.9999600015999359,0.0,0.9999600015999359,0.9999600015999359,0.07999680012799487,0.35998560057597695,0.9999600015999359,0.8399664013439462,0.2799888004479821,0.2799888004479821,0.07999680012799487,0.07999680012799487,0.07999680012799487,0.07999680012799487,0.07999680012799487,0.07999680012799487,0.07999680012799487,0.07999680012799487,0.9999600015999359,0.07999680012799487,0.7999680012799487,0.9999600015999359,0.9999600015999359,0.07999680012799487,0.07999680012799487,0.11999520019199232,0.4399824007039718,0.9999600015999359,0.9999600015999359,0.9999600015999359,0.9999600015999359,0.9999600015999359,0.9999600015999359,0.9999600015999359,0.9999600015999359,0.9999600015999359,0.9999600015999359,0.9999600015999359,0.9999600015999359,0.0,0.0,0.9999600015999359
AVY,0.0,0.0,0.0,0.0,0.2826025521184322,0.0,0.0,0.2826025521184322,0.2826025521184322,0.043477315710528035,0.0,0.0,0.0,0.043477315710528035,0.0,0.10869328927632009,0.0,0.043477315710528035,0.043477315710528035,0.043477315710528035,0.043477315710528035,0.043477315710528035,0.043477315710528035,0.043477315710528035,0.043477315710528035,0.0,0.0,0.021738657855264017,0.0,0.021738657855264017,0.3478185256842243,0.9999782613421447,0.043477315710528035,0.06521597356579205,0.41303449925001634,0.0,0.0,0.0,0.0,0.0,0.9999782613421447,0.21738657855264018,0.0,0.0,0.021738657855264017,0.021738657855264017,0.021738657855264017,0.0,0.0,0.0,0.0,0.0,0.021738657855264017,0.021738657855264017,0.9999782613421447,0.9999782613421447,0.0,0.9999782613421447,0.9999782613421447,0.9999782613421447,0.9999782613421447,0.9999782613421447,0.9999782613421447,0.9999782613421447,0.9999782613421447,0.021738657855264017,0.9999782613421447,0.1304319471315841,0.043477315710528035,0.9999782613421447,0.9999782613421447,0.9999782613421447,0.5869437620921285,0.5869437620921285,0.043477315710528035,0.043477315710528035,0.043477315710528035,0.043477315710528035,0.043477315710528035,0.043477315710528035,0.043477315710528035,0.043477315710528035,0.043477315710528035,0.9999782613421447,0.9999782613421447,0.9999782613421447,0.9999782613421447,0.5652051042368644,0.8043303406447686,0.8043303406447686,0.9999782613421447,0.9999782613421447,0.9999782613421447,0.8260689985000327,0.9999782613421447,0.9999782613421447,0.9999782613421447,0.9999782613421447,0.9999782613421447,0.9999782613421447,0.9999782613421447,0.9999782613421447,0.9999782613421447,0.0,0.0,0.9999782613421447
AWK,0.0,0.0,0.0,0.019607458677280837,0.019607458677280837,0.9999803925413228,0.019607458677280837,0.019607458677280837,0.019607458677280837,0.05882237603184252,0.019607458677280837,0.019607458677280837,0.019607458677280837,0.9999803925413228,0.0,0.0980372933864042,0.0,0.05882237603184252,0.05882237603184252,0.05882237603184252,0.05882237603184252,0.05882237603184252,0.05882237603184252,0.05882237603184252,0.05882237603184252,0.9999803925413228,0.019607458677280837,0.019607458677280837,0.4509715495774593,0.019607458677280837,0.019607458677280837,0.019607458677280837,0.039214917354561674,0.05882237603184252,0.05882237603184252,0.9999803925413228,0.9999803925413228,0.019607458677280837,0.019607458677280837,0.019607458677280837,0.9999803925413228,0.6274386776729868,0.019607458677280837,0.039214917354561674,0.019607458677280837,0.019607458677280837,0.019607458677280837,0.019607458677280837,0.019607458677280837,0.9999803925413228,0.0980372933864042,0.019607458677280837,0.019607458677280837,0.039214917354561674,0.9999803925413228,0.9999803925413228,0.019607458677280837,0.9999803925413228,0.9999803925413228,0.9999803925413228,0.9999803925413228,0.9999803925413228,0.9999803925413228,0.9999803925413228,0.9999803925413228,0.039214917354561674,0.9999803925413228,0.019607458677280837,0.13725221074096586,0.9999803925413228,0.9999803925413228,0.7842983470912336,0.9999803925413228,0.9999803925413228,0.23528950412737007,0.9999803925413228,0.05882237603184252,0.23528950412737007,0.23528950412737007,0.23528950412737007,0.7646908884139527,0.05882237603184252,0.05882237603184252,0.9019430991549185,0.7450834297366719,0.9999803925413228,0.9999803925413228,0.47057900825474014,0.8235132644457952,0.5490088429638634,0.9999803925413228,0.9999803925413228,0.9999803925413228,0.9999803925413228,0.9999803925413228,0.9999803925413228,0.9999803925413228,0.9999803925413228,0.9999803925413228,0.9999803925413228,0.9999803925413228,0.05882237603184252,0.05882237603184252,0.0,0.0,0.9999803925413228
AXON,0.0,0.0,0.0,0.042552286121571886,0.0,0.042552286121571886,0.042552286121571886,0.042552286121571886,0.0,0.042552286121571886,0.0,0.0,0.0,0.0,0.0,0.10638071530392972,0.0,0.7659411501882939,0.8935980085530095,0.7659411501882939,0.042552286121571886,0.042552286121571886,0.042552286121571886,0.1489330014255016,0.042552286121571886,0.0,0.0,0.021276143060785943,0.8935980085530095,0.08510457224314377,0.0,0.0,0.021276143060785943,0.12765685836471566,0.06382842918235783,0.0,0.0,0.0,0.0,0.0,0.8935980085530095,0.042552286121571886,0.021276143060785943,0.021276143060785943,0.021276143060785943,0.021276143060785943,0.021276143060785943,0.0,0.0,0.0,0.0,0.0,0.021276143060785943,0.021276143060785943,0.9999787238569393,0.9999787238569393,0.3404182889725751,0.9999787238569393,0.9999787238569393,0.9999787238569393,0.9999787238569393,0.9999787238569393,0.9999787238569393,0.9999787238569393,0.9999787238569393,0.021276143060785943,0.9999787238569393,0.0,0.7659411501882939,0.9999787238569393,0.9999787238569393,0.9999787238569393,0.6595604348843642,0.9361502946745814,0.7446650071275079,0.042552286121571886,0.042552286121571886,0.042552286121571886,0.12765685836471566,0.12765685836471566,0.042552286121571886,0.042552286121571886,0.042552286121571886,0.361694432033361,0.9999787238569393,0.042552286121571886,0.2978660028510032,0.042552286121571886,0.042552286121571886,0.042552286121571886,0.5531797195804344,0.9999787238569393,0.9999787238569393,0.9999787238569393,0.9999787238569393,0.9999787238569393,0.9999787238569393,0.9999787238569393,0.9999787238569393,0.9999787238569393,0.9999787238569393,0.9999787238569393,0.9999787238569393,0.0,0.0,0.9999787238569393
AXP,0.0,0.0,0.0,0.34693169527152506,0.0,0.9999795922532194,0.9183486051305075,0.34693169527152506,0.0,0.06122324034203384,0.8571253647884738,0.0,0.0,0.9999795922532194,0.0,0.06122324034203384,0.0,0.06122324034203384,0.06122324034203384,0.06122324034203384,0.06122324034203384,0.9999795922532194,0.9999795922532194,0.06122324034203384,0.06122324034203384,0.6734556437623722,0.0,0.0,0.08163098712271179,0.4693781759555928,0.020407746780677947,0.8979408583498296,0.040815493561355894,0.387747188832881,0.06122324034203384,0.9999795922532194,0.9999795922532194,0.0,0.0,0.06122324034203384,0.9999795922532194,0.12244648068406767,0.0,0.0,0.0,0.0,0.0,0.0,0.0,0.9999795922532194,0.9999795922532194,0.0,0.040815493561355894,0.040815493561355894,0.0,0.0,0.0,0.0,0.0,0.9999795922532194,0.9999795922532194,0.9999795922532194,0.9999795922532194,0.9999795922532194,0.9999795922532194,0.040815493561355894,0.9999795922532194,0.9999795922532194,0.06122324034203384,0.9999795922532194,0.9999795922532194,0.9999795922532194,0.6326401502010164,0.9999795922532194,0.9999795922532194,0.9999795922532194,0.9999795922532194,0.06122324034203384,0.06122324034203384,0.06122324034203384,0.08163098712271179,0.06122324034203384,0.9999795922532194,0.3061162017101692,0.9999795922532194,0.5306014162976266,0.9999795922532194,0.8979408583498296,0.8979408583498296,0.9999795922532194,0.9999795922532194,0.36733944205220304,0.06122324034203384,0.3061162017101692,0.9999795922532194,0.9999795922532194,0.9999795922532194,0.9999795922532194,0.9999795922532194,0.9999795922532194,0.9999795922532194,0.9999795922532194,0.9999795922532194,0.0,0.0,0.9999795922532194
AZO,0.0,0.0,0.0,0.0,0.0,0.0,0.0,0.0,0.9818003309030745,0.9999818185123908,0.0,0.0,0.0,0.9999818185123908,0.0,0.03636297521863239,0.0,0.018181487609316194,0.3272667769676915,0.018181487609316194,0.018181487609316194,0.018181487609316194,0.018181487609316194,0.018181487609316194,0.018181487609316194,0.018181487609316194,0.0,0.018181487609316194,0.0,0.0,0.0,0.0,0.0,0.018181487609316194,0.018181487609316194,0.0,0.0,0.0,0.0,0.0,0.0,0.5818076034981182,0.018181487609316194,0.0,0.018181487609316194,0.018181487609316194,0.0,0.0,0.0,0.9999818185123908,0.0,0.0,0.018181487609316194,0.018181487609316194,0.9999818185123908,0.7818039672005964,0.9999818185123908,0.9999818185123908,0.9999818185123908,0.9999818185123908,0.9999818185123908,0.9999818185123908,0.9999818185123908,0.9999818185123908,0.9999818185123908,0.018181487609316194,0.9999818185123908,0.0,0.8908928928564935,0.21817785131179435,0.9999818185123908,0.9999818185123908,0.5272631406701697,0.5272631406701697,0.018181487609316194,0.9999818185123908,0.018181487609316194,0.018181487609316194,0.018181487609316194,0.018181487609316194,0.5818076034981182,0.018181487609316194,0.018181487609316194,0.49090016545153725,0.9999818185123908,0.9999818185123908,0.9999818185123908,0.9999818185123908,0.9999818185123908,0.9999818185123908,0.9999818185123908,0.9999818185123908,0.9999818185123908,0.9999818185123908,0.9999818185123908,0.9999818185123908,0.9999818185123908,0.9999818185123908,0.9999818185123908,0.9999818185123908,0.9999818185123908,0.9999818185123908,0.9999818185123908,0.0,0.0,0.9999818185123908
BA,0.0,0.0,0.0,0.016393173882395373,0.016393173882395373,0.016393173882395373,0.016393173882395373,0.016393173882395373,0.4754020425894658,0.49179521647186114,0.016393173882395373,0.016393173882395373,0.016393173882395373,0.016393173882395373,0.0,0.032786347764790745,0.0,0.032786347764790745,0.032786347764790745,0.032786347764790745,0.032786347764790745,0.032786347764790745,0.032786347764790745,0.016393173882395373,0.032786347764790745,0.016393173882395373,0.016393173882395373,0.016393173882395373,0.016393173882395373,0.032786347764790745,0.032786347764790745,0.032786347764790745,0.032786347764790745,0.032786347764790745,0.032786347764790745,0.016393173882395373,0.016393173882395373,0.032786347764790745,0.016393173882395373,0.016393173882395373,0.9999836068261176,0.016393173882395373,0.016393173882395373,0.016393173882395373,0.032786347764790745,0.032786347764790745,0.032786347764790745,0.016393173882395373,0.016393173882395373,0.016393173882395373,0.016393173882395373,0.016393173882395373,0.016393173882395373,0.032786347764790745,0.9999836068261176,0.9999836068261176,0.06557269552958149,0.9999836068261176,0.9999836068261176,0.9999836068261176,0.9999836068261176,0.9999836068261176,0.9999836068261176,0.9999836068261176,0.6065474336486287,0.032786347764790745,0.9999836068261176,0.032786347764790745,0.032786347764790745,0.9999836068261176,0.9999836068261176,0.7704791724725825,0.6229406075310241,0.9016245635317455,0.032786347764790745,0.9999836068261176,0.032786347764790745,0.032786347764790745,0.032786347764790745,0.032786347764790745,0.032786347764790745,0.032786347764790745,0.032786347764790745,0.9999836068261176,0.032786347764790745,0.032786347764790745,0.032786347764790745,0.49179521647186114,0.49179521647186114,0.9999836068261176,0.49179521647186114,0.9999836068261176,0.9999836068261176,0.016393173882395373,0.9999836068261176,0.9999836068261176,0.9999836068261176,0.9999836068261176,0.9999836068261176,0.9999836068261176,0.9999836068261176,0.9999836068261176,0.9999836068261176,0.0,0.0,0.9999836068261176
BAC,0.0,0.0,0.0,0.0,0.0,0.9999803925413228,0.9999803925413228,0.0,0.0,0.0,0.9999803925413228,0.0,0.0,0.9999803925413228,0.0,0.019607458677280837,0.0,0.0,0.0,0.0,0.0,0.9999803925413228,0.9999803925413228,0.0,0.0,0.0,0.0,0.0,0.0980372933864042,0.0,0.0,0.9999803925413228,0.0,0.0,0.0,0.9999803925413228,0.9999803925413228,0.0,0.0,0.0,0.9999803925413228,0.0,0.0,0.0,0.0,0.0,0.0,0.0,0.0,0.9999803925413228,0.9999803925413228,0.6470461363502676,0.0,0.0,0.0,0.0,0.2548969628046509,0.0,0.0,0.9999803925413228,0.9999803925413228,0.9999803925413228,0.9999803925413228,0.9999803925413228,0.5294013842865827,0.0,0.9999803925413228,0.4117566322228976,0.0,0.9999803925413228,0.9999803925413228,0.7450834297366719,0.5097939256093018,0.9999803925413228,0.9999803925413228,0.9999803925413228,0.9999803925413228,0.0,0.9999803925413228,0.9999803925413228,0.0,0.0,0.9999803925413228,0.9999803925413228,0.9999803925413228,0.9999803925413228,0.9999803925413228,0.9999803925413228,0.9999803925413228,0.9999803925413228,0.9999803925413228,0.019607458677280837,0.0,0.1960745867728084,0.9999803925413228,0.9999803925413228,0.9999803925413228,0.9999803925413228,0.9999803925413228,0.9999803925413228,0.9999803925413228,0.9999803925413228,0.9999803925413228,0.0,0.0,0.9999803925413228
BALL,0.0,0.0,0.0,0.0,0.0,0.0,0.0,0.0,0.0,0.055554012388544766,0.0,0.0,0.0,0.1944390433599067,0.0,0.08333101858281715,0.0,0.055554012388544766,0.08333101858281715,0.055554012388544766,0.055554012388544766,0.055554012388544766,0.055554012388544766,0.055554012388544766,0.055554012388544766,0.0,0.055554012388544766,0.0,0.0,0.027777006194272383,0.0,0.1666620371656343,0.027777006194272383,0.08333101858281715,0.08333101858281715,0.24999305574845146,0.0,0.0,0.0,0.0,0.9999722229938058,0.055554012388544766,0.0,0.0,0.0,0.0,0.0,0.0,0.0,0.0,0.0,0.0,0.027777006194272383,0.027777006194272383,0.9999722229938058,0.9999722229938058,0.9999722229938058,0.9999722229938058,0.9999722229938058,0.9999722229938058,0.9999722229938058,0.9999722229938058,0.9999722229938058,0.9999722229938058,0.9999722229938058,0.027777006194272383,0.9999722229938058,0.9999722229938058,0.08333101858281715,0.8333101858281715,0.9999722229938058,0.9999722229938058,0.6110941362739924,0.4999861114969029,0.055554012388544766,0.055554012388544766,0.055554012388544766,0.3888780867198134,0.41665509291408576,0.41665509291408576,0.08333101858281715,0.055554012388544766,0.055554012388544766,0.9999722229938058,0.055554012388544766,0.9999722229938058,0.9999722229938058,0.3888780867198134,0.3888780867198134,0.3888780867198134,0.6666481486625372,0.9999722229938058,0.9999722229938058,0.9999722229938058,0.9999722229938058,0.9999722229938058,0.9999722229938058,0.9999722229938058,0.9999722229938058,0.9999722229938058,0.9999722229938058,0.9999722229938058,0.9999722229938058,0.0,0.0,0.9999722229938058
BAX,0.0,0.0,0.0,0.0,0.0,0.0,0.0,0.0,0.0,0.06122324034203384,0.0,0.0,0.0,0.0,0.0,0.08163098712271179,0.0,0.06122324034203384,0.06122324034203384,0.06122324034203384,0.06122324034203384,0.06122324034203384,0.06122324034203384,0.06122324034203384,0.06122324034203384,0.0,0.0,0.06122324034203384,0.06122324034203384,0.020407746780677947,0.020407746780677947,0.4081549356135589,0.040815493561355894,0.06122324034203384,0.06122324034203384,0.0,0.0,0.0,0.0,0.0,0.06122324034203384,0.18366972102610152,0.0,0.0,0.06122324034203384,0.0,0.0,0.0,0.0,0.0,0.0,0.0,0.06122324034203384,0.0,0.9999795922532194,0.4489704291749148,0.5510091630783045,0.9999795922532194,0.9999795922532194,0.9999795922532194,0.9999795922532194,0.9999795922532194,0.9999795922532194,0.9999795922532194,0.6326401502010164,0.06122324034203384,0.9999795922532194,0.0,0.06122324034203384,0.9999795922532194,0.9999795922532194,0.4693781759555928,0.6122324034203384,0.6122324034203384,0.36733944205220304,0.06122324034203384,0.06122324034203384,0.06122324034203384,0.10203873390338973,0.10203873390338973,0.06122324034203384,0.06122324034203384,0.06122324034203384,0.9999795922532194,0.06122324034203384,0.8775331115691517,0.9999795922532194,0.5714169098589825,0.6530478969816943,0.6530478969816943,0.5918246566396604,0.9999795922532194,0.9999795922532194,0.9999795922532194,0.9999795922532194,0.9999795922532194,0.9999795922532194,0.9999795922532194,0.9999795922532194,0.9999795922532194,0.9999795922532194,0.9999795922532194,0.9999795922532194,0.0,0.0,0.9999795922532194
BBY,0.0,0.0,0.0,0.0175435518675111,0.0175435518675111,0.0175435518675111,0.0175435518675111,0.0175435518675111,0.0175435518675111,0.0175435518675111,0.0175435518675111,0.05263065560253329,0.05263065560253329,0.9999824564481326,0.0,0.0701742074700444,0.0,0.0175435518675111,0.0175435518675111,0.0175435518675111,0.0175435518675111,0.0175435518675111,0.0175435518675111,0.0175435518675111,0.0175435518675111,0.05263065560253329,0.05263065560253329,0.0175435518675111,0.05263065560253329,0.0175435518675111,0.0175435518675111,0.0175435518675111,0.0701742074700444,0.0701742074700444,0.0701742074700444,0.05263065560253329,0.0175435518675111,0.0175435518675111,0.05263065560253329,0.05263065560253329,0.9999824564481326,0.10526131120506659,0.0175435518675111,0.0175435518675111,0.0350871037350222,0.0350871037350222,0.0350871037350222,0.05263065560253329,0.05263065560253329,0.5087630041578218,0.05263065560253329,0.05263065560253329,0.0350871037350222,0.0350871037350222,0.9999824564481326,0.9999824564481326,0.9999824564481326,0.9999824564481326,0.9999824564481326,0.9999824564481326,0.9999824564481326,0.9999824564481326,0.9999824564481326,0.9999824564481326,0.9999824564481326,0.0350871037350222,0.9999824564481326,0.5087630041578218,0.0175435518675111,0.9999824564481326,0.9999824564481326,0.9999824564481326,0.5613936597603552,0.5613936597603552,0.0175435518675111,0.0175435518675111,0.0175435518675111,0.0175435518675111,0.10526131120506659,0.10526131120506659,0.6666549709654217,0.0175435518675111,0.9999824564481326,0.31578393361519974,0.5087630041578218,0.24560972614515536,0.6140243153628884,0.29824038174768863,0.4736759004227996,0.3859581410852441,0.9473518008455992,0.9999824564481326,0.9999824564481326,0.9999824564481326,0.9999824564481326,0.9999824564481326,0.9999824564481326,0.9999824564481326,0.9999824564481326,0.9999824564481326,0.9999824564481326,0.9999824564481326,0.9999824564481326,0.0,0.0,0.9999824564481326
BDX,0.0,0.0,0.0,0.0,0.0,0.0,0.0,0.0,0.0,0.0,0.0,0.0,0.0,0.043477315710528035,0.0,0.021738657855264017,0.0,0.043477315710528035,0.0,0.0,0.0,0.0,0.0,0.0,0.0,0.0,0.0,0.0,0.0,0.0,0.0,0.0,0.0,0.043477315710528035,0.043477315710528035,0.0,0.0,0.0,0.0,0.0,0.21738657855264018,0.1304319471315841,0.0,0.0,0.021738657855264017,0.0,0.0,0.0,0.0,0.0,0.0,0.0,0.021738657855264017,0.021738657855264017,0.9999782613421447,0.9999782613421447,0.9999782613421447,0.9999782613421447,0.9999782613421447,0.9999782613421447,0.9999782613421447,0.9999782613421447,0.9999782613421447,0.9999782613421447,0.9999782613421447,0.021738657855264017,0.9999782613421447,0.0,0.9999782613421447,0.9999782613421447,0.9999782613421447,0.9999782613421447,0.6956370513684486,0.9999782613421447,0.1304319471315841,0.0,0.0,0.0,0.0,0.0,0.6521597356579205,0.0,0.0,0.6086824199473925,0.9999782613421447,0.9999782613421447,0.9999782613421447,0.8478076563552966,0.9999782613421447,0.9999782613421447,0.9999782613421447,0.9999782613421447,0.9999782613421447,0.9999782613421447,0.9999782613421447,0.9999782613421447,0.9999782613421447,0.9999782613421447,0.9999782613421447,0.9999782613421447,0.9999782613421447,0.9999782613421447,0.9999782613421447,0.0,0.0,0.9999782613421447
BEN,0.0,0.0,0.0,0.0,0.0,0.9999824564481326,0.0,0.0,0.0,0.0350871037350222,0.0,0.0,0.0,0.9999824564481326,0.0,0.10526131120506659,0.0,0.0350871037350222,0.736829178435466,0.0350871037350222,0.0350871037350222,0.7543727303029771,0.7543727303029771,0.0350871037350222,0.0350871037350222,0.0,0.0,0.0,0.0,0.0175435518675111,0.0175435518675111,0.0175435518675111,0.0350871037350222,0.0701742074700444,0.0701742074700444,0.9999824564481326,0.9999824564481326,0.0350871037350222,0.0,0.10526131120506659,0.26315327801266647,0.1403484149400888,0.0,0.0,0.0350871037350222,0.0350871037350222,0.0350871037350222,0.0,0.0,0.9999824564481326,0.9999824564481326,0.9999824564481326,0.0350871037350222,0.0350871037350222,0.9999824564481326,0.9999824564481326,0.6491114190979106,0.9999824564481326,0.9999824564481326,0.9999824564481326,0.9999824564481326,0.9999824564481326,0.9999824564481326,0.9999824564481326,0.9999824564481326,0.0350871037350222,0.9999824564481326,0.0350871037350222,0.10526131120506659,0.9999824564481326,0.8947211452430659,0.736829178435466,0.6140243153628884,0.9999824564481326,0.7543727303029771,0.9999824564481326,0.7543727303029771,0.0350871037350222,0.10526131120506659,0.10526131120506659,0.0350871037350222,0.0350871037350222,0.9999824564481326,0.0350871037350222,0.0350871037350222,0.9999824564481326,0.8245469377730216,0.9999824564481326,0.9999824564481326,0.9999824564481326,0.9999824564481326,0.6315678672303995,0.6315678672303995,0.6315678672303995,0.719285626567955,0.9999824564481326,0.9999824564481326,0.9999824564481326,0.9999824564481326,0.9999824564481326,0.9999824564481326,0.9999824564481326,0.9999824564481326,0.0,0.0,0.9999824564481326
BF-B,0.0,0.0,0.0,0.4666562965267439,0.0,0.4666562965267439,0.4666562965267439,0.4666562965267439,0.0,0.0,0.0,0.0,0.0,0.9999777782715941,0.0,0.0,0.0,0.0,0.0,0.0,0.0,0.0,0.0,0.0,0.0,0.0,0.0,0.0,0.0,0.4666562965267439,0.0,0.0,0.0,0.5333214817448502,0.0,0.0,0.0,0.0,0.0,0.0,0.0,0.6666518521810627,0.0,0.0,0.0,0.0,0.0,0.0,0.0,0.0,0.0,0.0,0.0,0.0,0.9999777782715941,0.9999777782715941,0.9999777782715941,0.9999777782715941,0.9999777782715941,0.9999777782715941,0.9999777782715941,0.9999777782715941,0.9999777782715941,0.9999777782715941,0.9999777782715941,0.0,0.9999777782715941,0.9999777782715941,0.0,0.9999777782715941,0.9999777782715941,0.22221728406035424,0.5555432101508856,0.9999777782715941,0.0,0.0,0.9999777782715941,0.0,0.0,0.0,0.0,0.0,0.0,0.9999777782715941,0.9999777782715941,0.9999777782715941,0.9999777782715941,0.9999777782715941,0.9999777782715941,0.9999777782715941,0.9999777782715941,0.9999777782715941,0.9999777782715941,0.9999777782715941,0.9999777782715941,0.9999777782715941,0.9999777782715941,0.9999777782715941,0.9999777782715941,0.9999777782715941,0.9999777782715941,0.9999777782715941,0.9999777782715941,0.0,0.0,0.9999777782715941
BG,0.0,0.0,0.0,0.0,0.0,0.0,0.0,0.0,0.0,0.0,0.0,0.0,0.0,0.0,0.0,0.1249843769528809,0.0,0.0,0.0,0.0,0.0,0.0,0.0,0.0,0.0,0.0,0.0,0.0,0.0,0.0,0.0,0.9998750156230471,0.1249843769528809,0.0,0.0,0.0,0.0,0.0,0.0,0.0,0.9998750156230471,0.0,0.0,0.0,0.0,0.0,0.0,0.0,0.0,0.0,0.0,0.0,0.0,0.0,0.9998750156230471,0.9998750156230471,0.0,0.9998750156230471,0.9998750156230471,0.9998750156230471,0.9998750156230471,0.9998750156230471,0.9998750156230471,0.9998750156230471,0.9998750156230471,0.0,0.9998750156230471,0.0,0.0,0.1249843769528809,0.9998750156230471,0.9998750156230471,0.1249843769528809,0.0,0.0,0.0,0.0,0.0,0.1249843769528809,0.1249843769528809,0.0,0.0,0.0,0.9998750156230471,0.0,0.9998750156230471,0.0,0.0,0.0,0.9998750156230471,0.9998750156230471,0.9998750156230471,0.9998750156230471,0.9998750156230471,0.9998750156230471,0.9998750156230471,0.9998750156230471,0.9998750156230471,0.9998750156230471,0.9998750156230471,0.9998750156230471,0.9998750156230471,0.9998750156230471,0.0,0.0,0.9998750156230471
BIIB,0.0,0.0,0.0,0.0,0.0,0.0,0.0,0.0,0.0,0.04761791385919383,0.0,0.0,0.0,0.0,0.0,0.07142687078879074,0.0,0.11904478464798458,0.23808956929596917,0.11904478464798458,0.04761791385919383,0.04761791385919383,0.04761791385919383,0.04761791385919383,0.04761791385919383,0.0,0.0,0.0,0.04761791385919383,0.0,0.0,0.2618985262255661,0.023808956929596916,0.07142687078879074,0.07142687078879074,0.0,0.0,0.0,0.0,0.0,0.04761791385919383,0.0,0.023808956929596916,0.0,0.023808956929596916,0.023808956929596916,0.0,0.0,0.0,0.0,0.0,0.9999761910430705,0.023808956929596916,0.023808956929596916,0.9999761910430705,0.9999761910430705,0.9999761910430705,0.9999761910430705,0.9999761910430705,0.9999761910430705,0.9999761910430705,0.9999761910430705,0.9999761910430705,0.9999761910430705,0.9999761910430705,0.023808956929596916,0.9999761910430705,0.1666626985071784,0.11904478464798458,0.9999761910430705,0.11904478464798458,0.9999761910430705,0.5952239232399229,0.9999761910430705,0.04761791385919383,0.04761791385919383,0.04761791385919383,0.04761791385919383,0.07142687078879074,0.07142687078879074,0.04761791385919383,0.04761791385919383,0.04761791385919383,0.04761791385919383,0.1428537415775815,0.9999761910430705,0.9999761910430705,0.6190328801695199,0.6190328801695199,0.9999761910430705,0.9999761910430705,0.9999761910430705,0.9999761910430705,0.9999761910430705,0.9999761910430705,0.9999761910430705,0.9999761910430705,0.9999761910430705,0.9999761910430705,0.9999761910430705,0.9999761910430705,0.9999761910430705,0.9999761910430705,0.0,0.0,0.9999761910430705
BKNG,0.0,0.0,0.0,0.0,0.24999479177517137,0.43749088560654986,0.0,0.24999479177517137,0.43749088560654986,0.20832899314597614,0.0,0.0,0.0,0.9999791671006855,0.0,0.04166579862919523,0.0,0.24999479177517137,0.5416553821795379,0.24999479177517137,0.020832899314597614,0.020832899314597614,0.020832899314597614,0.0,0.020832899314597614,0.0,0.0,0.0,0.0,0.0,0.6249869794379284,0.020832899314597614,0.020832899314597614,0.020832899314597614,0.3541592883481594,0.43749088560654986,0.43749088560654986,0.0,0.0,0.0,0.3541592883481594,0.06249869794379284,0.020832899314597614,0.0,0.020832899314597614,0.020832899314597614,0.020832899314597614,0.0,0.0,0.9999791671006855,0.0,0.9999791671006855,0.020832899314597614,0.020832899314597614,0.9999791671006855,0.9999791671006855,0.0,0.9999791671006855,0.9999791671006855,0.9999791671006855,0.9999791671006855,0.9999791671006855,0.9999791671006855,0.9999791671006855,0.9999791671006855,0.020832899314597614,0.9999791671006855,0.4791566842357451,0.3333263890335618,0.9999791671006855,0.9999791671006855,0.9999791671006855,0.5624882814941355,0.7083185766963188,0.37499218766275705,0.9999791671006855,0.020832899314597614,0.020832899314597614,0.020832899314597614,0.020832899314597614,0.0,0.020832899314597614,0.020832899314597614,0.9999791671006855,0.9999791671006855,0.7291514760109165,0.4791566842357451,0.8541488718985022,0.9999791671006855,0.9999791671006855,0.9999791671006855,0.9999791671006855,0.9999791671006855,0.9999791671006855,0.9999791671006855,0.9999791671006855,0.9999791671006855,0.9999791671006855,0.9999791671006855,0.9999791671006855,0.9999791671006855,0.9999791671006855,0.9999791671006855,0.0,0.0,0.9999791671006855
BKR,0.0,0.0,0.0,0.0,0.0,0.5999760009599616,0.039998400063997436,0.0,0.07999680012799487,0.11999520019199232,0.039998400063997436,0.0,0.0,0.0,0.0,0.5999760009599616,0.0,0.039998400063997436,0.039998400063997436,0.039998400063997436,0.039998400063997436,0.039998400063997436,0.039998400063997436,0.0,0.039998400063997436,0.0,0.35998560057597695,0.0,0.9999600015999359,0.039998400063997436,0.039998400063997436,0.19999200031998718,0.039998400063997436,0.039998400063997436,0.15999360025598974,0.7599696012159514,0.5999760009599616,0.2799888004479821,0.0,0.0,0.9999600015999359,0.0,0.0,0.0,0.039998400063997436,0.0,0.0,0.0,0.0,0.0,0.0,0.0,0.0,0.0,0.9999600015999359,0.0,0.19999200031998718,0.9999600015999359,0.9999600015999359,0.9999600015999359,0.9999600015999359,0.9999600015999359,0.9999600015999359,0.9999600015999359,0.9999600015999359,0.039998400063997436,0.9999600015999359,0.0,0.039998400063997436,0.039998400063997436,0.9999600015999359,0.9999600015999359,0.23999040038398464,0.9999600015999359,0.039998400063997436,0.039998400063997436,0.039998400063997436,0.0,0.039998400063997436,0.039998400063997436,0.039998400063997436,0.039998400063997436,0.9999600015999359,0.9999600015999359,0.039998400063997436,0.9999600015999359,0.9999600015999359,0.039998400063997436,0.039998400063997436,0.9999600015999359,0.19999200031998718,0.9999600015999359,0.9999600015999359,0.9999600015999359,0.9999600015999359,0.9999600015999359,0.9999600015999359,0.9999600015999359,0.9999600015999359,0.9999600015999359,0.9999600015999359,0.9999600015999359,0.9999600015999359,0.0,0.0,0.9999600015999359
BLDR,0.0,0.0,0.0,0.0,0.0,0.0,0.0,0.0,0.021276143060785943,0.021276143060785943,0.0,0.0,0.0,0.9999787238569393,0.0,0.06382842918235783,0.0,0.06382842918235783,0.6595604348843642,0.06382842918235783,0.0,0.0,0.0,0.0,0.0,0.0,0.0,0.0,0.5319035765196486,0.0,0.0,0.0,0.0,0.021276143060785943,0.021276143060785943,0.0,0.0,0.0,0.0,0.0,0.9999787238569393,0.0,0.0,0.0,0.0,0.0,0.0,0.0,0.0,0.0,0.0,0.06382842918235783,0.0,0.0,0.9999787238569393,0.9148741516137955,0.0,0.9999787238569393,0.9999787238569393,0.9999787238569393,0.9999787238569393,0.9999787238569393,0.9999787238569393,0.9999787238569393,0.9999787238569393,0.0,0.9999787238569393,0.2765898597902172,0.1489330014255016,0.9999787238569393,0.9999787238569393,0.9999787238569393,0.4680751473372907,0.4680751473372907,0.0,0.0,0.0,0.0,0.08510457224314377,0.08510457224314377,0.0,0.0,0.9999787238569393,0.8935980085530095,0.9999787238569393,0.9999787238569393,0.9999787238569393,0.19148528754707347,0.5744558626412204,0.9999787238569393,0.9999787238569393,0.9999787238569393,0.9999787238569393,0.9999787238569393,0.9999787238569393,0.9999787238569393,0.9999787238569393,0.9999787238569393,0.9999787238569393,0.9999787238569393,0.9999787238569393,0.9999787238569393,0.9999787238569393,0.0,0.0,0.9999787238569393
BLK,0.0,0.0,0.0,0.0,0.0,0.999857163262391,0.0,0.0,0.0,0.142836737608913,0.0,0.0,0.0,0.999857163262391,0.0,0.142836737608913,0.0,0.142836737608913,0.999857163262391,0.142836737608913,0.142836737608913,0.999857163262391,0.999857163262391,0.0,0.142836737608913,0.0,0.0,0.0,0.0,0.0,0.0,0.0,0.142836737608913,0.142836737608913,0.142836737608913,0.999857163262391,0.999857163262391,0.0,0.0,0.0,0.999857163262391,0.999857163262391,0.0,0.0,0.0,0.0,0.0,0.0,0.0,0.999857163262391,0.0,0.0,0.0,0.0,0.999857163262391,0.999857163262391,0.999857163262391,0.999857163262391,0.999857163262391,0.999857163262391,0.999857163262391,0.999857163262391,0.999857163262391,0.999857163262391,0.999857163262391,0.0,0.999857163262391,0.999857163262391,0.142836737608913,0.999857163262391,0.999857163262391,0.999857163262391,0.142836737608913,0.999857163262391,0.999857163262391,0.999857163262391,0.999857163262391,0.142836737608913,0.142836737608913,0.142836737608913,0.142836737608913,0.999857163262391,0.142836737608913,0.999857163262391,0.142836737608913,0.999857163262391,0.999857163262391,0.999857163262391,0.999857163262391,0.999857163262391,0.999857163262391,0.999857163262391,0.999857163262391,0.999857163262391,0.142836737608913,0.999857163262391,0.999857163262391,0.999857163262391,0.999857163262391,0.999857163262391,0.999857163262391,0.999857163262391,0.999857163262391,0.0,0.0,0.999857163262391
BMY,0.0,0.0,0.0,0.05263019394226468,0.05263019394226468,0.05263019394226468,0.05263019394226468,0.05263019394226468,0.05263019394226468,0.05263019394226468,0.05263019394226468,0.05263019394226468,0.05263019394226468,0.05263019394226468,0.05263019394226468,0.07894529091339703,0.0,0.05263019394226468,0.05263019394226468,0.05263019394226468,0.05263019394226468,0.05263019394226468,0.05263019394226468,0.05263019394226468,0.05263019394226468,0.05263019394226468,0.05263019394226468,0.05263019394226468,0.05263019394226468,0.0,0.0,0.9736585879318966,0.02631509697113234,0.07894529091339703,0.07894529091339703,0.05263019394226468,0.05263019394226468,0.07894529091339703,0.05263019394226468,0.05263019394226468,0.05263019394226468,0.07894529091339703,0.05263019394226468,0.07894529091339703,0.07894529091339703,0.05263019394226468,0.05263019394226468,0.05263019394226468,0.05263019394226468,0.05263019394226468,0.05263019394226468,0.05263019394226468,0.05263019394226468,0.05263019394226468,0.999973684903029,0.999973684903029,0.5526170363937791,0.999973684903029,0.999973684903029,0.999973684903029,0.999973684903029,0.999973684903029,0.999973684903029,0.999973684903029,0.999973684903029,0.07894529091339703,0.999973684903029,0.15789058182679405,0.21052077576905873,0.999973684903029,0.9473434909607642,0.7631378121628378,0.5526170363937791,0.999973684903029,0.05263019394226468,0.05263019394226468,0.05263019394226468,0.05263019394226468,0.07894529091339703,0.07894529091339703,0.05263019394226468,0.0,0.05263019394226468,0.05263019394226468,0.05263019394226468,0.999973684903029,0.999973684903029,0.6578774242783085,0.8683982000473672,0.8683982000473672,0.9473434909607642,0.999973684903029,0.999973684903029,0.999973684903029,0.999973684903029,0.999973684903029,0.999973684903029,0.999973684903029,0.999973684903029,0.999973684903029,0.999973684903029,0.999973684903029,0.999973684903029,0.0,0.0,0.999973684903029
BNY,0.0,0.0,0.0,0.11764475206368503,0.0,0.9999803925413228,0.9999803925413228,0.11764475206368503,0.0,0.05882237603184252,0.9999803925413228,0.0,0.0,0.9999803925413228,0.0,0.0980372933864042,0.0,0.05882237603184252,0.5882237603184252,0.05882237603184252,0.05882237603184252,0.9999803925413228,0.9999803925413228,0.05882237603184252,0.05882237603184252,0.9999803925413228,0.8235132644457952,0.0,0.0980372933864042,0.6274386776729868,0.019607458677280837,0.9999803925413228,0.11764475206368503,0.2548969628046509,0.07842983470912335,0.9999803925413228,0.9999803925413228,0.0,0.0,0.7058685123821102,0.9999803925413228,0.0,0.0,0.0,0.0,0.0,0.0,0.0,0.0,0.9999803925413228,0.9999803925413228,0.9999803925413228,0.039214917354561674,0.039214917354561674,0.0,0.0,0.11764475206368503,0.0,0.0,0.9999803925413228,0.9999803925413228,0.9999803925413228,0.9999803925413228,0.9999803925413228,0.9999803925413228,0.039214917354561674,0.9999803925413228,0.9999803925413228,0.05882237603184252,0.9999803925413228,0.9999803925413228,0.5882237603184252,0.5882237603184252,0.6862610537048294,0.9999803925413228,0.9999803925413228,0.9999803925413228,0.5490088429638634,0.9999803925413228,0.9999803925413228,0.05882237603184252,0.05882237603184252,0.05882237603184252,0.0980372933864042,0.2745044214819317,0.9999803925413228,0.9999803925413228,0.2941118801592126,0.9999803925413228,0.9999803925413228,0.9999803925413228,0.725475971059391,0.5490088429638634,0.0980372933864042,0.13725221074096586,0.9999803925413228,0.9999803925413228,0.9999803925413228,0.9999803925413228,0.9999803925413228,0.9999803925413228,0.9999803925413228,0.9999803925413228,0.0,0.0,0.9999803925413228
BR,0.0,0.0,0.0,0.0,0.0,0.0,0.0,0.0,0.0,0.0,0.0,0.0,0.0,0.9999791671006855,0.0,0.08333159725839046,0.0,0.06249869794379284,0.3333263890335618,0.06249869794379284,0.0,0.06249869794379284,0.06249869794379284,0.0,0.0,0.0,0.0,0.0,0.9999791671006855,0.0,0.0,0.20832899314597614,0.0,0.06249869794379284,0.06249869794379284,0.0,0.0,0.0,0.0,0.3333263890335618,0.5624882814941355,0.0,0.0,0.0,0.020832899314597614,0.020832899314597614,0.0,0.0,0.0,0.9999791671006855,0.0,0.0,0.020832899314597614,0.020832899314597614,0.9999791671006855,0.9999791671006855,0.9999791671006855,0.9999791671006855,0.9999791671006855,0.9999791671006855,0.9999791671006855,0.9999791671006855,0.9999791671006855,0.9999791671006855,0.9999791671006855,0.020832899314597614,0.9999791671006855,0.8333159725839046,0.12499739588758568,0.9999791671006855,0.9999791671006855,0.9999791671006855,0.5833211808087332,0.9999791671006855,0.9999791671006855,0.08333159725839046,0.06249869794379284,0.06249869794379284,0.06249869794379284,0.8958146705276974,0.06249869794379284,0.06249869794379284,0.06249869794379284,0.22916189246057375,0.9999791671006855,0.9999791671006855,0.06249869794379284,0.06249869794379284,0.06249869794379284,0.06249869794379284,0.9999791671006855,0.9999791671006855,0.9999791671006855,0.9999791671006855,0.9999791671006855,0.9999791671006855,0.9999791671006855,0.9999791671006855,0.9999791671006855,0.9999791671006855,0.9999791671006855,0.9999791671006855,0.9999791671006855,0.0,0.0,0.9999791671006855
BRK-B,0.0,0.0,0.0,0.0,0.0,0.9999777782715941,0.7555387658052044,0.0,0.0,0.0,0.7555387658052044,0.0,0.0,0.9999777782715941,0.0,0.06666518521810627,0.0,0.9999777782715941,0.9999777782715941,0.0,0.0,0.9999777782715941,0.9999777782715941,0.0,0.0,0.9999777782715941,0.9999777782715941,0.0,0.2888824692784605,0.0,0.0,0.8222039510233107,0.0,0.06666518521810627,0.06666518521810627,0.9999777782715941,0.9999777782715941,0.9999777782715941,0.0,0.0,0.9999777782715941,0.24443901246638966,0.022221728406035424,0.022221728406035424,0.022221728406035424,0.022221728406035424,0.022221728406035424,0.0,0.0,0.7110953089931336,0.0,0.9999777782715941,0.022221728406035424,0.022221728406035424,0.9999777782715941,0.9999777782715941,0.6222083953689919,0.9999777782715941,0.9999777782715941,0.6888735805870981,0.9999777782715941,0.5999866669629564,0.9999777782715941,0.9999777782715941,0.6222083953689919,0.022221728406035424,0.9999777782715941,0.15555209884224797,0.9999777782715941,0.9999777782715941,0.9999777782715941,0.9999777782715941,0.6222083953689919,0.9999777782715941,0.9999777782715941,0.06666518521810627,0.9999777782715941,0.9999777782715941,0.9999777782715941,0.9999777782715941,0.9999777782715941,0.0,0.15555209884224797,0.9999777782715941,0.0,0.9999777782715941,0.9999777782715941,0.9999777782715941,0.9999777782715941,0.9999777782715941,0.9999777782715941,0.8222039510233107,0.9999777782715941,0.5333214817448502,0.9999777782715941,0.7777604942112398,0.8666474078353815,0.9999777782715941,0.9999777782715941,0.9999777782715941,0.9999777782715941,0.9999777782715941,0.9999777782715941,0.0,0.0,0.9999777782715941
BRO,0.0,0.0,0.0,0.0,0.0,0.9999818185123908,0.9999818185123908,0.0,0.0,0.0,0.9999818185123908,0.0,0.0,0.9999818185123908,0.0,0.03636297521863239,0.0,0.0,0.0,0.0,0.0,0.0,0.0,0.0,0.0,0.9999818185123908,0.0,0.0,0.0,0.018181487609316194,0.018181487609316194,0.9999818185123908,0.018181487609316194,0.018181487609316194,0.018181487609316194,0.9999818185123908,0.9999818185123908,0.0,0.0,0.0,0.9999818185123908,0.9999818185123908,0.0,0.0,0.0,0.0,0.0,0.0,0.0,0.9999818185123908,0.9999818185123908,0.0,0.0,0.0,0.9999818185123908,0.9999818185123908,0.9999818185123908,0.9999818185123908,0.9999818185123908,0.3090852893583753,0.3090852893583753,0.9999818185123908,0.9999818185123908,0.9999818185123908,0.9999818185123908,0.0,0.9999818185123908,0.9999818185123908,0.05454446282794859,0.9999818185123908,0.9999818185123908,0.9999818185123908,0.5454446282794858,0.9999818185123908,0.9999818185123908,0.9999818185123908,0.0,0.0,0.05454446282794859,0.05454446282794859,0.0,0.0,0.2727223141397429,0.9999818185123908,0.8727114052471774,0.018181487609316194,0.8545299176378611,0.4545371902329049,0.5272631406701697,0.5272631406701697,0.9999818185123908,0.9999818185123908,0.9999818185123908,0.9999818185123908,0.9999818185123908,0.2727223141397429,0.9999818185123908,0.9999818185123908,0.9999818185123908,0.9999818185123908,0.9999818185123908,0.9999818185123908,0.9999818185123908,0.0,0.0,0.9999818185123908
BSX,0.0,0.0,0.0,0.042552286121571886,0.042552286121571886,0.042552286121571886,0.042552286121571886,0.042552286121571886,0.042552286121571886,0.042552286121571886,0.042552286121571886,0.042552286121571886,0.042552286121571886,0.042552286121571886,0.042552286121571886,0.08510457224314377,0.0,0.042552286121571886,0.042552286121571886,0.042552286121571886,0.042552286121571886,0.042552286121571886,0.042552286121571886,0.042552286121571886,0.042552286121571886,0.042552286121571886,0.042552286121571886,0.042552286121571886,0.042552286121571886,0.0,0.0,0.0,0.021276143060785943,0.10638071530392972,0.10638071530392972,0.042552286121571886,0.042552286121571886,0.0,0.042552286121571886,0.042552286121571886,0.9999787238569393,0.042552286121571886,0.06382842918235783,0.06382842918235783,0.042552286121571886,0.06382842918235783,0.06382842918235783,0.042552286121571886,0.042552286121571886,0.042552286121571886,0.042552286121571886,0.042552286121571886,0.042552286121571886,0.042552286121571886,0.9999787238569393,0.9999787238569393,0.42552286121571886,0.9999787238569393,0.9999787238569393,0.9999787238569393,0.9999787238569393,0.9999787238569393,0.9999787238569393,0.9999787238569393,0.9999787238569393,0.06382842918235783,0.9999787238569393,0.10638071530392972,0.042552286121571886,0.9999787238569393,0.9999787238569393,0.9999787238569393,0.6808365779451502,0.9361502946745814,0.9999787238569393,0.042552286121571886,0.042552286121571886,0.042552286121571886,0.10638071530392972,0.10638071530392972,0.042552286121571886,0.042552286121571886,0.17020914448628754,0.44679900427650476,0.7659411501882939,0.9999787238569393,0.9999787238569393,0.5531797195804344,0.5957320057020064,0.9999787238569393,0.9999787238569393,0.9999787238569393,0.9999787238569393,0.9999787238569393,0.9999787238569393,0.9999787238569393,0.9999787238569393,0.9999787238569393,0.9999787238569393,0.9999787238569393,0.9999787238569393,0.9999787238569393,0.9999787238569393,0.0,0.0,0.9999787238569393
BX,0.0,0.0,0.0,0.01886756853644271,0.01886756853644271,0.9999811324314636,0.9999811324314636,0.01886756853644271,0.5471594875568385,0.5471594875568385,0.9999811324314636,0.01886756853644271,0.01886756853644271,0.9999811324314636,0.5471594875568385,0.07547027414577084,0.0,0.2641459595101979,0.9999811324314636,0.2641459595101979,0.01886756853644271,0.9999811324314636,0.9999811324314636,0.01886756853644271,0.01886756853644271,0.01886756853644271,0.01886756853644271,0.03773513707288542,0.01886756853644271,0.0,0.0,0.9999811324314636,0.01886756853644271,0.09433784268221354,0.09433784268221354,0.9999811324314636,0.9999811324314636,0.056602705609328126,0.01886756853644271,0.01886756853644271,0.9999811324314636,0.01886756853644271,0.03773513707288542,0.03773513707288542,0.03773513707288542,0.03773513707288542,0.01886756853644271,0.01886756853644271,0.01886756853644271,0.9999811324314636,0.01886756853644271,0.01886756853644271,0.03773513707288542,0.03773513707288542,0.9999811324314636,0.9999811324314636,0.9999811324314636,0.9999811324314636,0.9999811324314636,0.9999811324314636,0.9999811324314636,0.9999811324314636,0.9999811324314636,0.9999811324314636,0.9999811324314636,0.03773513707288542,0.9999811324314636,0.9999811324314636,0.2641459595101979,0.9999811324314636,0.9999811324314636,0.9999811324314636,0.5471594875568385,0.9999811324314636,0.9999811324314636,0.9999811324314636,0.9999811324314636,0.09433784268221354,0.09433784268221354,0.09433784268221354,0.01886756853644271,0.5471594875568385,0.9999811324314636,0.9999811324314636,0.9999811324314636,0.9999811324314636,0.9999811324314636,0.9999811324314636,0.9999811324314636,0.9999811324314636,0.9999811324314636,0.9999811324314636,0.9999811324314636,0.9999811324314636,0.9999811324314636,0.9999811324314636,0.9999811324314636,0.9999811324314636,0.9999811324314636,0.9999811324314636,0.9999811324314636,0.9999811324314636,0.9999811324314636,0.0,0.0,0.9999811324314636
BXP,0.0,0.0,0.0,0.0,0.0,0.538451183631084,0.0,0.0,0.0,0.03846079883079172,0.0,0.0,0.0,0.9999807696005847,0.0,0.03846079883079172,0.0,0.3269167900617296,0.9038287725236054,0.2307647929847503,0.03846079883079172,0.9999807696005847,0.9999807696005847,0.9999807696005847,0.03846079883079172,0.0,0.0,0.01923039941539586,0.0,0.0,0.0,0.40383838772331304,0.01923039941539586,0.03846079883079172,0.03846079883079172,0.9999807696005847,0.538451183631084,0.0,0.9999807696005847,0.9999807696005847,0.9999807696005847,0.9999807696005847,0.0,0.01923039941539586,0.01923039941539586,0.01923039941539586,0.01923039941539586,0.0,0.0,0.9999807696005847,0.0,0.0,0.01923039941539586,0.01923039941539586,0.9999807696005847,0.9999807696005847,0.5961423818772716,0.9999807696005847,0.9999807696005847,0.9999807696005847,0.9999807696005847,0.9999807696005847,0.9999807696005847,0.9999807696005847,0.0,0.0,0.9999807696005847,0.0,0.3269167900617296,0.9999807696005847,0.9999807696005847,0.9038287725236054,0.5961423818772716,0.5961423818772716,0.9999807696005847,0.9999807696005847,0.9999807696005847,0.9999807696005847,0.9999807696005847,0.9999807696005847,0.9999807696005847,0.03846079883079172,0.03846079883079172,0.09615199707697929,0.9999807696005847,0.9999807696005847,0.9999807696005847,0.9999807696005847,0.9999807696005847,0.9999807696005847,0.9999807696005847,0.9999807696005847,0.9999807696005847,0.9999807696005847,0.9999807696005847,0.9999807696005847,0.9999807696005847,0.03846079883079172,0.03846079883079172,0.9999807696005847,0.9999807696005847,0.9999807696005847,0.9999807696005847,0.0,0.0,0.9999807696005847
C,0.0,0.0,0.0,0.022726756210086137,0.022726756210086137,0.840889979773187,0.840889979773187,0.022726756210086137,0.022726756210086137,0.022726756210086137,0.840889979773187,0.022726756210086137,0.022726756210086137,0.9999772732437899,0.0,0.04545351242017227,0.0,0.022726756210086137,0.022726756210086137,0.022726756210086137,0.022726756210086137,0.9999772732437899,0.9999772732437899,0.022726756210086137,0.022726756210086137,0.022726756210086137,0.6363491738824117,0.022726756210086137,0.11363378105043068,0.022726756210086137,0.022726756210086137,0.9999772732437899,0.022726756210086137,0.04545351242017227,0.04545351242017227,0.840889979773187,0.840889979773187,0.022726756210086137,0.022726756210086137,0.022726756210086137,0.9999772732437899,0.1363605372605168,0.022726756210086137,0.022726756210086137,0.022726756210086137,0.022726756210086137,0.022726756210086137,0.022726756210086137,0.022726756210086137,0.9999772732437899,0.9999772732437899,0.9999772732437899,0.022726756210086137,0.022726756210086137,0.022726756210086137,0.022726756210086137,0.022726756210086137,0.022726756210086137,0.3863548555714643,0.4545351242017227,0.9999772732437899,0.022726756210086137,0.9999772732437899,0.9999772732437899,0.9999772732437899,0.022726756210086137,0.9999772732437899,0.9999772732437899,0.022726756210086137,0.9999772732437899,0.9999772732437899,0.0681802686302584,0.5681689052521534,0.9999772732437899,0.9999772732437899,0.9999772732437899,0.9999772732437899,0.9999772732437899,0.9999772732437899,0.9999772732437899,0.22726756210086135,0.022726756210086137,0.022726756210086137,0.022726756210086137,0.022726756210086137,0.9999772732437899,0.9999772732437899,0.9999772732437899,0.9999772732437899,0.9999772732437899,0.9999772732437899,0.15908729347060294,0.022726756210086137,0.20454080589077522,0.7499829549328425,0.9999772732437899,0.9999772732437899,0.9999772732437899,0.9999772732437899,0.9999772732437899,0.9999772732437899,0.9999772732437899,0.9999772732437899,0.0,0.0,0.9999772732437899
CAH,0.0,0.0,0.0,0.0,0.0,0.0,0.0,0.0,0.23528950412737007,0.3137193388364934,0.0,0.019607458677280837,0.019607458677280837,0.9999803925413228,0.0,0.0980372933864042,0.0,0.07842983470912335,0.6862610537048294,0.07842983470912335,0.07842983470912335,0.07842983470912335,0.07842983470912335,0.0,0.07842983470912335,0.0,0.019607458677280837,0.0,0.019607458677280837,0.019607458677280837,0.019607458677280837,0.019607458677280837,0.019607458677280837,0.07842983470912335,0.07842983470912335,0.019607458677280837,0.0,0.0,0.019607458677280837,0.019607458677280837,0.9999803925413228,0.1568596694182467,0.0,0.0,0.0,0.0,0.0,0.019607458677280837,0.019607458677280837,0.019607458677280837,0.019607458677280837,0.019607458677280837,0.039214917354561674,0.0,0.9999803925413228,0.9999803925413228,0.019607458677280837,0.9999803925413228,0.9999803925413228,0.9999803925413228,0.9999803925413228,0.9999803925413228,0.9999803925413228,0.9999803925413228,0.9999803925413228,0.039214917354561674,0.9999803925413228,0.1568596694182467,0.07842983470912335,0.6666535950275485,0.9999803925413228,0.8431207231230761,0.607831218995706,0.607831218995706,0.07842983470912335,0.07842983470912335,0.07842983470912335,0.07842983470912335,0.07842983470912335,0.07842983470912335,0.07842983470912335,0.07842983470912335,0.07842983470912335,0.07842983470912335,0.3725417148683359,0.9411580165094803,0.9999803925413228,0.9999803925413228,0.9999803925413228,0.9999803925413228,0.9999803925413228,0.9999803925413228,0.9999803925413228,0.9999803925413228,0.9999803925413228,0.9999803925413228,0.9999803925413228,0.9999803925413228,0.9999803925413228,0.9999803925413228,0.9999803925413228,0.9999803925413228,0.9999803925413228,0.0,0.0,0.9999803925413228
CARR,0.0,0.0,0.0,0.0,0.0,0.599970001499925,0.0,0.0,0.0,0.14999250037498124,0.0,0.0,0.0,0.0,0.0,0.19999000049997498,0.0,0.14999250037498124,0.14999250037498124,0.14999250037498124,0.14999250037498124,0.14999250037498124,0.14999250037498124,0.0,0.14999250037498124,0.0,0.0,0.0,0.999950002499875,0.0,0.0,0.0,0.0,0.14999250037498124,0.14999250037498124,0.599970001499925,0.599970001499925,0.0,0.0,0.0,0.999950002499875,0.0,0.0,0.049997500124993745,0.049997500124993745,0.0,0.0,0.0,0.0,0.0,0.0,0.0,0.0,0.0,0.999950002499875,0.999950002499875,0.599970001499925,0.999950002499875,0.999950002499875,0.999950002499875,0.999950002499875,0.999950002499875,0.999950002499875,0.999950002499875,0.999950002499875,0.049997500124993745,0.999950002499875,0.0,0.14999250037498124,0.999950002499875,0.999950002499875,0.7499625018749062,0.14999250037498124,0.999950002499875,0.14999250037498124,0.14999250037498124,0.14999250037498124,0.14999250037498124,0.14999250037498124,0.14999250037498124,0.14999250037498124,0.14999250037498124,0.19999000049997498,0.999950002499875,0.14999250037498124,0.999950002499875,0.999950002499875,0.14999250037498124,0.14999250037498124,0.14999250037498124,0.7499625018749062,0.999950002499875,0.999950002499875,0.999950002499875,0.999950002499875,0.999950002499875,0.999950002499875,0.999950002499875,0.999950002499875,0.999950002499875,0.999950002499875,0.999950002499875,0.999950002499875,0.0,0.0,0.999950002499875
CASY,0.0,0.0,0.0,0.0,0.0,0.0,0.0,0.0,0.0,0.0,0.0,0.0,0.0,0.9999795922532194,0.0,0.040815493561355894,0.0,0.0,0.0,0.0,0.0,0.0,0.0,0.0,0.0,0.9999795922532194,0.0,0.0,0.0,0.0,0.0,0.9999795922532194,0.0,0.0,0.0,0.0,0.0,0.0,0.0,0.36733944205220304,0.9999795922532194,0.9999795922532194,0.0,0.0,0.0,0.0,0.0,0.0,0.0,0.0,0.0,0.0,0.0,0.0,0.9999795922532194,0.0,0.9999795922532194,0.9999795922532194,0.9999795922532194,0.9999795922532194,0.9999795922532194,0.9999795922532194,0.9999795922532194,0.9999795922532194,0.9999795922532194,0.0,0.9999795922532194,0.9999795922532194,0.08163098712271179,0.9999795922532194,0.9999795922532194,0.9999795922532194,0.6122324034203384,0.6122324034203384,0.32652394849084715,0.0,0.0,0.0,0.0,0.0,0.9999795922532194,0.0,0.9999795922532194,0.2244852145874574,0.9999795922532194,0.9999795922532194,0.9999795922532194,0.6122324034203384,0.9999795922532194,0.9999795922532194,0.9999795922532194,0.9999795922532194,0.9999795922532194,0.9999795922532194,0.9999795922532194,0.9999795922532194,0.9999795922532194,0.9999795922532194,0.9999795922532194,0.9999795922532194,0.9999795922532194,0.9999795922532194,0.9999795922532194,0.0,0.0,0.9999795922532194
CAT,0.0,0.0,0.0,0.0,0.0,0.0,0.0,0.0,0.0,0.0,0.0,0.0,0.0,0.0,0.0,0.07142687078879074,0.0,0.07142687078879074,0.07142687078879074,0.07142687078879074,0.0,0.0,0.0,0.0,0.0,0.0,0.07142687078879074,0.04761791385919383,0.9999761910430705,0.1428537415775815,0.11904478464798458,0.11904478464798458,0.1428537415775815,0.07142687078879074,0.07142687078879074,0.0,0.0,0.0,0.0,0.0,0.9999761910430705,0.07142687078879074,0.0,0.0,0.04761791385919383,0.04761791385919383,0.04761791385919383,0.0,0.0,0.0,0.0,0.0,0.04761791385919383,0.04761791385919383,0.9999761910430705,0.9999761910430705,0.571414966310326,0.9999761910430705,0.9999761910430705,0.9999761910430705,0.9999761910430705,0.9999761910430705,0.9999761910430705,0.9999761910430705,0.6428418370991167,0.04761791385919383,0.9999761910430705,0.0,0.9999761910430705,0.9999761910430705,0.9999761910430705,0.9999761910430705,0.6666507940287136,0.9999761910430705,0.0,0.0,0.07142687078879074,0.0,0.07142687078879074,0.07142687078879074,0.0,0.0,0.0,0.9999761910430705,0.0,0.9285493202542797,0.9999761910430705,0.4999880955215352,0.6428418370991167,0.8095045356062951,0.5237970524511322,0.9999761910430705,0.9999761910430705,0.4285612247327445,0.9999761910430705,0.9999761910430705,0.9999761910430705,0.9999761910430705,0.9999761910430705,0.9999761910430705,0.9999761910430705,0.9999761910430705,0.9999761910430705,0.0,0.0,0.9999761910430705
CB,0.0,0.0,0.0,0.0,0.0,0.9999791671006855,0.9999791671006855,0.0,0.0,0.020832899314597614,0.9999791671006855,0.0,0.0,0.9999791671006855,0.0,0.020832899314597614,0.0,0.020832899314597614,0.06249869794379284,0.020832899314597614,0.020832899314597614,0.9999791671006855,0.9999791671006855,0.020832899314597614,0.020832899314597614,0.0,0.8124830732693069,0.0,0.0,0.020832899314597614,0.020832899314597614,0.9999791671006855,0.020832899314597614,0.020832899314597614,0.020832899314597614,0.9999791671006855,0.9999791671006855,0.020832899314597614,0.0,0.37499218766275705,0.9999791671006855,0.06249869794379284,0.0,0.020832899314597614,0.020832899314597614,0.020832899314597614,0.020832899314597614,0.0,0.0,0.9999791671006855,0.9999791671006855,0.06249869794379284,0.020832899314597614,0.020832899314597614,0.9999791671006855,0.12499739588758568,0.9999791671006855,0.9999791671006855,0.9999791671006855,0.0,0.0,0.0,0.20832899314597614,0.0,0.9999791671006855,0.020832899314597614,0.9999791671006855,0.9999791671006855,0.020832899314597614,0.9999791671006855,0.9999791671006855,0.9999791671006855,0.5416553821795379,0.9999791671006855,0.9999791671006855,0.9999791671006855,0.9999791671006855,0.37499218766275705,0.9999791671006855,0.9999791671006855,0.12499739588758568,0.020832899314597614,0.020832899314597614,0.9999791671006855,0.7916501739547093,0.7291514760109165,0.9999791671006855,0.7291514760109165,0.9999791671006855,0.9999791671006855,0.9999791671006855,0.8333159725839046,0.9999791671006855,0.7708172746401117,0.9999791671006855,0.020832899314597614,0.020832899314597614,0.9999791671006855,0.9999791671006855,0.9999791671006855,0.9999791671006855,0.9999791671006855,0.9999791671006855,0.0,0.0,0.9999791671006855
CBOE,0.0,0.0,0.0,0.0,0.0,0.3478185256842243,0.0,0.0,0.0,0.021738657855264017,0.0,0.0,0.0,0.9999782613421447,0.0,0.06521597356579205,0.0,0.41303449925001634,0.6304210778026565,0.41303449925001634,0.021738657855264017,0.021738657855264017,0.021738657855264017,0.2608638942631682,0.021738657855264017,0.9999782613421447,0.0,0.0,0.3478185256842243,0.0,0.0,0.0,0.021738657855264017,0.021738657855264017,0.021738657855264017,0.3478185256842243,0.3478185256842243,0.0,0.0,0.08695463142105607,0.43477315710528036,0.3478185256842243,0.0,0.0,0.0,0.0,0.0,0.0,0.0,0.9999782613421447,0.0,0.0,0.0,0.0,0.9999782613421447,0.9999782613421447,0.5869437620921285,0.9999782613421447,0.9999782613421447,0.9999782613421447,0.9999782613421447,0.9999782613421447,0.9999782613421447,0.9999782613421447,0.9999782613421447,0.0,0.9999782613421447,0.3478185256842243,0.43477315710528036,0.9999782613421447,0.9999782613421447,0.9999782613421447,0.5217277885263364,0.9999782613421447,0.021738657855264017,0.9999782613421447,0.021738657855264017,0.021738657855264017,0.021738657855264017,0.021738657855264017,0.021738657855264017,0.021738657855264017,0.021738657855264017,0.3912958413947523,0.9999782613421447,0.9999782613421447,0.9999782613421447,0.0,0.021738657855264017,0.9999782613421447,0.9999782613421447,0.9999782613421447,0.9999782613421447,0.5869437620921285,0.9999782613421447,0.9999782613421447,0.9999782613421447,0.9999782613421447,0.9999782613421447,0.9999782613421447,0.9999782613421447,0.9999782613421447,0.9999782613421447,0.0,0.0,0.9999782613421447
CBRE,0.0,0.0,0.0,0.0,0.0,0.0,0.0,0.0,0.0,0.0,0.0,0.0,0.0,0.9999807696005847,0.0,0.03846079883079172,0.0,0.0,0.0,0.0,0.0,0.0,0.0,0.0,0.0,0.19230399415395857,0.11538239649237515,0.0,0.40383838772331304,0.0,0.0,0.0,0.0,0.01923039941539586,0.01923039941539586,0.0,0.0,0.0,0.0,0.0,0.40383838772331304,0.0,0.0,0.0,0.0,0.0,0.0,0.0,0.0,0.9999807696005847,0.40383838772331304,0.0,0.0,0.0,0.9999807696005847,0.5961423818772716,0.09615199707697929,0.9999807696005847,0.9999807696005847,0.9999807696005847,0.9999807696005847,0.9999807696005847,0.9999807696005847,0.9999807696005847,0.9999807696005847,0.0,0.9999807696005847,0.9999807696005847,0.538451183631084,0.6730639795388551,0.9999807696005847,0.9999807696005847,0.5961423818772716,0.5961423818772716,0.0,0.9999807696005847,0.6346031807080633,0.0,0.057691198246187576,0.057691198246187576,0.0,0.0,0.9999807696005847,0.9999807696005847,0.0,0.9999807696005847,0.9999807696005847,0.49999038480029234,0.49999038480029234,0.9999807696005847,0.9999807696005847,0.9999807696005847,0.9999807696005847,0.9999807696005847,0.9999807696005847,0.9999807696005847,0.9999807696005847,0.9999807696005847,0.9999807696005847,0.9999807696005847,0.9999807696005847,0.9999807696005847,0.9999807696005847,0.0,0.0,0.9999807696005847
CCI,0.0,0.0,0.0,0.0,0.0,0.0,0.0,0.0,0.0888869136241417,0.0888869136241417,0.0,0.0,0.0,0.9999777782715941,0.0,0.0,0.0,0.0,0.0,0.0,0.0,0.0,0.0,0.0,0.0,0.0,0.0,0.0,0.4666562965267439,0.0,0.0,0.0,0.0,0.022221728406035424,0.022221728406035424,0.0,0.0,0.0,0.0,0.0,0.0888869136241417,0.11110864203017712,0.0,0.0,0.0,0.0,0.0,0.0,0.0,0.9999777782715941,0.0,0.0,0.0,0.0,0.9999777782715941,0.9999777782715941,0.9999777782715941,0.9999777782715941,0.9999777782715941,0.9999777782715941,0.9999777782715941,0.9999777782715941,0.9999777782715941,0.9999777782715941,0.3777693829026022,0.0,0.9999777782715941,0.9999777782715941,0.0,0.9999777782715941,0.9999777782715941,0.9999777782715941,0.5555432101508856,0.9999777782715941,0.0,0.9999777782715941,0.0,0.0,0.0888869136241417,0.0888869136241417,0.0,0.0,0.9999777782715941,0.5110997533388147,0.5110997533388147,0.9999777782715941,0.9999777782715941,0.0,0.0,0.9999777782715941,0.5333214817448502,0.9999777782715941,0.9999777782715941,0.9110908646474524,0.9999777782715941,0.9999777782715941,0.9999777782715941,0.9999777782715941,0.9999777782715941,0.9999777782715941,0.9999777782715941,0.9999777782715941,0.9999777782715941,0.0,0.0,0.9999777782715941
CCL,0.0,0.0,0.0,0.2244852145874574,0.0,0.32652394849084715,0.2244852145874574,0.2244852145874574,0.0,0.0,0.0,0.0,0.0,0.9999795922532194,0.0,0.040815493561355894,0.0,0.0,0.0,0.0,0.0,0.0,0.0,0.0,0.0,0.0,0.0,0.020407746780677947,0.0,0.32652394849084715,0.0,0.0,0.020407746780677947,0.32652394849084715,0.040815493561355894,0.10203873390338973,0.32652394849084715,0.020407746780677947,0.0,0.0,0.0,0.9183486051305075,0.0,0.0,0.020407746780677947,0.020407746780677947,0.020407746780677947,0.0,0.0,0.0,0.0,0.0,0.020407746780677947,0.020407746780677947,0.9999795922532194,0.9999795922532194,0.9999795922532194,0.9999795922532194,0.9999795922532194,0.9999795922532194,0.9999795922532194,0.9999795922532194,0.9999795922532194,0.9999795922532194,0.9999795922532194,0.020407746780677947,0.9999795922532194,0.9999795922532194,0.34693169527152506,0.12244648068406767,0.9999795922532194,0.9999795922532194,0.6530478969816943,0.9999795922532194,0.0,0.0,0.0,0.0,0.040815493561355894,0.040815493561355894,0.040815493561355894,0.0,0.0,0.9999795922532194,0.9591640986918635,0.8367176180077958,0.9999795922532194,0.5918246566396604,0.5918246566396604,0.9999795922532194,0.9999795922532194,0.9999795922532194,0.9999795922532194,0.9999795922532194,0.9999795922532194,0.9999795922532194,0.9999795922532194,0.9999795922532194,0.9999795922532194,0.9999795922532194,0.9999795922532194,0.9999795922532194,0.9999795922532194,0.0,0.0,0.9999795922532194
CDNS,0.0,0.0,0.0,0.0,0.0,0.7391143670789766,0.0,0.0,0.0,0.043477315710528035,0.0,0.0,0.0,0.9999782613421447,0.0,0.08695463142105607,0.0,0.9999782613421447,0.8912849720658247,0.8912849720658247,0.043477315710528035,0.043477315710528035,0.043477315710528035,0.043477315710528035,0.043477315710528035,0.0,0.0,0.0,0.0,0.0,0.0,0.0,0.021738657855264017,0.06521597356579205,0.06521597356579205,0.7391143670789766,0.7391143670789766,0.0,0.0,0.043477315710528035,0.043477315710528035,0.0,0.021738657855264017,0.0,0.0,0.021738657855264017,0.021738657855264017,0.0,0.0,0.0,0.0,0.0,0.0,0.0,0.9999782613421447,0.9999782613421447,0.043477315710528035,0.9999782613421447,0.9999782613421447,0.9999782613421447,0.9999782613421447,0.9999782613421447,0.9999782613421447,0.9999782613421447,0.9999782613421447,0.021738657855264017,0.9999782613421447,0.1304319471315841,0.9999782613421447,0.9999782613421447,0.9999782613421447,0.9999782613421447,0.5869437620921285,0.9999782613421447,0.043477315710528035,0.043477315710528035,0.043477315710528035,0.043477315710528035,0.043477315710528035,0.043477315710528035,0.043477315710528035,0.043477315710528035,0.043477315710528035,0.043477315710528035,0.9999782613421447,0.19564792069737616,0.8912849720658247,0.043477315710528035,0.043477315710528035,0.043477315710528035,0.5217277885263364,0.9999782613421447,0.9999782613421447,0.9999782613421447,0.9999782613421447,0.9999782613421447,0.9999782613421447,0.9999782613421447,0.9999782613421447,0.9999782613421447,0.9999782613421447,0.9999782613421447,0.9999782613421447,0.0,0.0,0.9999782613421447
CDW,0.0,0.0,0.0,0.0,0.0,0.0,0.0,0.0,0.12727041326521338,0.12727041326521338,0.0,0.0,0.0,0.9999818185123908,0.0,0.23635933892111052,0.0,0.05454446282794859,0.10908892565589717,0.05454446282794859,0.05454446282794859,0.05454446282794859,0.05454446282794859,0.05454446282794859,0.05454446282794859,0.0,0.0,0.03636297521863239,0.7090780167633316,0.018181487609316194,0.018181487609316194,0.018181487609316194,0.03636297521863239,0.05454446282794859,0.05454446282794859,0.0,0.0,0.05454446282794859,0.0,0.0,0.9999818185123908,0.05454446282794859,0.03636297521863239,0.0,0.03636297521863239,0.0,0.0,0.0,0.0,0.0,0.0,0.0,0.0,0.03636297521863239,0.9999818185123908,0.2727223141397429,0.18181487609316194,0.9999818185123908,0.9999818185123908,0.9999818185123908,0.9999818185123908,0.9999818185123908,0.9999818185123908,0.9999818185123908,0.9999818185123908,0.03636297521863239,0.9999818185123908,0.05454446282794859,0.8545299176378611,0.10908892565589717,0.9999818185123908,0.9999818185123908,0.5636261158888021,0.9999818185123908,0.05454446282794859,0.05454446282794859,0.9999818185123908,0.05454446282794859,0.10908892565589717,0.9999818185123908,0.05454446282794859,0.05454446282794859,0.7999854548099126,0.18181487609316194,0.9999818185123908,0.836348430028545,0.9999818185123908,0.05454446282794859,0.05454446282794859,0.9999818185123908,0.8727114052471774,0.9999818185123908,0.9999818185123908,0.9999818185123908,0.9999818185123908,0.9999818185123908,0.9999818185123908,0.9999818185123908,0.9999818185123908,0.9999818185123908,0.9999818185123908,0.9999818185123908,0.9999818185123908,0.0,0.0,0.9999818185123908
CEG,0.0,0.0,0.0,0.0,0.0,0.9999333377774815,0.0,0.0,0.0,0.26664889007399506,0.0,0.0,0.0,0.9999333377774815,0.0,0.26664889007399506,0.0,0.26664889007399506,0.26664889007399506,0.26664889007399506,0.26664889007399506,0.26664889007399506,0.26664889007399506,0.4666355576294914,0.26664889007399506,0.9999333377774815,0.0,0.13332444503699753,0.0,0.06666222251849876,0.06666222251849876,0.06666222251849876,0.06666222251849876,0.26664889007399506,0.26664889007399506,0.9999333377774815,0.9999333377774815,0.0,0.0,0.0,0.9999333377774815,0.0,0.0,0.13332444503699753,0.13332444503699753,0.0,0.0,0.0,0.0,0.0,0.0,0.0,0.0,0.13332444503699753,0.9999333377774815,0.9999333377774815,0.7332844477034864,0.9999333377774815,0.9999333377774815,0.9999333377774815,0.9999333377774815,0.9999333377774815,0.9999333377774815,0.9999333377774815,0.9999333377774815,0.13332444503699753,0.9999333377774815,0.9999333377774815,0.4666355576294914,0.9999333377774815,0.9999333377774815,0.7999466702219852,0.26664889007399506,0.9999333377774815,0.26664889007399506,0.7332844477034864,0.26664889007399506,0.26664889007399506,0.26664889007399506,0.26664889007399506,0.26664889007399506,0.26664889007399506,0.9999333377774815,0.9999333377774815,0.26664889007399506,0.9999333377774815,0.26664889007399506,0.06666222251849876,0.9999333377774815,0.9999333377774815,0.26664889007399506,0.9999333377774815,0.9999333377774815,0.9999333377774815,0.9999333377774815,0.9999333377774815,0.9999333377774815,0.9999333377774815,0.9999333377774815,0.9999333377774815,0.9999333377774815,0.9999333377774815,0.9999333377774815,0.0,0.0,0.9999333377774815
CF,0.0,0.0,0.0,0.0,0.0,0.0,0.0,0.0,0.0,0.0,0.0,0.0,0.0,0.9999803925413228,0.0,0.019607458677280837,0.0,0.0980372933864042,0.5882237603184252,0.0980372933864042,0.0,0.0,0.0,0.0,0.0,0.0,0.0,0.0,0.0,0.0,0.0,0.0,0.0,0.019607458677280837,0.019607458677280837,0.0,0.0,0.0,0.0,0.0,0.6666535950275485,0.2745044214819317,0.0,0.0,0.0,0.0,0.0,0.0,0.0,0.0,0.0,0.0,0.0,0.0,0.9999803925413228,0.9999803925413228,0.9999803925413228,0.9999803925413228,0.9999803925413228,0.9999803925413228,0.9999803925413228,0.9999803925413228,0.9999803925413228,0.9999803925413228,0.9999803925413228,0.0,0.9999803925413228,0.13725221074096586,0.13725221074096586,0.9999803925413228,0.9999803925413228,0.9999803925413228,0.5686163016411443,0.9999803925413228,0.0,0.0,0.0,0.0,0.05882237603184252,0.05882237603184252,0.13725221074096586,0.0,0.1960745867728084,0.11764475206368503,0.0,0.8039058057685143,0.9999803925413228,0.6274386776729868,0.9999803925413228,0.7842983470912336,0.5490088429638634,0.9999803925413228,0.9999803925413228,0.9999803925413228,0.9999803925413228,0.9999803925413228,0.9999803925413228,0.9999803925413228,0.9999803925413228,0.9999803925413228,0.9999803925413228,0.9999803925413228,0.9999803925413228,0.0,0.0,0.9999803925413228
CFG,0.0,0.0,0.0,0.025640368195687293,0.025640368195687293,0.9999743596318044,0.9999743596318044,0.025640368195687293,0.025640368195687293,0.051280736391374586,0.9999743596318044,0.025640368195687293,0.025640368195687293,0.9999743596318044,0.0,0.12820184097843645,0.0,0.051280736391374586,0.051280736391374586,0.051280736391374586,0.051280736391374586,0.9999743596318044,0.9999743596318044,0.025640368195687293,0.051280736391374586,0.025640368195687293,0.025640368195687293,0.051280736391374586,0.15384220917412375,0.025640368195687293,0.025640368195687293,0.9999743596318044,0.051280736391374586,0.07692110458706188,0.07692110458706188,0.9999743596318044,0.9999743596318044,0.025640368195687293,0.025640368195687293,0.025640368195687293,0.9999743596318044,0.20512294556549834,0.025640368195687293,0.025640368195687293,0.051280736391374586,0.051280736391374586,0.025640368195687293,0.025640368195687293,0.025640368195687293,0.9999743596318044,0.9999743596318044,0.9999743596318044,0.025640368195687293,0.025640368195687293,0.025640368195687293,0.025640368195687293,0.3589651547396221,0.025640368195687293,0.025640368195687293,0.9999743596318044,0.9999743596318044,0.9999743596318044,0.9999743596318044,0.9999743596318044,0.7435706776749315,0.051280736391374586,0.9999743596318044,0.9999743596318044,0.051280736391374586,0.9999743596318044,0.9999743596318044,0.9999743596318044,0.4102458911309967,0.9999743596318044,0.9999743596318044,0.9999743596318044,0.9999743596318044,0.051280736391374586,0.051280736391374586,0.051280736391374586,0.3076844183482475,0.051280736391374586,0.051280736391374586,0.051280736391374586,0.9999743596318044,0.9999743596318044,0.9999743596318044,0.9999743596318044,0.9999743596318044,0.9999743596318044,0.9999743596318044,0.051280736391374586,0.051280736391374586,0.3589651547396221,0.051280736391374586,0.9999743596318044,0.9999743596318044,0.9999743596318044,0.9999743596318044,0.9999743596318044,0.9999743596318044,0.9999743596318044,0.9999743596318044,0.0,0.0,0.9999743596318044
CHD,0.0,0.0,0.0,0.4791566842357451,0.0,0.4791566842357451,0.4791566842357451,0.4791566842357451,0.0,0.04166579862919523,0.0,0.020832899314597614,0.020832899314597614,0.06249869794379284,0.0,0.10416449657298807,0.0,0.04166579862919523,0.04166579862919523,0.04166579862919523,0.04166579862919523,0.04166579862919523,0.04166579862919523,0.04166579862919523,0.04166579862919523,0.020832899314597614,0.020832899314597614,0.0,0.020832899314597614,0.4791566842357451,0.04166579862919523,0.04166579862919523,0.08333159725839046,0.5208224828649404,0.08333159725839046,0.020832899314597614,0.0,0.0,0.020832899314597614,0.12499739588758568,0.9999791671006855,0.06249869794379284,0.0,0.0,0.0,0.0,0.0,0.020832899314597614,0.020832899314597614,0.020832899314597614,0.020832899314597614,0.020832899314597614,0.0,0.0,0.9999791671006855,0.9999791671006855,0.9999791671006855,0.9999791671006855,0.9999791671006855,0.9999791671006855,0.9999791671006855,0.9999791671006855,0.9999791671006855,0.9999791671006855,0.9999791671006855,0.0,0.9999791671006855,0.06249869794379284,0.3333263890335618,0.9999791671006855,0.9999791671006855,0.1666631945167809,0.5416553821795379,0.9999791671006855,0.04166579862919523,0.04166579862919523,0.04166579862919523,0.04166579862919523,0.12499739588758568,0.12499739588758568,0.04166579862919523,0.04166579862919523,0.04166579862919523,0.04166579862919523,0.6249869794379284,0.9999791671006855,0.9999791671006855,0.9999791671006855,0.9999791671006855,0.9999791671006855,0.9999791671006855,0.9999791671006855,0.9999791671006855,0.9999791671006855,0.9999791671006855,0.9999791671006855,0.9999791671006855,0.9999791671006855,0.9999791671006855,0.9999791671006855,0.9999791671006855,0.9999791671006855,0.9999791671006855,0.0,0.0,0.9999791671006855
CHRW,0.0,0.0,0.0,0.0,0.0,0.44443621414418255,0.0,0.0,0.0,0.01851817558934094,0.0,0.0,0.0,0.9999814818244107,0.0,0.03703635117868188,0.0,0.20369993148275034,0.18518175589340938,0.18518175589340938,0.01851817558934094,0.01851817558934094,0.01851817558934094,0.01851817558934094,0.01851817558934094,0.9999814818244107,0.0,0.0,0.9999814818244107,0.0,0.0,0.0,0.0,0.01851817558934094,0.01851817558934094,0.44443621414418255,0.44443621414418255,0.0,0.0,0.0,0.9999814818244107,0.5555452676802282,0.0,0.0,0.0,0.0,0.0,0.0,0.0,0.9999814818244107,0.0,0.0,0.0,0.0,0.9999814818244107,0.9999814818244107,0.0,0.9999814818244107,0.9999814818244107,0.9999814818244107,0.9999814818244107,0.9999814818244107,0.9999814818244107,0.9999814818244107,0.9999814818244107,0.0,0.9999814818244107,0.9999814818244107,0.20369993148275034,0.9999814818244107,0.9999814818244107,0.9999814818244107,0.5555452676802282,0.9999814818244107,0.01851817558934094,0.9999814818244107,0.01851817558934094,0.01851817558934094,0.01851817558934094,0.01851817558934094,0.01851817558934094,0.01851817558934094,0.01851817558934094,0.01851817558934094,0.9999814818244107,0.9999814818244107,0.9999814818244107,0.9999814818244107,0.9999814818244107,0.9999814818244107,0.9999814818244107,0.9999814818244107,0.9999814818244107,0.9999814818244107,0.9999814818244107,0.9999814818244107,0.9999814818244107,0.9999814818244107,0.9999814818244107,0.9999814818244107,0.9999814818244107,0.9999814818244107,0.9999814818244107,0.0,0.0,0.9999814818244107
CHTR,0.0,0.0,0.0,0.06666518521810627,0.06666518521810627,0.9999777782715941,0.06666518521810627,0.06666518521810627,0.11110864203017712,0.06666518521810627,0.06666518521810627,0.06666518521810627,0.06666518521810627,0.9999777782715941,0.0,0.0888869136241417,0.0,0.022221728406035424,0.1999955556543188,0.022221728406035424,0.022221728406035424,0.022221728406035424,0.022221728406035424,0.022221728406035424,0.022221728406035424,0.15555209884224797,0.06666518521810627,0.04444345681207085,0.7555387658052044,0.0,0.0,0.0,0.0,0.15555209884224797,0.15555209884224797,0.9999777782715941,0.9999777782715941,0.0,0.06666518521810627,0.06666518521810627,0.9999777782715941,0.06666518521810627,0.04444345681207085,0.04444345681207085,0.04444345681207085,0.04444345681207085,0.04444345681207085,0.06666518521810627,0.06666518521810627,0.9999777782715941,0.06666518521810627,0.06666518521810627,0.0,0.04444345681207085,0.9999777782715941,0.2888824692784605,0.3777693829026022,0.9999777782715941,0.9999777782715941,0.9999777782715941,0.9999777782715941,0.9999777782715941,0.9999777782715941,0.9999777782715941,0.9999777782715941,0.04444345681207085,0.9999777782715941,0.9999777782715941,0.1777738272482834,0.888869136241417,0.9999777782715941,0.9999777782715941,0.577764938556921,0.7555387658052044,0.022221728406035424,0.9999777782715941,0.022221728406035424,0.022221728406035424,0.15555209884224797,0.15555209884224797,0.06666518521810627,0.022221728406035424,0.022221728406035424,0.022221728406035424,0.06666518521810627,0.9999777782715941,0.9999777782715941,0.15555209884224797,0.15555209884224797,0.9999777782715941,0.9999777782715941,0.9999777782715941,0.9999777782715941,0.9999777782715941,0.9999777782715941,0.9999777782715941,0.9999777782715941,0.9999777782715941,0.9999777782715941,0.9999777782715941,0.9999777782715941,0.9999777782715941,0.9999777782715941,0.0,0.0,0.9999777782715941
CI,0.0,0.0,0.0,0.0,0.0,0.0,0.0,0.0,0.0,0.0,0.0,0.0,0.0,0.9999565236294073,0.0,0.1304291117777488,0.0,0.0,0.0,0.0,0.0,0.0,0.0,0.0,0.0,0.0,0.0,0.0,0.9999565236294073,0.0,0.04347637059258293,0.04347637059258293,0.04347637059258293,0.0,0.0,0.0,0.0,0.0,0.0,0.0,0.9999565236294073,0.0,0.0,0.0,0.0,0.0,0.0,0.0,0.0,0.0,0.0,0.9999565236294073,0.0,0.0,0.9999565236294073,0.9999565236294073,0.9999565236294073,0.9999565236294073,0.9999565236294073,0.0,0.9999565236294073,0.0,0.0,0.21738185296291465,0.9999565236294073,0.0,0.9999565236294073,0.0,0.0,0.9999565236294073,0.9999565236294073,0.0,0.3043345941480805,0.08695274118516585,0.0,0.0,0.0,0.1304291117777488,0.1304291117777488,0.1304291117777488,0.0,0.0,0.0,0.9999565236294073,0.0,0.0,0.0,0.9999565236294073,0.9999565236294073,0.9999565236294073,0.9999565236294073,0.9999565236294073,0.9999565236294073,0.9999565236294073,0.9999565236294073,0.608669188296161,0.21738185296291465,0.9999565236294073,0.9999565236294073,0.9999565236294073,0.9999565236294073,0.9999565236294073,0.9999565236294073,0.0,0.0,0.9999565236294073
CIEN,0.0,0.0,0.0,0.0,0.0,0.0,0.0,0.0,0.19230399415395857,0.19230399415395857,0.0,0.0,0.0,0.0,0.0,0.03846079883079172,0.0,0.269225591815542,0.5769119824618758,0.269225591815542,0.0,0.0,0.0,0.11538239649237515,0.0,0.0,0.0,0.0,0.0,0.0,0.0,0.0,0.0,0.01923039941539586,0.01923039941539586,0.0,0.0,0.0,0.0,0.0,0.9999807696005847,0.0,0.0,0.0,0.0,0.0,0.0,0.0,0.0,0.0,0.0,0.0,0.0,0.0,0.9999807696005847,0.9999807696005847,0.01923039941539586,0.9999807696005847,0.9999807696005847,0.9999807696005847,0.9999807696005847,0.9999807696005847,0.9999807696005847,0.9999807696005847,0.9999807696005847,0.0,0.9999807696005847,0.9999807696005847,0.8076767754466261,0.9999807696005847,0.9038287725236054,0.9999807696005847,0.5576815830464799,0.5769119824618758,0.0,0.0,0.0,0.38460798830791715,0.4422991865541048,0.4422991865541048,0.0,0.0,0.9615199707697929,0.0,0.9999807696005847,0.0,0.9999807696005847,0.0,0.0,0.0,0.49999038480029234,0.9999807696005847,0.9999807696005847,0.9999807696005847,0.9999807696005847,0.9999807696005847,0.9999807696005847,0.9999807696005847,0.9999807696005847,0.9999807696005847,0.9999807696005847,0.9999807696005847,0.9999807696005847,0.0,0.0,0.9999807696005847
CINF,0.0,0.0,0.0,0.0,0.0,0.9999803925413228,0.9999803925413228,0.0,0.0,0.019607458677280837,0.9999803925413228,0.0,0.0,0.9999803925413228,0.0,0.039214917354561674,0.0,0.019607458677280837,0.9215505578321994,0.019607458677280837,0.019607458677280837,0.9999803925413228,0.9999803925413228,0.9999803925413228,0.019607458677280837,0.9999803925413228,0.21568204545008923,0.019607458677280837,0.0,0.019607458677280837,0.019607458677280837,0.9999803925413228,0.019607458677280837,0.019607458677280837,0.019607458677280837,0.9999803925413228,0.9999803925413228,0.019607458677280837,0.0,0.0,0.019607458677280837,0.9999803925413228,0.0,0.0,0.019607458677280837,0.019607458677280837,0.0,0.0,0.0,0.9999803925413228,0.9999803925413228,0.9999803925413228,0.019607458677280837,0.019607458677280837,0.9999803925413228,0.9999803925413228,0.9999803925413228,0.9999803925413228,0.9999803925413228,0.0,0.9999803925413228,0.0,0.0,0.21568204545008923,0.9999803925413228,0.019607458677280837,0.9999803925413228,0.9999803925413228,0.019607458677280837,0.9999803925413228,0.019607458677280837,0.9999803925413228,0.9019430991549185,0.9999803925413228,0.9999803925413228,0.9999803925413228,0.9999803925413228,0.019607458677280837,0.019607458677280837,0.019607458677280837,0.9999803925413228,0.019607458677280837,0.019607458677280837,0.9999803925413228,0.9999803925413228,0.6862610537048294,0.9999803925413228,0.9999803925413228,0.9999803925413228,0.9999803925413228,0.9999803925413228,0.039214917354561674,0.9999803925413228,0.9999803925413228,0.9999803925413228,0.13725221074096586,0.0,0.9999803925413228,0.9999803925413228,0.9999803925413228,0.9999803925413228,0.9999803925413228,0.9999803925413228,0.0,0.0,0.9999803925413228
CL,0.0,0.0,0.0,0.0,0.0,0.0,0.0,0.0,0.28301352804664065,0.28301352804664065,0.0,0.0,0.0,0.0,0.0,0.01886756853644271,0.0,0.0,0.0,0.0,0.0,0.0,0.0,0.0,0.0,0.0,0.0,0.0,0.7924378785305938,0.0,0.0,0.0,0.0,0.056602705609328126,0.056602705609328126,0.0,0.0,0.0,0.0,0.056602705609328126,0.11320541121865625,0.0,0.01886756853644271,0.0,0.01886756853644271,0.01886756853644271,0.01886756853644271,0.0,0.0,0.0,0.0,0.01886756853644271,0.0,0.01886756853644271,0.9999811324314636,0.9999811324314636,0.9999811324314636,0.9999811324314636,0.9999811324314636,0.9999811324314636,0.9999811324314636,0.9999811324314636,0.9999811324314636,0.9999811324314636,0.9999811324314636,0.01886756853644271,0.9999811324314636,0.0,0.28301352804664065,0.9999811324314636,0.9999811324314636,0.9999811324314636,0.5282919190203959,0.9999811324314636,0.0,0.0,0.0,0.0,0.0,0.0,0.0,0.0,0.0,0.8301730156034792,0.0,0.9999811324314636,0.9999811324314636,0.9999811324314636,0.9999811324314636,0.9999811324314636,0.9999811324314636,0.9999811324314636,0.9999811324314636,0.9999811324314636,0.9999811324314636,0.9999811324314636,0.9999811324314636,0.9999811324314636,0.9999811324314636,0.9999811324314636,0.9999811324314636,0.9999811324314636,0.9999811324314636,0.0,0.0,0.9999811324314636
CLX,0.0,0.0,0.0,0.09090702484034455,0.0,0.09090702484034455,0.09090702484034455,0.09090702484034455,0.24999431831094748,0.24999431831094748,0.0,0.0,0.0,0.0,0.0,0.022726756210086137,0.0,0.022726756210086137,0.022726756210086137,0.022726756210086137,0.022726756210086137,0.022726756210086137,0.022726756210086137,0.0,0.022726756210086137,0.0,0.0,0.0,0.0,0.11363378105043068,0.022726756210086137,0.9999772732437899,0.022726756210086137,0.15908729347060294,0.022726756210086137,0.0,0.0,0.0,0.0,0.34090134315129206,0.5454421490420672,0.022726756210086137,0.0,0.0,0.022726756210086137,0.0,0.0,0.0,0.0,0.0,0.0,0.0,0.0,0.0,0.9999772732437899,0.9999772732437899,0.47726188041180884,0.9999772732437899,0.9999772732437899,0.9999772732437899,0.9999772732437899,0.9999772732437899,0.9999772732437899,0.9999772732437899,0.9999772732437899,0.022726756210086137,0.9999772732437899,0.04545351242017227,0.15908729347060294,0.9999772732437899,0.9999772732437899,0.022726756210086137,0.5908956614622395,0.5908956614622395,0.022726756210086137,0.022726756210086137,0.022726756210086137,0.0,0.022726756210086137,0.022726756210086137,0.34090134315129206,0.022726756210086137,0.022726756210086137,0.15908729347060294,0.6136224176723256,0.9999772732437899,0.9999772732437899,0.9999772732437899,0.9999772732437899,0.9999772732437899,0.9999772732437899,0.9999772732437899,0.9999772732437899,0.9999772732437899,0.9999772732437899,0.9999772732437899,0.9999772732437899,0.9999772732437899,0.9999772732437899,0.9999772732437899,0.9999772732437899,0.9999772732437899,0.9999772732437899,0.0,0.0,0.9999772732437899
CMCSA,0.0,0.0,0.0,0.0,0.0,0.9999807696005847,0.0,0.0,0.0,0.03846079883079172,0.0,0.0,0.0,0.9999807696005847,0.0,0.09615199707697929,0.0,0.03846079883079172,0.03846079883079172,0.03846079883079172,0.03846079883079172,0.03846079883079172,0.03846079883079172,0.03846079883079172,0.03846079883079172,0.0,0.0,0.0,0.0,0.0,0.0,0.0,0.01923039941539586,0.057691198246187576,0.057691198246187576,0.9999807696005847,0.9999807696005847,0.03846079883079172,0.0,0.11538239649237515,0.9999807696005847,0.0,0.0,0.0,0.0,0.01923039941539586,0.01923039941539586,0.0,0.0,0.9999807696005847,0.6538335801234592,0.0,0.01923039941539586,0.01923039941539586,0.9999807696005847,0.9999807696005847,0.6922943789542509,0.9999807696005847,0.9999807696005847,0.9999807696005847,0.9999807696005847,0.9999807696005847,0.9999807696005847,0.9999807696005847,0.9999807696005847,0.01923039941539586,0.9999807696005847,0.6346031807080633,0.03846079883079172,0.9999807696005847,0.9999807696005847,0.6153727812926675,0.6153727812926675,0.9999807696005847,0.03846079883079172,0.9999807696005847,0.03846079883079172,0.03846079883079172,0.03846079883079172,0.03846079883079172,0.7692159766158343,0.03846079883079172,0.03846079883079172,0.03846079883079172,0.03846079883079172,0.03846079883079172,0.03846079883079172,0.19230399415395857,0.19230399415395857,0.6153727812926675,0.9999807696005847,0.9999807696005847,0.9999807696005847,0.9999807696005847,0.9999807696005847,0.9999807696005847,0.9999807696005847,0.9999807696005847,0.9999807696005847,0.9999807696005847,0.9999807696005847,0.9999807696005847,0.9999807696005847,0.0,0.0,0.9999807696005847
CME,0.0,0.0,0.0,0.0,0.0,0.9999795922532194,0.0,0.0,0.0,0.0,0.0,0.0,0.0,0.9999795922532194,0.0,0.06122324034203384,0.0,0.9999795922532194,0.3061162017101692,0.3061162017101692,0.0,0.0,0.0,0.0,0.0,0.9999795922532194,0.0,0.0,0.0,0.0,0.0,0.0,0.0,0.020407746780677947,0.020407746780677947,0.9999795922532194,0.9999795922532194,0.0,0.0,0.0,0.9999795922532194,0.0,0.0,0.0,0.0,0.0,0.0,0.0,0.0,0.9999795922532194,0.0,0.0,0.0,0.0,0.9999795922532194,0.9999795922532194,0.5918246566396604,0.9999795922532194,0.9999795922532194,0.9999795922532194,0.9999795922532194,0.9999795922532194,0.9999795922532194,0.9999795922532194,0.9999795922532194,0.0,0.9999795922532194,0.9999795922532194,0.9999795922532194,0.9999795922532194,0.9999795922532194,0.9999795922532194,0.5714169098589825,0.5918246566396604,0.0,0.9999795922532194,0.0,0.0,0.0,0.0,0.0,0.0,0.9999795922532194,0.10203873390338973,0.5101936695169487,0.9999795922532194,0.9999795922532194,0.4285626823942369,0.8775331115691517,0.9999795922532194,0.9999795922532194,0.9999795922532194,0.9999795922532194,0.9999795922532194,0.9999795922532194,0.9999795922532194,0.9999795922532194,0.9999795922532194,0.9999795922532194,0.9999795922532194,0.9999795922532194,0.9999795922532194,0.9999795922532194,0.0,0.0,0.9999795922532194
CMG,0.0,0.0,0.0,0.452821644874625,0.0,0.9999811324314636,0.452821644874625,0.452821644874625,0.0,0.0,0.0,0.0,0.0,0.9999811324314636,0.0,0.03773513707288542,0.0,0.5471594875568385,0.9999811324314636,0.5471594875568385,0.0,0.0,0.0,0.0,0.0,0.0,0.0,0.0,0.9999811324314636,0.452821644874625,0.0,0.0,0.0,0.452821644874625,0.01886756853644271,0.9999811324314636,0.9999811324314636,0.0,0.0,0.0,0.9999811324314636,0.9999811324314636,0.0,0.0,0.0,0.0,0.0,0.0,0.0,0.0,0.0,0.0,0.0,0.0,0.9999811324314636,0.9999811324314636,0.0,0.9999811324314636,0.9999811324314636,0.9999811324314636,0.9999811324314636,0.9999811324314636,0.9999811324314636,0.9999811324314636,0.9999811324314636,0.0,0.9999811324314636,0.0,0.5471594875568385,0.9999811324314636,0.9999811324314636,0.9999811324314636,0.452821644874625,0.716967604384823,0.0,0.0,0.0,0.0,0.056602705609328126,0.056602705609328126,0.9999811324314636,0.0,0.01886756853644271,0.11320541121865625,0.9999811324314636,0.9999811324314636,0.6226297617026094,0.43395407633818234,0.452821644874625,0.9999811324314636,0.9999811324314636,0.9999811324314636,0.9999811324314636,0.9999811324314636,0.9999811324314636,0.9999811324314636,0.9999811324314636,0.9999811324314636,0.9999811324314636,0.9999811324314636,0.9999811324314636,0.9999811324314636,0.9999811324314636,0.0,0.0,0.9999811324314636
CMI,0.0,0.0,0.0,0.01923039941539586,0.01923039941539586,0.01923039941539586,0.01923039941539586,0.01923039941539586,0.01923039941539586,0.01923039941539586,0.01923039941539586,0.01923039941539586,0.01923039941539586,0.01923039941539586,0.0,0.03846079883079172,0.0,0.01923039941539586,0.01923039941539586,0.01923039941539586,0.01923039941539586,0.01923039941539586,0.01923039941539586,0.01923039941539586,0.01923039941539586,0.01923039941539586,0.01923039941539586,0.01923039941539586,0.01923039941539586,0.01923039941539586,0.01923039941539586,0.01923039941539586,0.01923039941539586,0.03846079883079172,0.03846079883079172,0.01923039941539586,0.01923039941539586,0.01923039941539586,0.01923039941539586,0.07692159766158344,0.24999519240014617,0.01923039941539586,0.01923039941539586,0.01923039941539586,0.01923039941539586,0.01923039941539586,0.01923039941539586,0.01923039941539586,0.01923039941539586,0.01923039941539586,0.01923039941539586,0.01923039941539586,0.01923039941539586,0.01923039941539586,0.9999807696005847,0.9999807696005847,0.7115247783696468,0.9999807696005847,0.9999807696005847,0.9999807696005847,0.9999807696005847,0.9999807696005847,0.9999807696005847,0.9999807696005847,0.9999807696005847,0.01923039941539586,0.9999807696005847,0.07692159766158344,0.01923039941539586,0.9999807696005847,0.9999807696005847,0.4230687871387089,0.5961423818772716,0.5961423818772716,0.9999807696005847,0.01923039941539586,0.01923039941539586,0.01923039941539586,0.01923039941539586,0.01923039941539586,0.01923039941539586,0.01923039941539586,0.01923039941539586,0.9999807696005847,0.01923039941539586,0.9999807696005847,0.9999807696005847,0.01923039941539586,0.01923039941539586,0.07692159766158344,0.5576815830464799,0.9999807696005847,0.9999807696005847,0.9999807696005847,0.9999807696005847,0.9999807696005847,0.9999807696005847,0.9999807696005847,0.9999807696005847,0.9999807696005847,0.9999807696005847,0.9999807696005847,0.9999807696005847,0.0,0.0,0.9999807696005847
CMS,0.0,0.0,0.0,0.0,0.0,0.9999791671006855,0.0,0.0,0.0,0.020832899314597614,0.0,0.0,0.0,0.9999791671006855,0.0,0.20832899314597614,0.0,0.020832899314597614,0.020832899314597614,0.020832899314597614,0.020832899314597614,0.020832899314597614,0.020832899314597614,0.9999791671006855,0.020832899314597614,0.9999791671006855,0.9999791671006855,0.0,0.0,0.0,0.0,0.0,0.0,0.020832899314597614,0.020832899314597614,0.9999791671006855,0.9999791671006855,0.020832899314597614,0.0,0.18749609383137852,0.9999791671006855,0.7499843753255141,0.0,0.0,0.0,0.0,0.0,0.0,0.0,0.0,0.0,0.0,0.0,0.0,0.9999791671006855,0.9999791671006855,0.0,0.9999791671006855,0.9999791671006855,0.9999791671006855,0.9999791671006855,0.9999791671006855,0.9999791671006855,0.9999791671006855,0.49998958355034273,0.0,0.9999791671006855,0.0,0.7708172746401117,0.9999791671006855,0.9999791671006855,0.9999791671006855,0.5208224828649404,0.5208224828649404,0.1458302952021833,0.9999791671006855,0.1458302952021833,0.24999479177517137,0.24999479177517137,0.020832899314597614,0.9999791671006855,0.020832899314597614,0.9999791671006855,0.5208224828649404,0.020832899314597614,0.9999791671006855,0.9999791671006855,0.9999791671006855,0.9999791671006855,0.9999791671006855,0.9999791671006855,0.9999791671006855,0.9999791671006855,0.37499218766275705,0.9999791671006855,0.9999791671006855,0.9999791671006855,0.9999791671006855,0.9999791671006855,0.9999791671006855,0.9999791671006855,0.020832899314597614,0.020832899314597614,0.0,0.0,0.9999791671006855
CNC,0.0,0.0,0.0,0.0,0.0,0.0,0.0,0.0,0.0,0.020832899314597614,0.0,0.0,0.0,0.9999791671006855,0.0,0.06249869794379284,0.0,0.020832899314597614,0.020832899314597614,0.020832899314597614,0.020832899314597614,0.020832899314597614,0.020832899314597614,0.020832899314597614,0.020832899314597614,0.0,0.0,0.0,0.0,0.0,0.0,0.0,0.0,0.04166579862919523,0.04166579862919523,0.0,0.0,0.0,0.0,0.0,0.9999791671006855,0.08333159725839046,0.0,0.0,0.0,0.0,0.0,0.0,0.0,0.9999791671006855,0.9999791671006855,0.0,0.0,0.0,0.9999791671006855,0.9999791671006855,0.9999791671006855,0.9999791671006855,0.9999791671006855,0.43749088560654986,0.9999791671006855,0.7916501739547093,0.9999791671006855,0.9999791671006855,0.9999791671006855,0.0,0.9999791671006855,0.9999791671006855,0.08333159725839046,0.9999791671006855,0.9999791671006855,0.9999791671006855,0.5833211808087332,0.9999791671006855,0.9999791671006855,0.9999791671006855,0.020832899314597614,0.020832899314597614,0.020832899314597614,0.020832899314597614,0.020832899314597614,0.020832899314597614,0.020832899314597614,0.3333263890335618,0.020832899314597614,0.020832899314597614,0.020832899314597614,0.020832899314597614,0.020832899314597614,0.9999791671006855,0.9999791671006855,0.9999791671006855,0.9999791671006855,0.9999791671006855,0.9999791671006855,0.020832899314597614,0.9999791671006855,0.9999791671006855,0.9999791671006855,0.9999791671006855,0.9999791671006855,0.9999791671006855,0.9999791671006855,0.0,0.0,0.9999791671006855
CNP,0.0,0.0,0.0,0.0,0.0,0.49998958355034273,0.0,0.0,0.0,0.04166579862919523,0.0,0.0,0.0,0.9999791671006855,0.0,0.06249869794379284,0.0,0.04166579862919523,0.04166579862919523,0.04166579862919523,0.04166579862919523,0.04166579862919523,0.04166579862919523,0.04166579862919523,0.04166579862919523,0.9999791671006855,0.9999791671006855,0.04166579862919523,0.0,0.0,0.0,0.0,0.020832899314597614,0.06249869794379284,0.06249869794379284,0.49998958355034273,0.49998958355034273,0.04166579862919523,0.0,0.0,0.8333159725839046,0.6874856773817213,0.0,0.04166579862919523,0.0,0.0,0.0,0.0,0.0,0.0,0.1458302952021833,0.0,0.04166579862919523,0.04166579862919523,0.9999791671006855,0.8124830732693069,0.04166579862919523,0.9999791671006855,0.9999791671006855,0.9999791671006855,0.9999791671006855,0.9999791671006855,0.9999791671006855,0.9999791671006855,0.645819878752526,0.04166579862919523,0.9999791671006855,0.1458302952021833,0.5624882814941355,0.9999791671006855,0.9999791671006855,0.9999791671006855,0.645819878752526,0.9999791671006855,0.04166579862919523,0.6666527780671236,0.06249869794379284,0.04166579862919523,0.04166579862919523,0.04166579862919523,0.5833211808087332,0.04166579862919523,0.9999791671006855,0.5208224828649404,0.9999791671006855,0.9999791671006855,0.9999791671006855,0.6249869794379284,0.6249869794379284,0.9999791671006855,0.7499843753255141,0.9999791671006855,0.9999791671006855,0.9999791671006855,0.9999791671006855,0.9999791671006855,0.9999791671006855,0.9999791671006855,0.9999791671006855,0.9999791671006855,0.9999791671006855,0.04166579862919523,0.04166579862919523,0.0,0.0,0.9999791671006855
COF,0.0,0.0,0.0,0.03703635117868188,0.01851817558934094,0.9999814818244107,0.9999814818244107,0.03703635117868188,0.01851817558934094,0.03703635117868188,0.9999814818244107,0.01851817558934094,0.01851817558934094,0.9999814818244107,0.0,0.07407270235736375,0.03703635117868188,0.07407270235736375,0.07407270235736375,0.07407270235736375,0.03703635117868188,0.9999814818244107,0.9999814818244107,0.03703635117868188,0.03703635117868188,0.9999814818244107,0.01851817558934094,0.01851817558934094,0.09259087794670469,0.25925445825077315,0.01851817558934094,0.9999814818244107,0.01851817558934094,0.07407270235736375,0.03703635117868188,0.9999814818244107,0.9999814818244107,0.03703635117868188,0.01851817558934094,0.01851817558934094,0.9999814818244107,0.1481454047147275,0.01851817558934094,0.01851817558934094,0.01851817558934094,0.01851817558934094,0.01851817558934094,0.01851817558934094,0.01851817558934094,0.9999814818244107,0.9999814818244107,0.9999814818244107,0.01851817558934094,0.01851817558934094,0.01851817558934094,0.01851817558934094,0.01851817558934094,0.01851817558934094,0.01851817558934094,0.9999814818244107,0.9999814818244107,0.9999814818244107,0.9999814818244107,0.9999814818244107,0.9999814818244107,0.01851817558934094,0.9999814818244107,0.6666543212162738,0.07407270235736375,0.8518360771096832,0.9999814818244107,0.9999814818244107,0.5740634432695692,0.5740634432695692,0.9999814818244107,0.9999814818244107,0.9999814818244107,0.03703635117868188,0.07407270235736375,0.07407270235736375,0.07407270235736375,0.03703635117868188,0.03703635117868188,0.03703635117868188,0.9999814818244107,0.9999814818244107,0.9999814818244107,0.9999814818244107,0.9999814818244107,0.9999814818244107,0.9999814818244107,0.03703635117868188,0.03703635117868188,0.296290809429455,0.3333271606081369,0.9999814818244107,0.9999814818244107,0.9999814818244107,0.9999814818244107,0.9999814818244107,0.9999814818244107,0.9999814818244107,0.9999814818244107,0.0,0.0,0.9999814818244107
COHR,0.0,0.0,0.0,0.0,0.0,0.0,0.0,0.0,0.0,0.04545351242017227,0.0,0.0,0.0,0.0,0.0,0.0681802686302584,0.0,0.04545351242017227,0.1363605372605168,0.04545351242017227,0.04545351242017227,0.04545351242017227,0.04545351242017227,0.0,0.04545351242017227,0.0,0.0,0.0,0.0681802686302584,0.0,0.0,0.29544783073111974,0.0,0.04545351242017227,0.04545351242017227,0.0,0.0,0.0,0.0,0.0,0.9999772732437899,0.04545351242017227,0.0,0.0,0.0,0.0,0.0,0.0,0.0,0.0,0.0,0.0,0.0,0.0,0.9999772732437899,0.9999772732437899,0.9999772732437899,0.9999772732437899,0.9999772732437899,0.9999772732437899,0.9999772732437899,0.9999772732437899,0.9999772732437899,0.9999772732437899,0.9999772732437899,0.0,0.9999772732437899,0.9999772732437899,0.04545351242017227,0.9999772732437899,0.9999772732437899,0.9999772732437899,0.659075930092498,0.659075930092498,0.04545351242017227,0.04545351242017227,0.04545351242017227,0.2727210745210336,0.2727210745210336,0.2727210745210336,0.04545351242017227,0.04545351242017227,0.04545351242017227,0.5454421490420672,0.6136224176723256,0.840889979773187,0.9999772732437899,0.6363491738824117,0.6363491738824117,0.8181632235631009,0.9999772732437899,0.9999772732437899,0.9999772732437899,0.9999772732437899,0.9999772732437899,0.9999772732437899,0.9999772732437899,0.9999772732437899,0.9999772732437899,0.9999772732437899,0.9999772732437899,0.9999772732437899,0.9999772732437899,0.0,0.0,0.9999772732437899
COIN,0.0,0.0,0.0,0.0,0.0,0.9999444475306927,0.0,0.0,0.0,0.1666574079217821,0.0,0.0,0.0,0.0,0.0,0.0,0.0,0.1666574079217821,0.2777623465363035,0.1666574079217821,0.1666574079217821,0.1666574079217821,0.1666574079217821,0.0,0.1666574079217821,0.0,0.0,0.0,0.1666574079217821,0.0,0.0,0.0,0.0,0.1666574079217821,0.1666574079217821,0.9999444475306927,0.9999444475306927,0.0,0.0,0.0,0.9999444475306927,0.0,0.0555524693072607,0.0555524693072607,0.0555524693072607,0.0555524693072607,0.0555524693072607,0.0,0.0,0.9999444475306927,0.0,0.2222098772290428,0.0,0.0555524693072607,0.9999444475306927,0.9999444475306927,0.2222098772290428,0.9999444475306927,0.9999444475306927,0.9999444475306927,0.9999444475306927,0.9999444475306927,0.9999444475306927,0.9999444475306927,0.9999444475306927,0.0555524693072607,0.9999444475306927,0.0,0.2777623465363035,0.9999444475306927,0.9999444475306927,0.9999444475306927,0.2777623465363035,0.9999444475306927,0.4444197544580856,0.9999444475306927,0.1666574079217821,0.1666574079217821,0.1666574079217821,0.1666574079217821,0.1666574079217821,0.1666574079217821,0.9999444475306927,0.7221821009943892,0.9999444475306927,0.9999444475306927,0.9999444475306927,0.9999444475306927,0.9999444475306927,0.9999444475306927,0.9999444475306927,0.3888672851508249,0.9999444475306927,0.7221821009943892,0.9999444475306927,0.9999444475306927,0.9999444475306927,0.9999444475306927,0.9999444475306927,0.9999444475306927,0.9999444475306927,0.9999444475306927,0.9999444475306927,0.0,0.0,0.9999444475306927
COO,0.0,0.0,0.0,0.0,0.0,0.0,0.0,0.0,0.0,0.01923039941539586,0.0,0.0,0.0,0.0,0.0,0.07692159766158344,0.0,0.01923039941539586,0.01923039941539586,0.01923039941539586,0.01923039941539586,0.01923039941539586,0.01923039941539586,0.01923039941539586,0.01923039941539586,0.0,0.0,0.01923039941539586,0.0,0.0,0.0,0.0,0.01923039941539586,0.057691198246187576,0.057691198246187576,0.0,0.0,0.0,0.0,0.0,0.9999807696005847,0.0,0.0,0.01923039941539586,0.01923039941539586,0.0,0.0,0.0,0.0,0.0,0.0,0.0,0.01923039941539586,0.0,0.9999807696005847,0.9999807696005847,0.2307647929847503,0.9999807696005847,0.9999807696005847,0.9999807696005847,0.9999807696005847,0.9999807696005847,0.9999807696005847,0.9999807696005847,0.9999807696005847,0.01923039941539586,0.9999807696005847,0.057691198246187576,0.7115247783696468,0.49999038480029234,0.9999807696005847,0.9999807696005847,0.5769119824618758,0.5769119824618758,0.01923039941539586,0.01923039941539586,0.01923039941539586,0.01923039941539586,0.01923039941539586,0.01923039941539586,0.01923039941539586,0.01923039941539586,0.01923039941539586,0.01923039941539586,0.11538239649237515,0.9999807696005847,0.9999807696005847,0.7115247783696468,0.7115247783696468,0.7115247783696468,0.9999807696005847,0.9999807696005847,0.9999807696005847,0.9999807696005847,0.9999807696005847,0.9999807696005847,0.9999807696005847,0.9999807696005847,0.9999807696005847,0.9999807696005847,0.9999807696005847,0.9999807696005847,0.9999807696005847,0.0,0.0,0.9999807696005847
COP,0.0,0.0,0.0,0.0,0.0,0.5110997533388147,0.5110997533388147,0.022221728406035424,0.0,0.022221728406035424,0.5110997533388147,0.0,0.0,0.022221728406035424,0.0,0.04444345681207085,0.0,0.022221728406035424,0.022221728406035424,0.022221728406035424,0.022221728406035424,0.022221728406035424,0.022221728406035424,0.7110953089931336,0.022221728406035424,0.0,0.022221728406035424,0.022221728406035424,0.0,0.0,0.0,0.9999777782715941,0.022221728406035424,0.04444345681207085,0.04444345681207085,0.5110997533388147,0.5110997533388147,0.0,0.0,0.42221283971467305,0.022221728406035424,0.9999777782715941,0.0,0.0,0.0,0.022221728406035424,0.022221728406035424,0.0,0.0,0.0,0.0,0.0,0.0,0.022221728406035424,0.9999777782715941,0.9999777782715941,0.9999777782715941,0.9999777782715941,0.9999777782715941,0.9999777782715941,0.9999777782715941,0.9999777782715941,0.9999777782715941,0.9999777782715941,0.9999777782715941,0.022221728406035424,0.0,0.0,0.022221728406035424,0.9999777782715941,0.9999777782715941,0.7110953089931336,0.5999866669629564,0.5999866669629564,0.33332592609053135,0.022221728406035424,0.06666518521810627,0.06666518521810627,0.11110864203017712,0.06666518521810627,0.6888735805870981,0.022221728406035424,0.022221728406035424,0.9999777782715941,0.2666607408724251,0.1999955556543188,0.9999777782715941,0.5555432101508856,0.888869136241417,0.8666474078353815,0.9110908646474524,0.9999777782715941,0.9999777782715941,0.9999777782715941,0.9999777782715941,0.9999777782715941,0.9999777782715941,0.9999777782715941,0.9999777782715941,0.9999777782715941,0.9999777782715941,0.9999777782715941,0.9999777782715941,0.0,0.0,0.9999777782715941
COR,0.0,0.0,0.0,0.0,0.0,0.0,0.0,0.0,0.06521597356579205,0.10869328927632009,0.0,0.0,0.0,0.9999782613421447,0.0,0.1304319471315841,0.0,0.043477315710528035,0.043477315710528035,0.043477315710528035,0.043477315710528035,0.043477315710528035,0.043477315710528035,0.043477315710528035,0.043477315710528035,0.0,0.0,0.0,0.9999782613421447,0.021738657855264017,0.021738657855264017,0.021738657855264017,0.043477315710528035,0.08695463142105607,0.08695463142105607,0.0,0.0,0.0,0.0,0.0,0.9999782613421447,0.0,0.0,0.0,0.043477315710528035,0.043477315710528035,0.043477315710528035,0.0,0.0,0.0,0.0,0.2826025521184322,0.043477315710528035,0.0,0.9999782613421447,0.6521597356579205,0.0,0.9999782613421447,0.9999782613421447,0.9999782613421447,0.9999782613421447,0.9999782613421447,0.9999782613421447,0.9999782613421447,0.9999782613421447,0.043477315710528035,0.9999782613421447,0.1304319471315841,0.1304319471315841,0.8260689985000327,0.9999782613421447,0.9999782613421447,0.6304210778026565,0.8260689985000327,0.043477315710528035,0.043477315710528035,0.043477315710528035,0.043477315710528035,0.043477315710528035,0.043477315710528035,0.1304319471315841,0.043477315710528035,0.043477315710528035,0.9999782613421447,0.4565118149605444,0.9999782613421447,0.9999782613421447,0.9999782613421447,0.9999782613421447,0.9999782613421447,0.9999782613421447,0.9999782613421447,0.9999782613421447,0.9999782613421447,0.9999782613421447,0.9999782613421447,0.9999782613421447,0.9999782613421447,0.9999782613421447,0.9999782613421447,0.9999782613421447,0.9999782613421447,0.9999782613421447,0.0,0.0,0.9999782613421447
COST,0.0,0.0,0.0,0.0,0.0,0.0,0.0,0.0,0.0,0.0,0.0,0.0,0.0,0.9999791671006855,0.0,0.08333159725839046,0.0,0.06249869794379284,0.06249869794379284,0.06249869794379284,0.0,0.06249869794379284,0.06249869794379284,0.3541592883481594,0.0,0.0,0.0,0.020832899314597614,0.0,0.0,0.0,0.0,0.04166579862919523,0.06249869794379284,0.06249869794379284,0.0,0.0,0.0,0.0,0.06249869794379284,0.9999791671006855,0.9999791671006855,0.0,0.0,0.020832899314597614,0.0,0.0,0.0,0.0,0.0,0.9999791671006855,0.0,0.0,0.020832899314597614,0.9999791671006855,0.9999791671006855,0.9999791671006855,0.9999791671006855,0.9999791671006855,0.9999791671006855,0.9999791671006855,0.9999791671006855,0.9999791671006855,0.9999791671006855,0.9999791671006855,0.020832899314597614,0.9999791671006855,0.0,0.2916605904043666,0.9999791671006855,0.9999791671006855,0.9999791671006855,0.5624882814941355,0.645819878752526,0.06249869794379284,0.06249869794379284,0.06249869794379284,0.0,0.06249869794379284,0.06249869794379284,0.9999791671006855,0.06249869794379284,0.9999791671006855,0.06249869794379284,0.20832899314597614,0.06249869794379284,0.9583133684714902,0.06249869794379284,0.4583237849211475,0.9999791671006855,0.9999791671006855,0.9999791671006855,0.9999791671006855,0.9999791671006855,0.9999791671006855,0.9999791671006855,0.9999791671006855,0.9999791671006855,0.9999791671006855,0.9999791671006855,0.9999791671006855,0.9999791671006855,0.9999791671006855,0.0,0.0,0.9999791671006855
CPAY,0.0,0.0,0.0,0.0,0.0,0.6738983935131845,0.0,0.0,0.0,0.0,0.0,0.0,0.0,0.9999782613421447,0.0,0.043477315710528035,0.0,0.4565118149605444,0.0,0.0,0.0,0.0,0.0,0.0,0.0,0.0,0.0,0.0,0.6086824199473925,0.0,0.0,0.0,0.0,0.0,0.0,0.6738983935131845,0.6738983935131845,0.0,0.0,0.0,0.9999782613421447,0.0,0.0,0.0,0.0,0.0,0.0,0.0,0.0,0.9999782613421447,0.0,0.06521597356579205,0.0,0.0,0.9999782613421447,0.10869328927632009,0.0,0.9999782613421447,0.9999782613421447,0.9999782613421447,0.9999782613421447,0.9999782613421447,0.9999782613421447,0.9999782613421447,0.9999782613421447,0.0,0.9999782613421447,0.9999782613421447,0.7173757092237125,0.9999782613421447,0.4565118149605444,0.9999782613421447,0.4782504728158084,0.9999782613421447,0.0,0.9999782613421447,0.0,0.0,0.0,0.0,0.0,0.0,0.0,0.9999782613421447,0.8260689985000327,0.9999782613421447,0.9999782613421447,0.3912958413947523,0.3912958413947523,0.9999782613421447,0.9999782613421447,0.9999782613421447,0.6521597356579205,0.9999782613421447,0.9999782613421447,0.9999782613421447,0.9999782613421447,0.9999782613421447,0.9999782613421447,0.9999782613421447,0.9999782613421447,0.9999782613421447,0.9999782613421447,0.0,0.0,0.9999782613421447
CPRT,0.0,0.0,0.0,0.0,0.0,0.37499218766275705,0.0,0.0,0.020832899314597614,0.06249869794379284,0.0,0.0,0.0,0.9999791671006855,0.0,0.08333159725839046,0.0,0.10416449657298807,0.8749817712130997,0.10416449657298807,0.04166579862919523,0.04166579862919523,0.04166579862919523,0.0,0.04166579862919523,0.0,0.0,0.0,0.3333263890335618,0.04166579862919523,0.06249869794379284,0.06249869794379284,0.04166579862919523,0.04166579862919523,0.04166579862919523,0.37499218766275705,0.37499218766275705,0.0,0.0,0.0,0.3333263890335618,0.0,0.0,0.0,0.0,0.0,0.0,0.0,0.0,0.0,0.0,0.0,0.0,0.0,0.9999791671006855,0.7083185766963188,0.0,0.9999791671006855,0.9999791671006855,0.9999791671006855,0.9999791671006855,0.9999791671006855,0.9999791671006855,0.9999791671006855,0.6041540801233308,0.0,0.9999791671006855,0.0,0.1458302952021833,0.9999791671006855,0.9999791671006855,0.9999791671006855,0.6041540801233308,0.5833211808087332,0.04166579862919523,0.08333159725839046,0.04166579862919523,0.04166579862919523,0.04166579862919523,0.04166579862919523,0.04166579862919523,0.04166579862919523,0.9999791671006855,0.24999479177517137,0.7708172746401117,0.9999791671006855,0.9999791671006855,0.04166579862919523,0.04166579862919523,0.8333159725839046,0.9999791671006855,0.9999791671006855,0.9999791671006855,0.9999791671006855,0.9999791671006855,0.9999791671006855,0.9999791671006855,0.9999791671006855,0.9999791671006855,0.9999791671006855,0.9999791671006855,0.9999791671006855,0.9999791671006855,0.0,0.0,0.9999791671006855
CPT,0.0,0.0,0.0,0.4444345681207085,0.022221728406035424,0.4888780249327793,0.4888780249327793,0.4444345681207085,0.022221728406035424,0.06666518521810627,0.4888780249327793,0.022221728406035424,0.022221728406035424,0.9999777782715941,0.0,0.0888869136241417,0.0,0.11110864203017712,0.9110908646474524,0.0888869136241417,0.06666518521810627,0.9999777782715941,0.9999777782715941,0.9999777782715941,0.06666518521810627,0.022221728406035424,0.022221728406035424,0.04444345681207085,0.022221728406035424,0.4666562965267439,0.022221728406035424,0.9999777782715941,0.04444345681207085,0.4888780249327793,0.06666518521810627,0.4888780249327793,0.4888780249327793,0.022221728406035424,0.8222039510233107,0.9999777782715941,0.9999777782715941,0.15555209884224797,0.022221728406035424,0.022221728406035424,0.022221728406035424,0.04444345681207085,0.04444345681207085,0.022221728406035424,0.022221728406035424,0.9999777782715941,0.9999777782715941,0.06666518521810627,0.04444345681207085,0.04444345681207085,0.9999777782715941,0.9999777782715941,0.9999777782715941,0.9999777782715941,0.9999777782715941,0.9999777782715941,0.9999777782715941,0.9999777782715941,0.9999777782715941,0.9999777782715941,0.06666518521810627,0.04444345681207085,0.9999777782715941,0.022221728406035424,0.11110864203017712,0.9999777782715941,0.0888869136241417,0.9110908646474524,0.5333214817448502,0.9999777782715941,0.9999777782715941,0.9999777782715941,0.9999777782715941,0.9999777782715941,0.9999777782715941,0.9999777782715941,0.6888735805870981,0.9999777782715941,0.06666518521810627,0.9999777782715941,0.06666518521810627,0.8666474078353815,0.9999777782715941,0.9999777782715941,0.9999777782715941,0.9999777782715941,0.9999777782715941,0.9999777782715941,0.9999777782715941,0.9999777782715941,0.9999777782715941,0.9999777782715941,0.9999777782715941,0.7999822226172753,0.9999777782715941,0.9999777782715941,0.9999777782715941,0.9999777782715941,0.9999777782715941,0.0,0.0,0.9999777782715941
CRH,0.0,0.0,0.0,0.0,0.0,0.0,0.0,0.0,0.0,0.0,0.0,0.0,0.0,0.9998889012331964,0.0,0.0,0.0,0.0,0.0,0.0,0.0,0.0,0.0,0.0,0.0,0.0,0.0,0.0,0.0,0.11109876680368849,0.11109876680368849,0.11109876680368849,0.11109876680368849,0.33329630041106545,0.33329630041106545,0.0,0.0,0.0,0.0,0.0,0.0,0.0,0.11109876680368849,0.0,0.11109876680368849,0.11109876680368849,0.11109876680368849,0.0,0.0,0.0,0.0,0.0,0.0,0.11109876680368849,0.9998889012331964,0.9998889012331964,0.0,0.9998889012331964,0.9998889012331964,0.9998889012331964,0.9998889012331964,0.9998889012331964,0.9998889012331964,0.9998889012331964,0.9998889012331964,0.11109876680368849,0.9998889012331964,0.0,0.0,0.9998889012331964,0.9998889012331964,0.9998889012331964,0.44439506721475397,0.0,0.9998889012331964,0.0,0.0,0.0,0.9998889012331964,0.9998889012331964,0.0,0.0,0.0,0.0,0.0,0.9998889012331964,0.9998889012331964,0.0,0.9998889012331964,0.9998889012331964,0.44439506721475397,0.9998889012331964,0.9998889012331964,0.9998889012331964,0.9998889012331964,0.9998889012331964,0.9998889012331964,0.9998889012331964,0.9998889012331964,0.9998889012331964,0.9998889012331964,0.9998889012331964,0.9998889012331964,0.0,0.0,0.9998889012331964
CRL,0.0,0.0,0.0,0.0,0.0,0.3333253970143568,0.0,0.0,0.0,0.0,0.0,0.0,0.0,0.9999761910430705,0.0,0.04761791385919383,0.0,0.0,0.07142687078879074,0.0,0.0,0.0,0.0,0.0,0.0,0.0,0.0,0.0,0.0,0.0,0.0,0.0,0.0,0.023808956929596916,0.023808956929596916,0.40475226780314755,0.3333253970143568,0.0,0.0,0.0,0.0,0.0,0.0,0.0,0.0,0.0,0.0,0.0,0.0,0.0,0.0,0.0,0.0,0.0,0.9999761910430705,0.9999761910430705,0.07142687078879074,0.9999761910430705,0.9999761910430705,0.9999761910430705,0.9999761910430705,0.9999761910430705,0.9999761910430705,0.9999761910430705,0.9999761910430705,0.0,0.9999761910430705,0.0,0.0,0.9999761910430705,0.9999761910430705,0.9999761910430705,0.5952239232399229,0.5952239232399229,0.0,0.0,0.0,0.0,0.07142687078879074,0.07142687078879074,0.0,0.0,0.0,0.0,0.0,0.5237970524511322,0.9999761910430705,0.0,0.0,0.5237970524511322,0.5237970524511322,0.9999761910430705,0.9999761910430705,0.9999761910430705,0.9999761910430705,0.9999761910430705,0.9999761910430705,0.9999761910430705,0.9999761910430705,0.9999761910430705,0.9999761910430705,0.9999761910430705,0.9999761910430705,0.0,0.0,0.9999761910430705
CRM,0.0,0.0,0.0,0.0,0.0,0.0,0.0,0.0,0.0,0.039214917354561674,0.0,0.0,0.0,0.0,0.0,0.07842983470912335,0.0,0.2745044214819317,0.2745044214819317,0.2745044214819317,0.039214917354561674,0.039214917354561674,0.039214917354561674,0.039214917354561674,0.039214917354561674,0.0,0.0,0.0,0.3921491735456168,0.0,0.0,0.0,0.0,0.05882237603184252,0.05882237603184252,0.0,0.0,0.0,0.0,0.0,0.1568596694182467,0.6862610537048294,0.019607458677280837,0.019607458677280837,0.019607458677280837,0.019607458677280837,0.019607458677280837,0.0,0.0,0.9999803925413228,0.0,0.0,0.019607458677280837,0.019607458677280837,0.9999803925413228,0.9999803925413228,0.9999803925413228,0.9999803925413228,0.9999803925413228,0.9999803925413228,0.9999803925413228,0.9999803925413228,0.9999803925413228,0.9999803925413228,0.9999803925413228,0.019607458677280837,0.9999803925413228,0.5294013842865827,0.5294013842865827,0.9999803925413228,0.9999803925413228,0.9999803925413228,0.5294013842865827,0.5294013842865827,0.039214917354561674,0.9999803925413228,0.43136409090017847,0.23528950412737007,0.33332679751377425,0.33332679751377425,0.07842983470912335,0.039214917354561674,0.7450834297366719,0.039214917354561674,0.8627281818003569,0.9999803925413228,0.9999803925413228,0.039214917354561674,0.039214917354561674,0.5097939256093018,0.5294013842865827,0.9999803925413228,0.9999803925413228,0.9999803925413228,0.9999803925413228,0.9999803925413228,0.9999803925413228,0.9999803925413228,0.9999803925413228,0.9999803925413228,0.9999803925413228,0.9999803925413228,0.9999803925413228,0.0,0.0,0.9999803925413228
CRWD,0.0,0.0,0.0,0.0,0.0,0.0,0.0,0.0,0.0909049588655061,0.0909049588655061,0.0,0.0,0.0,0.0,0.0,0.8181446297895549,0.0,0.1818099177310122,0.9999545475205672,0.1818099177310122,0.0,0.0,0.0,0.0,0.0,0.0,0.0,0.0,0.0,0.0,0.0,0.0,0.0,0.0,0.0,0.0,0.0,0.1818099177310122,0.0,0.0,0.5454297531930367,0.0,0.0,0.0,0.0,0.0,0.0,0.0,0.0,0.9999545475205672,0.0,0.0,0.0,0.0,0.9999545475205672,0.9999545475205672,0.5908822326257896,0.9999545475205672,0.9999545475205672,0.9999545475205672,0.9999545475205672,0.9999545475205672,0.9999545475205672,0.5908822326257896,0.9999545475205672,0.0,0.9999545475205672,0.9999545475205672,0.9999545475205672,0.9999545475205672,0.9999545475205672,0.9999545475205672,0.22726239716376528,0.9999545475205672,0.0,0.9999545475205672,0.0,0.0,0.0,0.0,0.0,0.0,0.9999545475205672,0.0,0.0,0.45452479432753057,0.9999545475205672,0.0,0.0,0.0,0.04545247943275305,0.9999545475205672,0.9999545475205672,0.9999545475205672,0.9999545475205672,0.9999545475205672,0.9999545475205672,0.9999545475205672,0.9999545475205672,0.9999545475205672,0.9999545475205672,0.9999545475205672,0.9999545475205672,0.0,0.0,0.9999545475205672
CSCO,0.0,0.0,0.0,0.0,0.0,0.0,0.0,0.0,0.0,0.0,0.0,0.0,0.0,0.10869328927632009,0.0,0.043477315710528035,0.0,0.0,0.0,0.0,0.0,0.0,0.0,0.0,0.0,0.0,0.0,0.0,0.0,0.0,0.0,0.0,0.0,0.0,0.0,0.0,0.0,0.0,0.0,0.10869328927632009,0.9999782613421447,0.0,0.0,0.0,0.0,0.0,0.0,0.0,0.0,0.0,0.0,0.0,0.0,0.0,0.9999782613421447,0.9999782613421447,0.0,0.9999782613421447,0.9999782613421447,0.9999782613421447,0.9999782613421447,0.9999782613421447,0.9999782613421447,0.9999782613421447,0.5869437620921285,0.0,0.9999782613421447,0.17390926284211214,0.0,0.9999782613421447,0.9999782613421447,0.6304210778026565,0.5434664463816005,0.9999782613421447,0.0,0.0,0.0,0.0,0.0,0.0,0.0,0.0,0.9999782613421447,0.043477315710528035,0.3912958413947523,0.41303449925001634,0.9999782613421447,0.0,0.0,0.0,0.5217277885263364,0.6304210778026565,0.9999782613421447,0.0,0.9999782613421447,0.9999782613421447,0.9999782613421447,0.9999782613421447,0.9999782613421447,0.9999782613421447,0.9999782613421447,0.9999782613421447,0.9999782613421447,0.0,0.0,0.9999782613421447
CSGP,0.0,0.0,0.0,0.0,0.0,0.0,0.0,0.0,0.0,0.04545351242017227,0.0,0.0,0.0,0.9999772732437899,0.0,0.11363378105043068,0.0,0.1363605372605168,0.5681689052521534,0.1363605372605168,0.04545351242017227,0.04545351242017227,0.04545351242017227,0.0,0.04545351242017227,0.0,0.0,0.0,0.1363605372605168,0.0,0.0,0.0,0.022726756210086137,0.0681802686302584,0.0681802686302584,0.0,0.0,0.0,0.0,0.0,0.5227153928319811,0.0,0.022726756210086137,0.022726756210086137,0.0,0.022726756210086137,0.022726756210086137,0.0,0.0,0.9999772732437899,0.0,0.0,0.022726756210086137,0.022726756210086137,0.9999772732437899,0.9999772732437899,0.0,0.9999772732437899,0.9999772732437899,0.9999772732437899,0.9999772732437899,0.9999772732437899,0.9999772732437899,0.9999772732437899,0.9090702484034454,0.022726756210086137,0.9999772732437899,0.0,0.1363605372605168,0.9999772732437899,0.9999772732437899,0.9999772732437899,0.5681689052521534,0.7727097111429286,0.04545351242017227,0.9090702484034454,0.04545351242017227,0.04545351242017227,0.04545351242017227,0.04545351242017227,0.04545351242017227,0.04545351242017227,0.9090702484034454,0.04545351242017227,0.9090702484034454,0.6136224176723256,0.34090134315129206,0.04545351242017227,0.04545351242017227,0.5681689052521534,0.49998863662189497,0.9999772732437899,0.9999772732437899,0.7045294425126702,0.9999772732437899,0.9999772732437899,0.9999772732437899,0.9999772732437899,0.9999772732437899,0.9999772732437899,0.9999772732437899,0.9999772732437899,0.9999772732437899,0.0,0.0,0.9999772732437899
CSX,0.0,0.0,0.0,0.0,0.0,0.9999795922532194,0.0,0.0,0.0,0.040815493561355894,0.0,0.0,0.0,0.9999795922532194,0.0,0.06122324034203384,0.0,0.040815493561355894,0.9999795922532194,0.040815493561355894,0.040815493561355894,0.040815493561355894,0.040815493561355894,0.14285422746474563,0.040815493561355894,0.9999795922532194,0.040815493561355894,0.0,0.16326197424542357,0.0,0.0,0.0,0.0,0.040815493561355894,0.040815493561355894,0.9999795922532194,0.9999795922532194,0.0,0.0,0.12244648068406767,0.9999795922532194,0.7142711373237282,0.0,0.0,0.0,0.0,0.0,0.0,0.0,0.9999795922532194,0.0,0.0,0.0,0.0,0.9999795922532194,0.6326401502010164,0.9999795922532194,0.9999795922532194,0.9999795922532194,0.9999795922532194,0.9999795922532194,0.9999795922532194,0.9999795922532194,0.9999795922532194,0.9999795922532194,0.0,0.9999795922532194,0.7142711373237282,0.040815493561355894,0.9999795922532194,0.9999795922532194,0.9999795922532194,0.6326401502010164,0.6530478969816943,0.040815493561355894,0.9999795922532194,0.040815493561355894,0.040815493561355894,0.040815493561355894,0.040815493561355894,0.6530478969816943,0.040815493561355894,0.9999795922532194,0.9999795922532194,0.040815493561355894,0.040815493561355894,0.9999795922532194,0.6938633905430501,0.9999795922532194,0.8571253647884738,0.8775331115691517,0.9999795922532194,0.9999795922532194,0.9999795922532194,0.9999795922532194,0.9999795922532194,0.9999795922532194,0.9999795922532194,0.9999795922532194,0.9999795922532194,0.9999795922532194,0.9999795922532194,0.9999795922532194,0.0,0.0,0.9999795922532194
CTAS,0.0,0.0,0.0,0.0,0.0,0.10256147278274917,0.0,0.0,0.0,0.10256147278274917,0.0,0.0,0.0,0.9999743596318044,0.0,0.10256147278274917,0.0,0.10256147278274917,0.10256147278274917,0.10256147278274917,0.10256147278274917,0.10256147278274917,0.10256147278274917,0.10256147278274917,0.10256147278274917,0.0,0.0,0.0,0.0,0.051280736391374586,0.051280736391374586,0.051280736391374586,0.051280736391374586,0.10256147278274917,0.10256147278274917,0.8204917822619934,0.10256147278274917,0.10256147278274917,0.0,0.0,0.0,0.48716699571805855,0.0,0.0,0.051280736391374586,0.0,0.0,0.0,0.0,0.0,0.0,0.0,0.0,0.0,0.9999743596318044,0.2564036819568729,0.9999743596318044,0.9999743596318044,0.9999743596318044,0.9999743596318044,0.9999743596318044,0.9999743596318044,0.9999743596318044,0.9999743596318044,0.9999743596318044,0.051280736391374586,0.9999743596318044,0.10256147278274917,0.3076844183482475,0.5897284685008077,0.7179303094792442,0.5640881003051205,0.615368836696495,0.9999743596318044,0.10256147278274917,0.10256147278274917,0.10256147278274917,0.10256147278274917,0.10256147278274917,0.10256147278274917,0.10256147278274917,0.10256147278274917,0.10256147278274917,0.10256147278274917,0.9999743596318044,0.9999743596318044,0.9999743596318044,0.9999743596318044,0.9999743596318044,0.9999743596318044,0.9999743596318044,0.9999743596318044,0.9999743596318044,0.9999743596318044,0.9999743596318044,0.9999743596318044,0.9999743596318044,0.9999743596318044,0.9999743596318044,0.9999743596318044,0.9999743596318044,0.9999743596318044,0.9999743596318044,0.0,0.0,0.9999743596318044
CTSH,0.0,0.0,0.0,0.0,0.0,0.2799944001119978,0.0,0.0,0.0,0.05999880002399952,0.0,0.0,0.0,0.999980000399992,0.0,0.05999880002399952,0.0,0.31999360012799744,0.31999360012799744,0.31999360012799744,0.05999880002399952,0.05999880002399952,0.05999880002399952,0.05999880002399952,0.05999880002399952,0.0,0.0,0.0,0.2799944001119978,0.01999960000799984,0.01999960000799984,0.01999960000799984,0.03999920001599968,0.05999880002399952,0.05999880002399952,0.2799944001119978,0.2799944001119978,0.0,0.0,0.0,0.999980000399992,0.05999880002399952,0.03999920001599968,0.0,0.03999920001599968,0.03999920001599968,0.03999920001599968,0.0,0.0,0.999980000399992,0.0,0.0,0.03999920001599968,0.03999920001599968,0.999980000399992,0.999980000399992,0.0,0.999980000399992,0.999980000399992,0.999980000399992,0.999980000399992,0.999980000399992,0.999980000399992,0.999980000399992,0.999980000399992,0.03999920001599968,0.999980000399992,0.05999880002399952,0.759984800303994,0.999980000399992,0.999980000399992,0.999980000399992,0.5399892002159957,0.5399892002159957,0.05999880002399952,0.999980000399992,0.05999880002399952,0.05999880002399952,0.05999880002399952,0.05999880002399952,0.05999880002399952,0.05999880002399952,0.999980000399992,0.1999960000799984,0.999980000399992,0.05999880002399952,0.35999280014399715,0.05999880002399952,0.05999880002399952,0.31999360012799744,0.5399892002159957,0.999980000399992,0.999980000399992,0.999980000399992,0.999980000399992,0.999980000399992,0.999980000399992,0.999980000399992,0.999980000399992,0.999980000399992,0.999980000399992,0.999980000399992,0.999980000399992,0.0,0.0,0.999980000399992
CTVA,0.0,0.0,0.0,0.0416649306278905,0.0416649306278905,0.0416649306278905,0.0416649306278905,0.0416649306278905,0.0416649306278905,0.0,0.0416649306278905,0.0416649306278905,0.0416649306278905,0.0416649306278905,0.0,0.0416649306278905,0.0,0.0,0.0,0.0,0.0,0.0,0.0,0.0,0.0,0.0416649306278905,0.999958335069372,0.0,0.0416649306278905,0.0,0.0,0.999958335069372,0.0,0.166659722511562,0.166659722511562,0.0416649306278905,0.0416649306278905,0.0,0.0416649306278905,0.0416649306278905,0.999958335069372,0.0416649306278905,0.0,0.0,0.0,0.0,0.0,0.0416649306278905,0.0416649306278905,0.0416649306278905,0.0416649306278905,0.0416649306278905,0.0,0.0,0.999958335069372,0.999958335069372,0.333319445023124,0.999958335069372,0.999958335069372,0.999958335069372,0.999958335069372,0.999958335069372,0.999958335069372,0.999958335069372,0.999958335069372,0.0,0.999958335069372,0.0416649306278905,0.0,0.999958335069372,0.999958335069372,0.999958335069372,0.0416649306278905,0.0416649306278905,0.0,0.0,0.0,0.0,0.0,0.0,0.0,0.0,0.999958335069372,0.999958335069372,0.0,0.0,0.999958335069372,0.2083246531394525,0.333319445023124,0.7916336819299196,0.0,0.999958335069372,0.999958335069372,0.999958335069372,0.999958335069372,0.999958335069372,0.999958335069372,0.999958335069372,0.999958335069372,0.999958335069372,0.999958335069372,0.999958335069372,0.999958335069372,0.0,0.0,0.999958335069372
CVNA,0.0,0.0,0.0,0.0,0.0,0.0,0.0,0.0,0.1739054823703317,0.1739054823703317,0.0,0.0,0.0,0.9999565236294073,0.0,0.0,0.0,0.0,0.1739054823703317,0.0,0.0,0.0,0.0,0.2608582235554976,0.0,0.0,0.0,0.0,0.0,0.0,0.0,0.6521455588887439,0.0,0.1739054823703317,0.1739054823703317,0.0,0.0,0.3478109647406634,0.0,0.9999565236294073,0.9999565236294073,0.1739054823703317,0.0,0.0,0.0,0.0,0.0,0.0,0.0,0.0,0.0,0.9999565236294073,0.0,0.0,0.9999565236294073,0.9999565236294073,0.0,0.9999565236294073,0.9999565236294073,0.9999565236294073,0.9999565236294073,0.9999565236294073,0.9999565236294073,0.9999565236294073,0.6956219294813268,0.0,0.9999565236294073,0.9999565236294073,0.0,0.9999565236294073,0.9999565236294073,0.9999565236294073,0.21738185296291465,0.21738185296291465,0.0,0.0,0.0,0.608669188296161,0.608669188296161,0.608669188296161,0.1739054823703317,0.0,0.9999565236294073,0.0,0.0,0.9999565236294073,0.9999565236294073,0.1739054823703317,0.1739054823703317,0.9999565236294073,0.9999565236294073,0.9999565236294073,0.9999565236294073,0.9999565236294073,0.9999565236294073,0.9999565236294073,0.9999565236294073,0.9999565236294073,0.9999565236294073,0.9999565236294073,0.9999565236294073,0.9999565236294073,0.9999565236294073,0.0,0.0,0.9999565236294073
CVS,0.0,0.0,0.0,0.018181487609316194,0.018181487609316194,0.018181487609316194,0.018181487609316194,0.018181487609316194,0.018181487609316194,0.03636297521863239,0.018181487609316194,0.018181487609316194,0.018181487609316194,0.9999818185123908,0.0,0.07272595043726478,0.0,0.03636297521863239,0.05454446282794859,0.03636297521863239,0.03636297521863239,0.03636297521863239,0.03636297521863239,0.03636297521863239,0.03636297521863239,0.9999818185123908,0.018181487609316194,0.0,0.05454446282794859,0.05454446282794859,0.05454446282794859,0.05454446282794859,0.07272595043726478,0.07272595043726478,0.07272595043726478,0.018181487609316194,0.018181487609316194,0.0,0.018181487609316194,0.018181487609316194,0.47271867784222105,0.19999636370247814,0.0,0.0,0.03636297521863239,0.0,0.0,0.018181487609316194,0.018181487609316194,0.018181487609316194,0.018181487609316194,0.018181487609316194,0.03636297521863239,0.03636297521863239,0.9999818185123908,0.23635933892111052,0.7818039672005964,0.9999818185123908,0.9999818185123908,0.5090816530608535,0.9999818185123908,0.49090016545153725,0.49090016545153725,0.7636224795912802,0.9999818185123908,0.03636297521863239,0.9999818185123908,0.4181742150142725,0.07272595043726478,0.9999818185123908,0.9999818185123908,0.6727150415446992,0.6181705787167506,0.6181705787167506,0.03636297521863239,0.03636297521863239,0.4181742150142725,0.14545190087452955,0.21817785131179435,0.21817785131179435,0.03636297521863239,0.03636297521863239,0.03636297521863239,0.18181487609316194,0.3090852893583753,0.03636297521863239,0.4181742150142725,0.49090016545153725,0.49090016545153725,0.9999818185123908,0.9999818185123908,0.9999818185123908,0.9999818185123908,0.9999818185123908,0.9999818185123908,0.8727114052471774,0.5818076034981182,0.9999818185123908,0.9999818185123908,0.9999818185123908,0.9999818185123908,0.9999818185123908,0.9999818185123908,0.0,0.0,0.9999818185123908
CVX,0.0,0.0,0.0,0.0,0.0,0.5094243504839532,0.5094243504839532,0.0,0.0,0.03773513707288542,0.5094243504839532,0.0,0.0,0.03773513707288542,0.0,0.056602705609328126,0.0,0.03773513707288542,0.03773513707288542,0.03773513707288542,0.03773513707288542,0.03773513707288542,0.03773513707288542,0.03773513707288542,0.03773513707288542,0.0,0.9999811324314636,0.01886756853644271,0.9999811324314636,0.0,0.0,0.9999811324314636,0.0,0.03773513707288542,0.03773513707288542,0.5094243504839532,0.5094243504839532,0.0,0.0,0.0,0.9999811324314636,0.9999811324314636,0.0,0.01886756853644271,0.01886756853644271,0.0,0.01886756853644271,0.0,0.0,0.03773513707288542,0.03773513707288542,0.03773513707288542,0.01886756853644271,0.01886756853644271,0.9999811324314636,0.9999811324314636,0.9999811324314636,0.9999811324314636,0.9999811324314636,0.9999811324314636,0.9999811324314636,0.9999811324314636,0.9999811324314636,0.9999811324314636,0.9999811324314636,0.01886756853644271,0.0,0.0,0.11320541121865625,0.9999811324314636,0.9999811324314636,0.11320541121865625,0.584894624629724,0.584894624629724,0.6414973302390521,0.03773513707288542,0.03773513707288542,0.1509405482915417,0.28301352804664065,0.33961623365596877,0.9999811324314636,0.03773513707288542,0.03773513707288542,0.03773513707288542,0.0,0.9999811324314636,0.9999811324314636,0.9999811324314636,0.9999811324314636,0.9999811324314636,0.9999811324314636,0.9999811324314636,0.9999811324314636,0.8113054470670366,0.9999811324314636,0.9999811324314636,0.9999811324314636,0.9999811324314636,0.9999811324314636,0.9999811324314636,0.9999811324314636,0.9999811324314636,0.9999811324314636,0.0,0.0,0.9999811324314636
D,0.0,0.0,0.0,0.0,0.0,0.9999791671006855,0.0,0.0,0.0,0.020832899314597614,0.0,0.0,0.0,0.9999791671006855,0.0,0.04166579862919523,0.020832899314597614,0.020832899314597614,0.020832899314597614,0.020832899314597614,0.020832899314597614,0.020832899314597614,0.020832899314597614,0.020832899314597614,0.020832899314597614,0.9999791671006855,0.12499739588758568,0.020832899314597614,0.0,0.0,0.0,0.0,0.020832899314597614,0.04166579862919523,0.04166579862919523,0.9999791671006855,0.9999791671006855,0.020832899314597614,0.0,0.0,0.08333159725839046,0.10416449657298807,0.0,0.0,0.0,0.0,0.0,0.0,0.0,0.0,0.0,0.0,0.0,0.020832899314597614,0.8333159725839046,0.9999791671006855,0.9999791671006855,0.9999791671006855,0.9999791671006855,0.9999791671006855,0.9999791671006855,0.9999791671006855,0.9999791671006855,0.9999791671006855,0.9999791671006855,0.020832899314597614,0.9999791671006855,0.08333159725839046,0.24999479177517137,0.9999791671006855,0.9999791671006855,0.6041540801233308,0.645819878752526,0.6249869794379284,0.020832899314597614,0.020832899314597614,0.020832899314597614,0.020832899314597614,0.020832899314597614,0.020832899314597614,0.020832899314597614,0.020832899314597614,0.9999791671006855,0.22916189246057375,0.12499739588758568,0.9999791671006855,0.020832899314597614,0.7083185766963188,0.9999791671006855,0.9999791671006855,0.645819878752526,0.9999791671006855,0.9999791671006855,0.9999791671006855,0.9999791671006855,0.9999791671006855,0.9999791671006855,0.9999791671006855,0.9999791671006855,0.9999791671006855,0.9999791671006855,0.020832899314597614,0.020832899314597614,0.0,0.0,0.9999791671006855
DAL,0.0,0.0,0.0,0.042552286121571886,0.0,0.9999787238569393,0.042552286121571886,0.042552286121571886,0.10638071530392972,0.1489330014255016,0.0,0.0,0.0,0.9999787238569393,0.0,0.06382842918235783,0.0,0.042552286121571886,0.042552286121571886,0.042552286121571886,0.042552286121571886,0.042552286121571886,0.042552286121571886,0.0,0.042552286121571886,0.0,0.0,0.0,0.5319035765196486,0.06382842918235783,0.0,0.0,0.021276143060785943,0.06382842918235783,0.042552286121571886,0.9999787238569393,0.9999787238569393,0.0,0.0,0.0,0.8935980085530095,0.06382842918235783,0.0,0.0,0.0,0.0,0.0,0.0,0.0,0.19148528754707347,0.0,0.0,0.0,0.0,0.9999787238569393,0.17020914448628754,0.9999787238569393,0.9999787238569393,0.9999787238569393,0.9999787238569393,0.9999787238569393,0.9999787238569393,0.9999787238569393,0.9999787238569393,0.9999787238569393,0.0,0.9999787238569393,0.06382842918235783,0.042552286121571886,0.361694432033361,0.9999787238569393,0.9999787238569393,0.5106274334588626,0.5106274334588626,0.042552286121571886,0.9999787238569393,0.042552286121571886,0.38297057509414695,0.4042467181549329,0.4042467181549329,0.042552286121571886,0.042552286121571886,0.042552286121571886,0.9999787238569393,0.9999787238569393,0.08510457224314377,0.9999787238569393,0.8723218654922236,0.9999787238569393,0.9999787238569393,0.9999787238569393,0.9999787238569393,0.9999787238569393,0.9999787238569393,0.9999787238569393,0.9999787238569393,0.9999787238569393,0.9999787238569393,0.9999787238569393,0.9999787238569393,0.9999787238569393,0.9999787238569393,0.9999787238569393,0.0,0.0,0.9999787238569393
DASH,0.0,0.0,0.0,0.0,0.0,0.0,0.0,0.0,0.06249609399412536,0.06249609399412536,0.0,0.0,0.0,0.0,0.0,0.06249609399412536,0.0,0.9999375039060058,0.9999375039060058,0.06249609399412536,0.06249609399412536,0.06249609399412536,0.06249609399412536,0.0,0.06249609399412536,0.0,0.0,0.0,0.37497656396475215,0.06249609399412536,0.06249609399412536,0.06249609399412536,0.06249609399412536,0.06249609399412536,0.06249609399412536,0.0,0.0,0.06249609399412536,0.0,0.0,0.9999375039060058,0.0,0.06249609399412536,0.0,0.06249609399412536,0.06249609399412536,0.06249609399412536,0.0,0.0,0.9999375039060058,0.0,0.0,0.0,0.06249609399412536,0.9999375039060058,0.9999375039060058,0.0,0.9999375039060058,0.9999375039060058,0.9999375039060058,0.9999375039060058,0.9999375039060058,0.9999375039060058,0.9999375039060058,0.9999375039060058,0.06249609399412536,0.9999375039060058,0.0,0.9999375039060058,0.9999375039060058,0.9999375039060058,0.9999375039060058,0.06249609399412536,0.9999375039060058,0.06249609399412536,0.9999375039060058,0.06249609399412536,0.9999375039060058,0.9999375039060058,0.9999375039060058,0.06249609399412536,0.06249609399412536,0.9374414099118804,0.9999375039060058,0.9999375039060058,0.9999375039060058,0.9999375039060058,0.06249609399412536,0.06249609399412536,0.9999375039060058,0.9999375039060058,0.9999375039060058,0.9999375039060058,0.9999375039060058,0.9999375039060058,0.9999375039060058,0.9999375039060058,0.9999375039060058,0.9999375039060058,0.9999375039060058,0.9999375039060058,0.9999375039060058,0.9999375039060058,0.0,0.0,0.9999375039060058
DD,0.0,0.0,0.0,0.0,0.0,0.0,0.0,0.0,0.0,0.0,0.0,0.0,0.0,0.0,0.0,0.11999520019199232,0.0,0.039998400063997436,0.039998400063997436,0.039998400063997436,0.0,0.039998400063997436,0.039998400063997436,0.0,0.0,0.0,0.0,0.0,0.0,0.039998400063997436,0.039998400063997436,0.9999600015999359,0.2799888004479821,0.039998400063997436,0.039998400063997436,0.0,0.0,0.0,0.0,0.0,0.0,0.0,0.0,0.0,0.0,0.0,0.0,0.0,0.0,0.9199632014719411,0.0,0.0,0.0,0.0,0.9999600015999359,0.9999600015999359,0.9999600015999359,0.9999600015999359,0.9999600015999359,0.9999600015999359,0.9999600015999359,0.9999600015999359,0.9999600015999359,0.9999600015999359,0.639974401023959,0.0,0.9999600015999359,0.0,0.039998400063997436,0.9999600015999359,0.9999600015999359,0.9999600015999359,0.19999200031998718,0.19999200031998718,0.039998400063997436,0.039998400063997436,0.19999200031998718,0.23999040038398464,0.23999040038398464,0.039998400063997436,0.039998400063997436,0.039998400063997436,0.5599776008959642,0.9999600015999359,0.0,0.5599776008959642,0.9999600015999359,0.039998400063997436,0.07999680012799487,0.07999680012799487,0.8399664013439462,0.9999600015999359,0.9999600015999359,0.9999600015999359,0.9999600015999359,0.9999600015999359,0.9999600015999359,0.9999600015999359,0.9999600015999359,0.9999600015999359,0.9999600015999359,0.9999600015999359,0.9999600015999359,0.0,0.0,0.9999600015999359
DDOG,0.0,0.0,0.0,0.0,0.0,0.0,0.0,0.0,0.09523356030665206,0.09523356030665206,0.0,0.0,0.0,0.0,0.0,0.0,0.0,0.9999523832198466,0.9999523832198466,0.0,0.0,0.0,0.0,0.0,0.0,0.0,0.0,0.0,0.14285034045997808,0.0,0.0,0.0,0.0,0.04761678015332603,0.04761678015332603,0.0,0.0,0.0,0.0,0.0,0.5237845816865864,0.0,0.0,0.0,0.0,0.0,0.0,0.0,0.0,0.9999523832198466,0.0,0.0,0.0,0.0,0.9999523832198466,0.9999523832198466,0.0,0.9999523832198466,0.9999523832198466,0.9999523832198466,0.9999523832198466,0.9999523832198466,0.9999523832198466,0.9999523832198466,0.9999523832198466,0.0,0.9999523832198466,0.0,0.9999523832198466,0.9999523832198466,0.9999523832198466,0.9999523832198466,0.09523356030665206,0.9999523832198466,0.0,0.9999523832198466,0.0,0.0,0.0,0.0,0.0,0.0,0.9999523832198466,0.9999523832198466,0.9999523832198466,0.9999523832198466,0.9999523832198466,0.0,0.0,0.0,0.19046712061330412,0.9999523832198466,0.9999523832198466,0.9999523832198466,0.9999523832198466,0.9999523832198466,0.9999523832198466,0.9999523832198466,0.9999523832198466,0.9999523832198466,0.9999523832198466,0.9999523832198466,0.9999523832198466,0.0,0.0,0.9999523832198466
DE,0.0,0.0,0.0,0.021276143060785943,0.021276143060785943,0.42552286121571886,0.06382842918235783,0.021276143060785943,0.021276143060785943,0.021276143060785943,0.06382842918235783,0.021276143060785943,0.021276143060785943,0.021276143060785943,0.0,0.042552286121571886,0.0,0.2765898597902172,0.5957320057020064,0.021276143060785943,0.021276143060785943,0.9999787238569393,0.9999787238569393,0.021276143060785943,0.021276143060785943,0.021276143060785943,0.021276143060785943,0.042552286121571886,0.021276143060785943,0.021276143060785943,0.021276143060785943,0.2765898597902172,0.042552286121571886,0.042552286121571886,0.042552286121571886,0.4893512903980767,0.42552286121571886,0.021276143060785943,0.021276143060785943,0.021276143060785943,0.2553137167294313,0.12765685836471566,0.021276143060785943,0.021276143060785943,0.042552286121571886,0.021276143060785943,0.021276143060785943,0.021276143060785943,0.021276143060785943,0.021276143060785943,0.021276143060785943,0.021276143060785943,0.042552286121571886,0.042552286121571886,0.9999787238569393,0.9999787238569393,0.021276143060785943,0.9999787238569393,0.9999787238569393,0.6595604348843642,0.9999787238569393,0.2553137167294313,0.9999787238569393,0.9999787238569393,0.5957320057020064,0.042552286121571886,0.9999787238569393,0.021276143060785943,0.9999787238569393,0.9999787238569393,0.9999787238569393,0.9999787238569393,0.5744558626412204,0.5744558626412204,0.9999787238569393,0.021276143060785943,0.9999787238569393,0.42552286121571886,0.9999787238569393,0.9999787238569393,0.021276143060785943,0.021276143060785943,0.021276143060785943,0.9999787238569393,0.042552286121571886,0.9999787238569393,0.9999787238569393,0.5319035765196486,0.9999787238569393,0.9999787238569393,0.5319035765196486,0.2765898597902172,0.9999787238569393,0.2765898597902172,0.9999787238569393,0.9999787238569393,0.9999787238569393,0.9999787238569393,0.9999787238569393,0.9999787238569393,0.9999787238569393,0.9999787238569393,0.9999787238569393,0.0,0.0,0.9999787238569393
DECK,0.0,0.0,0.0,0.4615295859695006,0.0,0.4615295859695006,0.4615295859695006,0.4615295859695006,0.0,0.0,0.0,0.0,0.0,0.0,0.0,0.03846079883079172,0.0,0.9999807696005847,0.34614718947712547,0.34614718947712547,0.0,0.0,0.0,0.0,0.0,0.0,0.0,0.0,0.8269071748620219,0.4615295859695006,0.0,0.0,0.0,0.5192207842156882,0.01923039941539586,0.0,0.0,0.0,0.0,0.4422991865541048,0.0,0.134612795907771,0.0,0.0,0.0,0.0,0.0,0.0,0.0,0.0,0.0,0.0,0.0,0.0,0.9999807696005847,0.9999807696005847,0.0,0.9999807696005847,0.9999807696005847,0.9999807696005847,0.9999807696005847,0.9999807696005847,0.9999807696005847,0.9999807696005847,0.9999807696005847,0.0,0.9999807696005847,0.6730639795388551,0.9999807696005847,0.9999807696005847,0.49999038480029234,0.9999807696005847,0.5576815830464799,0.9999807696005847,0.0,0.0,0.9999807696005847,0.0,0.057691198246187576,0.057691198246187576,0.0,0.0,0.9999807696005847,0.9999807696005847,0.7692159766158343,0.9230591719390012,0.9999807696005847,0.6922943789542509,0.9999807696005847,0.9999807696005847,0.9999807696005847,0.9999807696005847,0.9999807696005847,0.9999807696005847,0.9999807696005847,0.9999807696005847,0.9999807696005847,0.9999807696005847,0.9999807696005847,0.9999807696005847,0.9999807696005847,0.9999807696005847,0.9999807696005847,0.0,0.0,0.9999807696005847
DELL,0.0,0.0,0.0,0.0,0.0,0.0,0.0,0.0,0.499984375488266,0.5624824224242992,0.0,0.0,0.0,0.0,0.0,0.0,0.0,0.06249804693603325,0.06249804693603325,0.06249804693603325,0.06249804693603325,0.06249804693603325,0.06249804693603325,0.0,0.06249804693603325,0.0,0.0,0.0,0.0,0.0,0.0,0.0,0.0,0.06249804693603325,0.06249804693603325,0.0,0.0,0.0,0.0,0.0,0.999968750976532,0.0,0.031249023468016626,0.031249023468016626,0.031249023468016626,0.0,0.0,0.0,0.0,0.0,0.0,0.0,0.031249023468016626,0.031249023468016626,0.999968750976532,0.999968750976532,0.3124902346801663,0.999968750976532,0.999968750976532,0.999968750976532,0.999968750976532,0.999968750976532,0.999968750976532,0.999968750976532,0.4062373050842161,0.031249023468016626,0.999968750976532,0.0,0.06249804693603325,0.999968750976532,0.999968750976532,0.999968750976532,0.3437392581481829,0.999968750976532,0.06249804693603325,0.06249804693603325,0.06249804693603325,0.06249804693603325,0.06249804693603325,0.06249804693603325,0.06249804693603325,0.06249804693603325,0.06249804693603325,0.999968750976532,0.06249804693603325,0.9062216805724822,0.3124902346801663,0.06249804693603325,0.06249804693603325,0.06249804693603325,0.3124902346801663,0.999968750976532,0.999968750976532,0.6562294928283492,0.999968750976532,0.999968750976532,0.999968750976532,0.999968750976532,0.999968750976532,0.999968750976532,0.999968750976532,0.999968750976532,0.999968750976532,0.0,0.0,0.999968750976532
DG,0.0,0.0,0.0,0.3777693829026022,0.33332592609053135,0.3777693829026022,0.3777693829026022,0.3777693829026022,0.33332592609053135,0.0,0.0,0.0,0.0,0.9999777782715941,0.0,0.022221728406035424,0.0,0.0,0.6888735805870981,0.0,0.0,0.0,0.0,0.0,0.0,0.0,0.0,0.0,0.11110864203017712,0.3777693829026022,0.2888824692784605,0.0,0.0,0.3777693829026022,0.3777693829026022,0.0,0.0,0.0,0.06666518521810627,0.0,0.888869136241417,0.6222083953689919,0.0,0.0,0.0,0.0,0.0,0.0,0.0,0.9999777782715941,0.9999777782715941,0.0,0.0,0.0,0.9999777782715941,0.9999777782715941,0.9999777782715941,0.9999777782715941,0.9999777782715941,0.9999777782715941,0.9999777782715941,0.9999777782715941,0.9999777782715941,0.9999777782715941,0.9999777782715941,0.0,0.9999777782715941,0.0,0.0,0.9999777782715941,0.9999777782715941,0.9999777782715941,0.4666562965267439,0.7777604942112398,0.9999777782715941,0.0,0.0,0.0,0.022221728406035424,0.022221728406035424,0.0,0.0,0.9999777782715941,0.9999777782715941,0.9999777782715941,0.9999777782715941,0.9999777782715941,0.9999777782715941,0.9999777782715941,0.9999777782715941,0.9999777782715941,0.9999777782715941,0.9999777782715941,0.9999777782715941,0.9999777782715941,0.9999777782715941,0.9999777782715941,0.9999777782715941,0.9999777782715941,0.9999777782715941,0.9999777782715941,0.9999777782715941,0.9999777782715941,0.0,0.0,0.9999777782715941
DGX,0.0,0.0,0.0,0.0,0.0,0.0,0.0,0.0,0.0,0.043477315710528035,0.0,0.0,0.0,0.9999782613421447,0.0,0.06521597356579205,0.0,0.043477315710528035,0.043477315710528035,0.043477315710528035,0.043477315710528035,0.043477315710528035,0.043477315710528035,0.043477315710528035,0.043477315710528035,0.0,0.0,0.0,0.2608638942631682,0.0,0.0,0.0,0.021738657855264017,0.06521597356579205,0.06521597356579205,0.0,0.0,0.0,0.0,0.06521597356579205,0.8260689985000327,0.0,0.0,0.0,0.021738657855264017,0.021738657855264017,0.021738657855264017,0.0,0.0,0.9999782613421447,0.19564792069737616,0.0,0.021738657855264017,0.021738657855264017,0.32607986782896026,0.2391252364079042,0.021738657855264017,0.9999782613421447,0.9999782613421447,0.9999782613421447,0.9999782613421447,0.9999782613421447,0.9999782613421447,0.9999782613421447,0.9999782613421447,0.021738657855264017,0.9999782613421447,0.0,0.043477315710528035,0.9999782613421447,0.9999782613421447,0.9999782613421447,0.5434664463816005,0.5434664463816005,0.043477315710528035,0.043477315710528035,0.043477315710528035,0.043477315710528035,0.06521597356579205,0.06521597356579205,0.043477315710528035,0.043477315710528035,0.043477315710528035,0.9999782613421447,0.043477315710528035,0.9999782613421447,0.9999782613421447,0.9999782613421447,0.9999782613421447,0.9999782613421447,0.9999782613421447,0.9999782613421447,0.9999782613421447,0.9999782613421447,0.9999782613421447,0.9999782613421447,0.9999782613421447,0.9999782613421447,0.9999782613421447,0.9999782613421447,0.9999782613421447,0.9999782613421447,0.9999782613421447,0.0,0.0,0.9999782613421447
DHI,0.0,0.0,0.0,0.019607458677280837,0.0,0.33332679751377425,0.33332679751377425,0.019607458677280837,0.0,0.019607458677280837,0.33332679751377425,0.0,0.0,0.9999803925413228,0.0,0.039214917354561674,0.0,0.9999803925413228,0.9999803925413228,0.039214917354561674,0.019607458677280837,0.9999803925413228,0.9999803925413228,0.2941118801592126,0.019607458677280837,0.3725417148683359,0.13725221074096586,0.019607458677280837,0.5882237603184252,0.039214917354561674,0.0,0.9999803925413228,0.019607458677280837,0.039214917354561674,0.039214917354561674,0.3725417148683359,0.33332679751377425,0.019607458677280837,0.0,0.0,0.9999803925413228,0.9999803925413228,0.0,0.019607458677280837,0.019607458677280837,0.019607458677280837,0.019607458677280837,0.0,0.0,0.9999803925413228,0.9999803925413228,0.0,0.0,0.019607458677280837,0.9999803925413228,0.9999803925413228,0.9999803925413228,0.9999803925413228,0.9999803925413228,0.9999803925413228,0.9999803925413228,0.9999803925413228,0.9999803925413228,0.9999803925413228,0.9999803925413228,0.019607458677280837,0.9999803925413228,0.07842983470912335,0.9999803925413228,0.9999803925413228,0.039214917354561674,0.9999803925413228,0.5294013842865827,0.9999803925413228,0.9999803925413228,0.9999803925413228,0.9999803925413228,0.039214917354561674,0.3921491735456168,0.3921491735456168,0.9999803925413228,0.019607458677280837,0.019607458677280837,0.019607458677280837,0.019607458677280837,0.9999803925413228,0.9999803925413228,0.039214917354561674,0.9999803925413228,0.9999803925413228,0.9999803925413228,0.9999803925413228,0.9999803925413228,0.4117566322228976,0.9999803925413228,0.9999803925413228,0.9999803925413228,0.9999803925413228,0.9019430991549185,0.9999803925413228,0.9999803925413228,0.9999803925413228,0.9999803925413228,0.0,0.0,0.9999803925413228
DHR,0.0,0.0,0.0,0.03636297521863239,0.03636297521863239,0.03636297521863239,0.03636297521863239,0.03636297521863239,0.03636297521863239,0.03636297521863239,0.03636297521863239,0.03636297521863239,0.03636297521863239,0.03636297521863239,0.03636297521863239,0.03636297521863239,0.0,0.03636297521863239,0.03636297521863239,0.03636297521863239,0.03636297521863239,0.03636297521863239,0.03636297521863239,0.03636297521863239,0.03636297521863239,0.03636297521863239,0.03636297521863239,0.03636297521863239,0.03636297521863239,0.0,0.0,0.0,0.018181487609316194,0.03636297521863239,0.03636297521863239,0.03636297521863239,0.03636297521863239,0.0,0.03636297521863239,0.03636297521863239,0.03636297521863239,0.03636297521863239,0.03636297521863239,0.03636297521863239,0.03636297521863239,0.03636297521863239,0.03636297521863239,0.03636297521863239,0.03636297521863239,0.03636297521863239,0.03636297521863239,0.03636297521863239,0.03636297521863239,0.03636297521863239,0.9999818185123908,0.9999818185123908,0.03636297521863239,0.9999818185123908,0.9999818185123908,0.9999818185123908,0.9999818185123908,0.9999818185123908,0.9999818185123908,0.9999818185123908,0.9999818185123908,0.03636297521863239,0.9999818185123908,0.12727041326521338,0.03636297521863239,0.9090743804658098,0.9999818185123908,0.6363520663260668,0.5818076034981182,0.9999818185123908,0.03636297521863239,0.03636297521863239,0.9999818185123908,0.03636297521863239,0.03636297521863239,0.03636297521863239,0.03636297521863239,0.03636297521863239,0.8727114052471774,0.654533553935383,0.09090743804658097,0.9999818185123908,0.9999818185123908,0.2909038017490591,0.2909038017490591,0.2909038017490591,0.5272631406701697,0.9999818185123908,0.9999818185123908,0.9999818185123908,0.9999818185123908,0.9999818185123908,0.9999818185123908,0.9999818185123908,0.9999818185123908,0.9999818185123908,0.9999818185123908,0.9999818185123908,0.9999818185123908,0.0,0.0,0.9999818185123908
DIS,0.0,0.0,0.0,0.0,0.0,0.9999545475205672,0.0,0.0,0.0,0.0,0.0,0.0,0.0,0.9999545475205672,0.0,0.0909049588655061,0.0,0.0,0.0,0.0,0.0,0.0,0.0,0.0,0.0,0.0,0.0,0.0,0.0,0.04545247943275305,0.04545247943275305,0.04545247943275305,0.04545247943275305,0.04545247943275305,0.04545247943275305,0.9999545475205672,0.9999545475205672,0.0,0.0,0.0,0.9999545475205672,0.0,0.0,0.0,0.0,0.0,0.0,0.0,0.0,0.0,0.0,0.0,0.0,0.0,0.9999545475205672,0.9999545475205672,0.9999545475205672,0.9999545475205672,0.9999545475205672,0.9999545475205672,0.9999545475205672,0.9999545475205672,0.9999545475205672,0.9999545475205672,0.5454297531930367,0.0,0.9999545475205672,0.0,0.0,0.9999545475205672,0.9999545475205672,0.9999545475205672,0.7726921503568019,0.13635743829825916,0.0,0.0,0.0,0.0,0.0,0.0,0.0,0.0,0.0,0.0,0.0,0.9999545475205672,0.0,0.0,0.0,0.13635743829825916,0.0909049588655061,0.9999545475205672,0.9999545475205672,0.9999545475205672,0.9999545475205672,0.9999545475205672,0.9999545475205672,0.9999545475205672,0.9999545475205672,0.9999545475205672,0.9999545475205672,0.9999545475205672,0.9999545475205672,0.0,0.0,0.9999545475205672
DLR,0.0,0.0,0.0,0.0,0.0,0.9999795922532194,0.0,0.0,0.0,0.0,0.0,0.0,0.0,0.9999795922532194,0.0,0.040815493561355894,0.0,0.7959021244464399,0.9999795922532194,0.7959021244464399,0.0,0.9999795922532194,0.9999795922532194,0.28570845492949126,0.0,0.0,0.9999795922532194,0.020407746780677947,0.0,0.020407746780677947,0.020407746780677947,0.020407746780677947,0.040815493561355894,0.040815493561355894,0.040815493561355894,0.9999795922532194,0.9999795922532194,0.0,0.0,0.9591640986918635,0.5918246566396604,0.32652394849084715,0.0,0.020407746780677947,0.0,0.020407746780677947,0.020407746780677947,0.0,0.0,0.9999795922532194,0.32652394849084715,0.0,0.0,0.020407746780677947,0.9999795922532194,0.9999795922532194,0.32652394849084715,0.9999795922532194,0.9999795922532194,0.9999795922532194,0.9999795922532194,0.9999795922532194,0.9999795922532194,0.9999795922532194,0.4081549356135589,0.020407746780677947,0.9999795922532194,0.9999795922532194,0.7959021244464399,0.9999795922532194,0.9591640986918635,0.9999795922532194,0.5101936695169487,0.5101936695169487,0.9999795922532194,0.9999795922532194,0.9999795922532194,0.9999795922532194,0.9999795922532194,0.9999795922532194,0.755086630885084,0.36733944205220304,0.9999795922532194,0.387747188832881,0.0,0.9999795922532194,0.9999795922532194,0.9999795922532194,0.9999795922532194,0.9999795922532194,0.9999795922532194,0.9999795922532194,0.9999795922532194,0.9999795922532194,0.9999795922532194,0.9999795922532194,0.9999795922532194,0.0,0.0,0.9999795922532194,0.9999795922532194,0.9999795922532194,0.9999795922532194,0.0,0.0,0.9999795922532194
DLTR,0.0,0.0,0.0,0.4489704291749148,0.0,0.4489704291749148,0.4489704291749148,0.4489704291749148,0.0,0.0,0.0,0.0,0.0,0.9999795922532194,0.0,0.040815493561355894,0.0,0.0,0.0,0.0,0.0,0.0,0.0,0.0,0.0,0.0,0.0,0.0,0.9999795922532194,0.4489704291749148,0.0,0.0,0.020407746780677947,0.4693781759555928,0.040815493561355894,0.0,0.0,0.0,0.0,0.0,0.9999795922532194,0.8571253647884738,0.0,0.0,0.0,0.0,0.0,0.0,0.0,0.9999795922532194,0.9999795922532194,0.0,0.0,0.0,0.9999795922532194,0.4081549356135589,0.8163098712271178,0.9999795922532194,0.9999795922532194,0.9999795922532194,0.9999795922532194,0.9999795922532194,0.9999795922532194,0.9999795922532194,0.9999795922532194,0.0,0.9999795922532194,0.0,0.4489704291749148,0.9999795922532194,0.9999795922532194,0.9999795922532194,0.5510091630783045,0.9999795922532194,0.8979408583498296,0.9999795922532194,0.0,0.0,0.040815493561355894,0.040815493561355894,0.8571253647884738,0.040815493561355894,0.9999795922532194,0.9999795922532194,0.9999795922532194,0.4897859227362707,0.9999795922532194,0.9999795922532194,0.9999795922532194,0.9999795922532194,0.9999795922532194,0.9999795922532194,0.9999795922532194,0.9999795922532194,0.9999795922532194,0.9999795922532194,0.9999795922532194,0.9999795922532194,0.9999795922532194,0.9999795922532194,0.9999795922532194,0.9999795922532194,0.9999795922532194,0.0,0.0,0.9999795922532194
DOC,0.0,0.0,0.0,0.0,0.0,0.4545371902329049,0.4545371902329049,0.0,0.0,0.05454446282794859,0.4545371902329049,0.0,0.0,0.9999818185123908,0.0,0.07272595043726478,0.0,0.12727041326521338,0.9999818185123908,0.12727041326521338,0.05454446282794859,0.9999818185123908,0.9999818185123908,0.07272595043726478,0.05454446282794859,0.0,0.0,0.0,0.0,0.018181487609316194,0.018181487609316194,0.9999818185123908,0.03636297521863239,0.05454446282794859,0.05454446282794859,0.4545371902329049,0.4545371902329049,0.0,0.0,0.0,0.9999818185123908,0.9999818185123908,0.0,0.03636297521863239,0.03636297521863239,0.03636297521863239,0.03636297521863239,0.0,0.0,0.9999818185123908,0.0,0.0,0.03636297521863239,0.03636297521863239,0.9999818185123908,0.9999818185123908,0.7818039672005964,0.9999818185123908,0.9999818185123908,0.9999818185123908,0.9999818185123908,0.9999818185123908,0.9999818185123908,0.9999818185123908,0.0,0.03636297521863239,0.9999818185123908,0.9999818185123908,0.12727041326521338,0.9999818185123908,0.9999818185123908,0.9999818185123908,0.5090816530608535,0.9999818185123908,0.9999818185123908,0.9999818185123908,0.9999818185123908,0.9999818185123908,0.836348430028545,0.9999818185123908,0.05454446282794859,0.9999818185123908,0.9999818185123908,0.8181669424192288,0.05454446282794859,0.9999818185123908,0.9999818185123908,0.05454446282794859,0.9999818185123908,0.9999818185123908,0.9999818185123908,0.3636297521863239,0.9999818185123908,0.3090852893583753,0.9999818185123908,0.9999818185123908,0.9999818185123908,0.05454446282794859,0.9999818185123908,0.9999818185123908,0.9999818185123908,0.9999818185123908,0.9999818185123908,0.0,0.0,0.9999818185123908
DOV,0.0,0.0,0.0,0.0,0.0,0.0,0.0,0.0,0.0,0.0,0.0,0.0,0.0,0.0,0.0,0.040815493561355894,0.0,0.0,0.0,0.0,0.0,0.0,0.0,0.0,0.0,0.0,0.0,0.0,0.36733944205220304,0.0,0.0,0.0,0.0,0.020407746780677947,0.020407746780677947,0.0,0.0,0.0,0.0,0.0,0.9999795922532194,0.14285422746474563,0.0,0.0,0.0,0.0,0.0,0.0,0.0,0.0,0.0,0.0,0.0,0.0,0.9999795922532194,0.775494377665762,0.0,0.9999795922532194,0.9999795922532194,0.9999795922532194,0.9999795922532194,0.9999795922532194,0.9999795922532194,0.9999795922532194,0.9999795922532194,0.0,0.9999795922532194,0.14285422746474563,0.06122324034203384,0.5306014162976266,0.9999795922532194,0.2244852145874574,0.6122324034203384,0.6122324034203384,0.0,0.0,0.0,0.0,0.06122324034203384,0.06122324034203384,0.0,0.0,0.0,0.0,0.9999795922532194,0.6122324034203384,0.9999795922532194,0.06122324034203384,0.06122324034203384,0.06122324034203384,0.5918246566396604,0.9999795922532194,0.9999795922532194,0.9999795922532194,0.9999795922532194,0.9999795922532194,0.9999795922532194,0.9999795922532194,0.9999795922532194,0.9999795922532194,0.9999795922532194,0.9999795922532194,0.9999795922532194,0.0,0.0,0.9999795922532194
DOW,0.0,0.0,0.0,0.0,0.0,0.0,0.0,0.0,0.0,0.0,0.0,0.0,0.0,0.0,0.0,0.1578864270301563,0.0,0.0,0.2105152360402084,0.0,0.0,0.0,0.0,0.0,0.0,0.0,0.0,0.0,0.9999473711909899,0.0,0.0,0.9999473711909899,0.0,0.0,0.0,0.0,0.0,0.0,0.0,0.0,0.9999473711909899,0.0,0.0,0.0,0.0,0.0,0.0,0.0,0.0,0.0,0.0,0.0,0.0,0.0,0.9999473711909899,0.9999473711909899,0.9999473711909899,0.9999473711909899,0.9999473711909899,0.9999473711909899,0.9999473711909899,0.9999473711909899,0.9999473711909899,0.9999473711909899,0.9999473711909899,0.0,0.9999473711909899,0.0,0.0,0.9999473711909899,0.9999473711909899,0.9999473711909899,0.1052576180201042,0.1052576180201042,0.0,0.0,0.9999473711909899,0.0,0.0,0.0,0.0,0.0,0.1052576180201042,0.9999473711909899,0.0,0.5789168991105731,0.9999473711909899,0.0,0.0,0.0,0.2105152360402084,0.9999473711909899,0.9999473711909899,0.9999473711909899,0.9999473711909899,0.9999473711909899,0.9999473711909899,0.9999473711909899,0.9999473711909899,0.9999473711909899,0.9999473711909899,0.9999473711909899,0.9999473711909899,0.0,0.0,0.9999473711909899
DPZ,0.0,0.0,0.0,0.019607458677280837,0.019607458677280837,0.019607458677280837,0.019607458677280837,0.019607458677280837,0.9999803925413228,0.9999803925413228,0.019607458677280837,0.019607458677280837,0.019607458677280837,0.9999803925413228,0.019607458677280837,0.019607458677280837,0.0,0.019607458677280837,0.6862610537048294,0.019607458677280837,0.019607458677280837,0.019607458677280837,0.019607458677280837,0.019607458677280837,0.019607458677280837,0.019607458677280837,0.019607458677280837,0.019607458677280837,0.019607458677280837,0.0,0.0,0.0,0.0,0.05882237603184252,0.05882237603184252,0.019607458677280837,0.019607458677280837,0.0,0.019607458677280837,0.019607458677280837,0.019607458677280837,0.6274386776729868,0.019607458677280837,0.019607458677280837,0.019607458677280837,0.019607458677280837,0.019607458677280837,0.019607458677280837,0.019607458677280837,0.9999803925413228,0.019607458677280837,0.019607458677280837,0.019607458677280837,0.019607458677280837,0.9999803925413228,0.9999803925413228,0.07842983470912335,0.9999803925413228,0.9999803925413228,0.9999803925413228,0.9999803925413228,0.9999803925413228,0.9999803925413228,0.9999803925413228,0.9999803925413228,0.019607458677280837,0.9999803925413228,0.9999803925413228,0.019607458677280837,0.9999803925413228,0.9999803925413228,0.9999803925413228,0.5294013842865827,0.5097939256093018,0.019607458677280837,0.019607458677280837,0.019607458677280837,0.019607458677280837,0.019607458677280837,0.019607458677280837,0.7058685123821102,0.019607458677280837,0.9999803925413228,0.5490088429638634,0.9999803925413228,0.9999803925413228,0.9999803925413228,0.4509715495774593,0.4509715495774593,0.4509715495774593,0.6666535950275485,0.9999803925413228,0.9999803925413228,0.9999803925413228,0.9999803925413228,0.9999803925413228,0.9999803925413228,0.9999803925413228,0.9999803925413228,0.9999803925413228,0.9999803925413228,0.9999803925413228,0.9999803925413228,0.0,0.0,0.9999803925413228
DRI,0.0,0.0,0.0,0.0,0.0,0.0,0.0,0.0,0.0,0.0,0.0,0.0,0.0,0.9999782613421447,0.0,0.043477315710528035,0.0,0.0,0.0,0.0,0.0,0.0,0.0,0.0,0.0,0.0,0.0,0.0,0.0,0.0,0.0,0.3695571835394883,0.0,0.021738657855264017,0.021738657855264017,0.6086824199473925,0.0,0.0,0.0,0.0,0.9999782613421447,0.9999782613421447,0.0,0.0,0.0,0.0,0.0,0.0,0.0,0.0,0.0,0.0,0.0,0.0,0.9999782613421447,0.9999782613421447,0.9999782613421447,0.9999782613421447,0.9999782613421447,0.9999782613421447,0.9999782613421447,0.9999782613421447,0.9999782613421447,0.9999782613421447,0.9999782613421447,0.0,0.9999782613421447,0.0,0.043477315710528035,0.9999782613421447,0.9999782613421447,0.9999782613421447,0.5869437620921285,0.5869437620921285,0.0,0.0,0.0,0.2608638942631682,0.2608638942631682,0.0,0.043477315710528035,0.0,0.3478185256842243,0.10869328927632009,0.9999782613421447,0.9999782613421447,0.9999782613421447,0.0,0.2391252364079042,0.5434664463816005,0.9999782613421447,0.9999782613421447,0.9999782613421447,0.9999782613421447,0.9999782613421447,0.9999782613421447,0.9999782613421447,0.9999782613421447,0.9999782613421447,0.9999782613421447,0.9999782613421447,0.9999782613421447,0.9999782613421447,0.0,0.0,0.9999782613421447
DTE,0.0,0.0,0.0,0.15384319532316687,0.0,0.9999807696005847,0.15384319532316687,0.15384319532316687,0.0,0.03846079883079172,0.0,0.0,0.0,0.9999807696005847,0.0,0.07692159766158344,0.0,0.03846079883079172,0.03846079883079172,0.03846079883079172,0.03846079883079172,0.03846079883079172,0.03846079883079172,0.03846079883079172,0.03846079883079172,0.9999807696005847,0.7115247783696468,0.01923039941539586,0.0,0.17307359473856274,0.0,0.0,0.01923039941539586,0.17307359473856274,0.057691198246187576,0.9999807696005847,0.9999807696005847,0.0,0.0,0.0,0.0,0.03846079883079172,0.0,0.0,0.0,0.0,0.0,0.0,0.0,0.03846079883079172,0.03846079883079172,0.03846079883079172,0.01923039941539586,0.01923039941539586,0.9999807696005847,0.9999807696005847,0.8461375742774178,0.9999807696005847,0.9999807696005847,0.9999807696005847,0.9999807696005847,0.9999807696005847,0.9999807696005847,0.9999807696005847,0.6346031807080633,0.01923039941539586,0.9999807696005847,0.0,0.03846079883079172,0.9999807696005847,0.9999807696005847,0.9422895713543971,0.5769119824618758,0.5769119824618758,0.03846079883079172,0.9999807696005847,0.03846079883079172,0.03846079883079172,0.03846079883079172,0.03846079883079172,0.03846079883079172,0.03846079883079172,0.9999807696005847,0.9999807696005847,0.03846079883079172,0.9999807696005847,0.03846079883079172,0.538451183631084,0.9038287725236054,0.9999807696005847,0.6538335801234592,0.9999807696005847,0.9999807696005847,0.9038287725236054,0.9999807696005847,0.9999807696005847,0.9999807696005847,0.9999807696005847,0.9999807696005847,0.9999807696005847,0.9999807696005847,0.03846079883079172,0.03846079883079172,0.0,0.0,0.9999807696005847
DUK,0.0,0.0,0.0,0.0,0.0,0.6908965291540154,0.0,0.0,0.0,0.03636297521863239,0.0,0.0,0.0,0.9999818185123908,0.0,0.07272595043726478,0.0,0.03636297521863239,0.03636297521863239,0.03636297521863239,0.03636297521863239,0.03636297521863239,0.03636297521863239,0.03636297521863239,0.03636297521863239,0.9999818185123908,0.03636297521863239,0.0,0.0,0.0,0.0,0.0,0.03636297521863239,0.05454446282794859,0.05454446282794859,0.6908965291540154,0.6908965291540154,0.0,0.0,0.03636297521863239,0.9999818185123908,0.5454446282794858,0.0,0.018181487609316194,0.018181487609316194,0.0,0.0,0.0,0.0,0.0,0.0,0.0,0.018181487609316194,0.018181487609316194,0.9999818185123908,0.9999818185123908,0.654533553935383,0.9999818185123908,0.9999818185123908,0.9999818185123908,0.9999818185123908,0.9999818185123908,0.9999818185123908,0.9999818185123908,0.9999818185123908,0.018181487609316194,0.9999818185123908,0.09090743804658097,0.09090743804658097,0.9999818185123908,0.9999818185123908,0.8545299176378611,0.5818076034981182,0.5818076034981182,0.03636297521863239,0.7818039672005964,0.03636297521863239,0.03636297521863239,0.03636297521863239,0.5272631406701697,0.03636297521863239,0.03636297521863239,0.9999818185123908,0.9454373556844421,0.03636297521863239,0.654533553935383,0.8545299176378611,0.9454373556844421,0.9999818185123908,0.9999818185123908,0.9999818185123908,0.9999818185123908,0.9999818185123908,0.9999818185123908,0.9999818185123908,0.9999818185123908,0.9999818185123908,0.9999818185123908,0.9999818185123908,0.9999818185123908,0.9999818185123908,0.03636297521863239,0.12727041326521338,0.0,0.0,0.9999818185123908
DVA,0.0,0.0,0.0,0.4285626823942369,0.0,0.9999795922532194,0.4285626823942369,0.4285626823942369,0.10203873390338973,0.10203873390338973,0.0,0.0,0.0,0.9999795922532194,0.0,0.020407746780677947,0.0,0.0,0.6326401502010164,0.0,0.0,0.0,0.0,0.0,0.0,0.0,0.0,0.0,0.20407746780677946,0.4489704291749148,0.0,0.0,0.0,0.4489704291749148,0.040815493561355894,0.9999795922532194,0.9999795922532194,0.0,0.0,0.0,0.9999795922532194,0.0,0.0,0.0,0.0,0.0,0.0,0.0,0.0,0.0,0.0,0.0,0.0,0.0,0.9999795922532194,0.9999795922532194,0.4285626823942369,0.9999795922532194,0.9999795922532194,0.9999795922532194,0.9999795922532194,0.9999795922532194,0.9999795922532194,0.9999795922532194,0.9999795922532194,0.0,0.9999795922532194,0.0,0.040815493561355894,0.9999795922532194,0.9999795922532194,0.9999795922532194,0.5714169098589825,0.5714169098589825,0.0,0.0,0.0,0.0,0.040815493561355894,0.040815493561355894,0.0,0.0,0.040815493561355894,0.24489296136813535,0.0,0.6122324034203384,0.36733944205220304,0.9999795922532194,0.9999795922532194,0.9999795922532194,0.9999795922532194,0.9999795922532194,0.9999795922532194,0.9999795922532194,0.9999795922532194,0.9999795922532194,0.9999795922532194,0.9999795922532194,0.9999795922532194,0.9999795922532194,0.9999795922532194,0.9999795922532194,0.9999795922532194,0.0,0.0,0.9999795922532194
DVN,0.0,0.0,0.0,0.0,0.0,0.7499855772004385,0.4422991865541048,0.0,0.0,0.01923039941539586,0.4422991865541048,0.0,0.0,0.9999807696005847,0.0,0.07692159766158344,0.0,0.01923039941539586,0.01923039941539586,0.01923039941539586,0.01923039941539586,0.01923039941539586,0.01923039941539586,0.01923039941539586,0.01923039941539586,0.0,0.01923039941539586,0.0,0.3269167900617296,0.0,0.0,0.6922943789542509,0.0,0.03846079883079172,0.03846079883079172,0.7499855772004385,0.7499855772004385,0.19230399415395857,0.0,0.0,0.6730639795388551,0.9999807696005847,0.0,0.0,0.0,0.0,0.0,0.0,0.0,0.9999807696005847,0.01923039941539586,0.269225591815542,0.0,0.0,0.9999807696005847,0.9999807696005847,0.9999807696005847,0.9999807696005847,0.9999807696005847,0.9999807696005847,0.9999807696005847,0.9999807696005847,0.9999807696005847,0.9999807696005847,0.9999807696005847,0.0,0.4422991865541048,0.0,0.7307551777850426,0.4230687871387089,0.7884463760312302,0.09615199707697929,0.6730639795388551,0.6730639795388551,0.01923039941539586,0.49999038480029234,0.9999807696005847,0.01923039941539586,0.3653775888925213,0.3653775888925213,0.6922943789542509,0.01923039941539586,0.5192207842156882,0.9999807696005847,0.34614718947712547,0.8269071748620219,0.9999807696005847,0.9999807696005847,0.9999807696005847,0.9999807696005847,0.9999807696005847,0.9999807696005847,0.9999807696005847,0.9999807696005847,0.9999807696005847,0.9999807696005847,0.9999807696005847,0.9999807696005847,0.9999807696005847,0.17307359473856274,0.17307359473856274,0.9999807696005847,0.9999807696005847,0.0,0.0,0.9999807696005847
DXCM,0.0,0.0,0.0,0.0,0.0,0.0,0.0,0.0,0.04444345681207085,0.04444345681207085,0.0,0.0,0.0,0.0,0.0,0.06666518521810627,0.0,0.733317037399169,0.9999777782715941,0.733317037399169,0.04444345681207085,0.04444345681207085,0.04444345681207085,0.06666518521810627,0.04444345681207085,0.0,0.0,0.0,0.0,0.0,0.0,0.0,0.022221728406035424,0.04444345681207085,0.04444345681207085,0.0,0.0,0.15555209884224797,0.04444345681207085,0.04444345681207085,0.6444301237750273,0.2666607408724251,0.0,0.0,0.0,0.0,0.0,0.0,0.0,0.0,0.0,0.0,0.0,0.0,0.9999777782715941,0.9999777782715941,0.9999777782715941,0.9999777782715941,0.9999777782715941,0.9999777782715941,0.9999777782715941,0.9999777782715941,0.9999777782715941,0.9999777782715941,0.9999777782715941,0.0,0.9999777782715941,0.0,0.733317037399169,0.9999777782715941,0.9999777782715941,0.9999777782715941,0.4666562965267439,0.4666562965267439,0.2666607408724251,0.04444345681207085,0.9999777782715941,0.22221728406035424,0.22221728406035424,0.22221728406035424,0.2888824692784605,0.04444345681207085,0.4444345681207085,0.04444345681207085,0.9999777782715941,0.9999777782715941,0.7110953089931336,0.04444345681207085,0.04444345681207085,0.22221728406035424,0.9999777782715941,0.9999777782715941,0.9999777782715941,0.9999777782715941,0.9999777782715941,0.9999777782715941,0.9999777782715941,0.9999777782715941,0.9999777782715941,0.9999777782715941,0.9999777782715941,0.9999777782715941,0.9999777782715941,0.0,0.0,0.9999777782715941
EA,0.0,0.0,0.0,0.0,0.0,0.0,0.0,0.0,0.0,0.01999960000799984,0.0,0.0,0.0,0.999980000399992,0.0,0.05999880002399952,0.0,0.999980000399992,0.999980000399992,0.01999960000799984,0.01999960000799984,0.01999960000799984,0.01999960000799984,0.01999960000799984,0.01999960000799984,0.0,0.0,0.0,0.0999980000399992,0.0,0.0,0.0,0.0,0.01999960000799984,0.01999960000799984,0.0,0.0,0.03999920001599968,0.0,0.0,0.999980000399992,0.0,0.01999960000799984,0.01999960000799984,0.01999960000799984,0.01999960000799984,0.01999960000799984,0.0,0.0,0.4399912001759965,0.0,0.0,0.01999960000799984,0.0,0.0999980000399992,0.999980000399992,0.999980000399992,0.999980000399992,0.999980000399992,0.999980000399992,0.999980000399992,0.999980000399992,0.999980000399992,0.999980000399992,0.999980000399992,0.01999960000799984,0.999980000399992,0.999980000399992,0.999980000399992,0.999980000399992,0.999980000399992,0.999980000399992,0.6599868002639947,0.999980000399992,0.01999960000799984,0.45999080018399635,0.01999960000799984,0.01999960000799984,0.03999920001599968,0.03999920001599968,0.01999960000799984,0.01999960000799984,0.999980000399992,0.01999960000799984,0.999980000399992,0.999980000399992,0.999980000399992,0.31999360012799744,0.31999360012799744,0.8999820003599929,0.9599808003839924,0.999980000399992,0.999980000399992,0.999980000399992,0.999980000399992,0.999980000399992,0.999980000399992,0.999980000399992,0.999980000399992,0.999980000399992,0.999980000399992,0.999980000399992,0.999980000399992,0.0,0.0,0.999980000399992
EBAY,0.0,0.0,0.0,0.040815493561355894,0.0,0.040815493561355894,0.040815493561355894,0.040815493561355894,0.0,0.040815493561355894,0.0,0.0,0.0,0.0,0.0,0.08163098712271179,0.0,0.10203873390338973,0.10203873390338973,0.10203873390338973,0.040815493561355894,0.040815493561355894,0.040815493561355894,0.040815493561355894,0.040815493561355894,0.0,0.0,0.0,0.18366972102610152,0.06122324034203384,0.0,0.0,0.020407746780677947,0.10203873390338973,0.06122324034203384,0.0,0.0,0.0,0.0,0.10203873390338973,0.10203873390338973,0.020407746780677947,0.040815493561355894,0.0,0.040815493561355894,0.040815493561355894,0.040815493561355894,0.0,0.0,0.9999795922532194,0.20407746780677946,0.0,0.0,0.0,0.9999795922532194,0.9999795922532194,0.9999795922532194,0.9999795922532194,0.9999795922532194,0.9999795922532194,0.9999795922532194,0.9999795922532194,0.9999795922532194,0.9999795922532194,0.9999795922532194,0.040815493561355894,0.9999795922532194,0.10203873390338973,0.10203873390338973,0.18366972102610152,0.9999795922532194,0.9999795922532194,0.6326401502010164,0.8979408583498296,0.040815493561355894,0.9999795922532194,0.040815493561355894,0.040815493561355894,0.10203873390338973,0.10203873390338973,0.040815493561355894,0.040815493561355894,0.040815493561355894,0.9999795922532194,0.9999795922532194,0.08163098712271179,0.2653007081488133,0.4489704291749148,0.5306014162976266,0.9999795922532194,0.9999795922532194,0.9999795922532194,0.9999795922532194,0.6122324034203384,0.9999795922532194,0.9999795922532194,0.9999795922532194,0.9999795922532194,0.9999795922532194,0.9999795922532194,0.9999795922532194,0.9999795922532194,0.9999795922532194,0.0,0.0,0.9999795922532194
ECHO,0.0,0.0,0.0,0.0,0.0,0.1666631945167809,0.0,0.0,0.0,0.0,0.0,0.0,0.0,0.0,0.0,0.0,0.0,0.0,0.8124830732693069,0.0,0.0,0.0,0.0,0.06249869794379284,0.0,0.0,0.0,0.0,0.18749609383137852,0.04166579862919523,0.04166579862919523,0.04166579862919523,0.04166579862919523,0.020832899314597614,0.020832899314597614,0.1666631945167809,0.1666631945167809,0.0,0.0,0.06249869794379284,0.7499843753255141,0.1458302952021833,0.0,0.0,0.0,0.0,0.0,0.0,0.0,0.08333159725839046,0.0,0.0,0.0,0.0,0.9999791671006855,0.49998958355034273,0.2916605904043666,0.9999791671006855,0.9999791671006855,0.9999791671006855,0.9999791671006855,0.9999791671006855,0.9999791671006855,0.9999791671006855,0.645819878752526,0.0,0.9999791671006855,0.6666527780671236,0.0,0.9999791671006855,0.9999791671006855,0.9999791671006855,0.5833211808087332,0.5833211808087332,0.0,0.0,0.5833211808087332,0.0,0.0,0.0,0.06249869794379284,0.0,0.020832899314597614,0.5833211808087332,0.3333263890335618,0.9999791671006855,0.7291514760109165,0.3333263890335618,0.3333263890335618,0.5833211808087332,0.5208224828649404,0.9999791671006855,0.9999791671006855,0.9999791671006855,0.9999791671006855,0.9999791671006855,0.9999791671006855,0.9999791671006855,0.9999791671006855,0.9999791671006855,0.9999791671006855,0.9999791671006855,0.9999791671006855,0.0,0.0,0.9999791671006855
ECL,0.0,0.0,0.0,0.0,0.0,0.0,0.0,0.0,0.0,0.03846079883079172,0.0,0.0,0.0,0.03846079883079172,0.0,0.09615199707697929,0.0,0.03846079883079172,0.03846079883079172,0.03846079883079172,0.03846079883079172,0.03846079883079172,0.03846079883079172,0.03846079883079172,0.03846079883079172,0.0,0.0,0.0,0.03846079883079172,0.0,0.0,0.0,0.01923039941539586,0.057691198246187576,0.057691198246187576,0.0,0.0,0.0,0.0,0.0,0.03846079883079172,0.15384319532316687,0.0,0.0,0.01923039941539586,0.01923039941539586,0.0,0.0,0.0,0.0,0.0,0.0,0.01923039941539586,0.01923039941539586,0.9999807696005847,0.9999807696005847,0.5961423818772716,0.9999807696005847,0.9999807696005847,0.9999807696005847,0.9999807696005847,0.9999807696005847,0.9999807696005847,0.9999807696005847,0.6346031807080633,0.01923039941539586,0.9999807696005847,0.6730639795388551,0.09615199707697929,0.9999807696005847,0.9999807696005847,0.8653679736928136,0.6153727812926675,0.9999807696005847,0.03846079883079172,0.03846079883079172,0.03846079883079172,0.03846079883079172,0.09615199707697929,0.09615199707697929,0.03846079883079172,0.03846079883079172,0.03846079883079172,0.9999807696005847,0.03846079883079172,0.9999807696005847,0.9999807696005847,0.538451183631084,0.9999807696005847,0.9999807696005847,0.538451183631084,0.9999807696005847,0.9999807696005847,0.9999807696005847,0.9999807696005847,0.9999807696005847,0.9999807696005847,0.9999807696005847,0.9999807696005847,0.9999807696005847,0.9999807696005847,0.9999807696005847,0.9999807696005847,0.0,0.0,0.9999807696005847
ED,0.0,0.0,0.0,0.0,0.0,0.9999777782715941,0.0,0.0,0.0,0.0,0.0,0.0,0.0,0.1777738272482834,0.0,0.0,0.0,0.0,0.0,0.0,0.0,0.0,0.0,0.0,0.0,0.9999777782715941,0.2666607408724251,0.022221728406035424,0.0,0.022221728406035424,0.022221728406035424,0.022221728406035424,0.022221728406035424,0.04444345681207085,0.04444345681207085,0.9999777782715941,0.9999777782715941,0.0,0.0,0.0,0.9999777782715941,0.5110997533388147,0.0,0.022221728406035424,0.0,0.0,0.0,0.0,0.0,0.022221728406035424,0.0,0.0,0.022221728406035424,0.022221728406035424,0.9999777782715941,0.9999777782715941,0.6444301237750273,0.9999777782715941,0.9999777782715941,0.9999777782715941,0.9999777782715941,0.9999777782715941,0.9999777782715941,0.9999777782715941,0.9999777782715941,0.022221728406035424,0.9999777782715941,0.7777604942112398,0.04444345681207085,0.9999777782715941,0.9110908646474524,0.1999955556543188,0.4888780249327793,0.4888780249327793,0.0,0.9999777782715941,0.0,0.0,0.04444345681207085,0.04444345681207085,0.1777738272482834,0.888869136241417,0.888869136241417,0.7777604942112398,0.3555476544965668,0.9999777782715941,0.0,0.1999955556543188,0.7777604942112398,0.9999777782715941,0.5999866669629564,0.9999777782715941,0.9999777782715941,0.9999777782715941,0.9999777782715941,0.9999777782715941,0.9999777782715941,0.9999777782715941,0.9999777782715941,0.9999777782715941,0.9999777782715941,0.0,0.0,0.0,0.0,0.9999777782715941
EFX,0.0,0.0,0.0,0.43477315710528036,0.0,0.43477315710528036,0.43477315710528036,0.43477315710528036,0.0,0.06521597356579205,0.0,0.0,0.0,0.9999782613421447,0.0,0.08695463142105607,0.0,0.06521597356579205,0.06521597356579205,0.06521597356579205,0.06521597356579205,0.06521597356579205,0.06521597356579205,0.06521597356579205,0.06521597356579205,0.0,0.0,0.0,0.0,0.4565118149605444,0.021738657855264017,0.021738657855264017,0.021738657855264017,0.49998913067107237,0.06521597356579205,0.0,0.43477315710528036,0.0,0.0,0.06521597356579205,0.9999782613421447,0.1304319471315841,0.0,0.0,0.021738657855264017,0.0,0.0,0.0,0.0,0.9999782613421447,0.0,0.9999782613421447,0.021738657855264017,0.021738657855264017,0.9999782613421447,0.9999782613421447,0.06521597356579205,0.9999782613421447,0.9999782613421447,0.9999782613421447,0.9999782613421447,0.9999782613421447,0.9999782613421447,0.9999782613421447,0.9999782613421447,0.021738657855264017,0.9999782613421447,0.0,0.1304319471315841,0.9999782613421447,0.9999782613421447,0.9999782613421447,0.9999782613421447,0.9999782613421447,0.06521597356579205,0.9999782613421447,0.06521597356579205,0.06521597356579205,0.06521597356579205,0.06521597356579205,0.06521597356579205,0.06521597356579205,0.06521597356579205,0.17390926284211214,0.06521597356579205,0.9999782613421447,0.9999782613421447,0.06521597356579205,0.06521597356579205,0.9999782613421447,0.5217277885263364,0.9999782613421447,0.9999782613421447,0.9999782613421447,0.9999782613421447,0.9999782613421447,0.9999782613421447,0.9999782613421447,0.9999782613421447,0.9999782613421447,0.9999782613421447,0.9999782613421447,0.9999782613421447,0.0,0.0,0.9999782613421447
EG,0.0,0.0,0.0,0.0,0.0,0.9999714293877319,0.9999714293877319,0.0,0.0,0.05714122453644182,0.9999714293877319,0.0,0.0,0.9999714293877319,0.0,0.05714122453644182,0.0,0.9999714293877319,0.94283020485129,0.6571240821690809,0.05714122453644182,0.9999714293877319,0.9999714293877319,0.9999714293877319,0.05714122453644182,0.0,0.0,0.05714122453644182,0.45712979629153455,0.0,0.0,0.9999714293877319,0.0,0.05714122453644182,0.05714122453644182,0.9999714293877319,0.9999714293877319,0.05714122453644182,0.0,0.0,0.9999714293877319,0.9999714293877319,0.0,0.0,0.0,0.05714122453644182,0.05714122453644182,0.0,0.0,0.9999714293877319,0.9999714293877319,0.9999714293877319,0.05714122453644182,0.05714122453644182,0.9999714293877319,0.9999714293877319,0.9999714293877319,0.9999714293877319,0.9999714293877319,0.0,0.05714122453644182,0.0,0.0,0.42855918402331367,0.9999714293877319,0.05714122453644182,0.9999714293877319,0.9999714293877319,0.9999714293877319,0.9999714293877319,0.7142653067055228,0.9999714293877319,0.45712979629153455,0.9999714293877319,0.9999714293877319,0.9999714293877319,0.9999714293877319,0.9999714293877319,0.9999714293877319,0.9999714293877319,0.9999714293877319,0.05714122453644182,0.05714122453644182,0.5714122453644181,0.9999714293877319,0.08571183680466272,0.9999714293877319,0.9999714293877319,0.9999714293877319,0.9999714293877319,0.9999714293877319,0.9999714293877319,0.9999714293877319,0.9999714293877319,0.9999714293877319,0.0,0.05714122453644182,0.9999714293877319,0.9999714293877319,0.9999714293877319,0.9999714293877319,0.9999714293877319,0.9999714293877319,0.0,0.0,0.9999714293877319
EIX,0.0,0.0,0.0,0.0,0.0,0.9999795922532194,0.0,0.0,0.0,0.040815493561355894,0.0,0.0,0.0,0.9999795922532194,0.0,0.06122324034203384,0.0,0.040815493561355894,0.040815493561355894,0.040815493561355894,0.040815493561355894,0.040815493561355894,0.040815493561355894,0.9999795922532194,0.040815493561355894,0.9999795922532194,0.0,0.020407746780677947,0.0,0.0,0.0,0.0,0.020407746780677947,0.06122324034203384,0.06122324034203384,0.9999795922532194,0.9999795922532194,0.0,0.0,0.387747188832881,0.9999795922532194,0.9999795922532194,0.0,0.020407746780677947,0.020407746780677947,0.0,0.0,0.0,0.0,0.0,0.0,0.0,0.020407746780677947,0.020407746780677947,0.9999795922532194,0.9999795922532194,0.9999795922532194,0.9999795922532194,0.9999795922532194,0.9999795922532194,0.9999795922532194,0.9999795922532194,0.9999795922532194,0.9999795922532194,0.8775331115691517,0.020407746780677947,0.9999795922532194,0.4693781759555928,0.06122324034203384,0.9999795922532194,0.9999795922532194,0.9999795922532194,0.9999795922532194,0.9999795922532194,0.040815493561355894,0.040815493561355894,0.040815493561355894,0.040815493561355894,0.040815493561355894,0.040815493561355894,0.9999795922532194,0.040815493561355894,0.9999795922532194,0.7142711373237282,0.4489704291749148,0.8571253647884738,0.8979408583498296,0.9999795922532194,0.9999795922532194,0.9999795922532194,0.9999795922532194,0.9999795922532194,0.9999795922532194,0.9999795922532194,0.9999795922532194,0.9999795922532194,0.9999795922532194,0.9999795922532194,0.9999795922532194,0.9999795922532194,0.9999795922532194,0.040815493561355894,0.040815493561355894,0.0,0.0,0.9999795922532194
EL,0.0,0.0,0.0,0.0,0.0,0.0,0.0,0.0,0.0,0.0,0.0,0.0,0.0,0.6808365779451502,0.0,0.0,0.0,0.042552286121571886,0.042552286121571886,0.042552286121571886,0.0,0.042552286121571886,0.042552286121571886,0.0,0.0,0.0,0.0,0.0,0.1489330014255016,0.0,0.0,0.0,0.0,0.042552286121571886,0.042552286121571886,0.0,0.0,0.0,0.0,0.0,0.9999787238569393,0.042552286121571886,0.0,0.0,0.021276143060785943,0.0,0.0,0.0,0.0,0.0,0.0,0.0,0.0,0.0,0.9999787238569393,0.9999787238569393,0.6808365779451502,0.9999787238569393,0.9999787238569393,0.9999787238569393,0.9999787238569393,0.9999787238569393,0.9999787238569393,0.9999787238569393,0.9999787238569393,0.021276143060785943,0.9999787238569393,0.0,0.10638071530392972,0.042552286121571886,0.9999787238569393,0.6808365779451502,0.5531797195804344,0.5531797195804344,0.042552286121571886,0.042552286121571886,0.8297695793706518,0.0,0.042552286121571886,0.042552286121571886,0.042552286121571886,0.042552286121571886,0.042552286121571886,0.9999787238569393,0.17020914448628754,0.702112721005936,0.6170081487627923,0.4893512903980767,0.4893512903980767,0.9999787238569393,0.9361502946745814,0.9999787238569393,0.9999787238569393,0.9999787238569393,0.9999787238569393,0.9999787238569393,0.9999787238569393,0.9999787238569393,0.9999787238569393,0.9999787238569393,0.9999787238569393,0.9999787238569393,0.9999787238569393,0.0,0.0,0.9999787238569393
ELV,0.0,0.0,0.0,0.0,0.0,0.21153439356935444,0.0,0.0,0.0,0.03846079883079172,0.0,0.0,0.0,0.9999807696005847,0.0,0.07692159766158344,0.0,0.03846079883079172,0.03846079883079172,0.03846079883079172,0.03846079883079172,0.03846079883079172,0.03846079883079172,0.03846079883079172,0.03846079883079172,0.0,0.0,0.0,0.0,0.0,0.0,0.07692159766158344,0.01923039941539586,0.057691198246187576,0.057691198246187576,0.21153439356935444,0.21153439356935444,0.03846079883079172,0.0,0.0,0.9999807696005847,0.0,0.01923039941539586,0.0,0.01923039941539586,0.0,0.0,0.0,0.0,0.9999807696005847,0.0,0.0,0.01923039941539586,0.01923039941539586,0.9999807696005847,0.9999807696005847,0.9999807696005847,0.9999807696005847,0.9999807696005847,0.0,0.269225591815542,0.0,0.0,0.9999807696005847,0.9999807696005847,0.01923039941539586,0.9999807696005847,0.9999807696005847,0.07692159766158344,0.9999807696005847,0.7115247783696468,0.5769119824618758,0.6346031807080633,0.9999807696005847,0.9999807696005847,0.9999807696005847,0.03846079883079172,0.03846079883079172,0.07692159766158344,0.07692159766158344,0.03846079883079172,0.03846079883079172,0.9999807696005847,0.057691198246187576,0.7115247783696468,0.9999807696005847,0.9999807696005847,0.9999807696005847,0.9999807696005847,0.9999807696005847,0.9999807696005847,0.9999807696005847,0.9999807696005847,0.9999807696005847,0.9999807696005847,0.0,0.9999807696005847,0.9999807696005847,0.9999807696005847,0.9999807696005847,0.9999807696005847,0.9999807696005847,0.9999807696005847,0.0,0.0,0.9999807696005847
EME,0.0,0.0,0.0,0.0,0.0,0.0,0.0,0.0,0.0,0.0,0.0,0.0,0.0,0.9999811324314636,0.0,0.056602705609328126,0.0,0.16980811682798438,0.9999811324314636,0.16980811682798438,0.0,0.0,0.0,0.0,0.0,0.0,0.8301730156034792,0.0,0.0,0.0,0.0,0.0,0.0,0.01886756853644271,0.01886756853644271,0.0,0.0,0.0,0.0,0.0,0.0,0.0,0.0,0.0,0.0,0.0,0.0,0.0,0.0,0.0,0.0,0.0,0.0,0.0,0.9999811324314636,0.9999811324314636,0.0,0.9999811324314636,0.9999811324314636,0.9999811324314636,0.9999811324314636,0.9999811324314636,0.9999811324314636,0.9999811324314636,0.9999811324314636,0.0,0.9999811324314636,0.16980811682798438,0.16980811682798438,0.9999811324314636,0.9999811324314636,0.9999811324314636,0.5471594875568385,0.5282919190203959,0.0,0.9999811324314636,0.0,0.0,0.07547027414577084,0.07547027414577084,0.0,0.0,0.0,0.0,0.0,0.9999811324314636,0.9999811324314636,0.43395407633818234,0.43395407633818234,0.47168921341106773,0.49055678194751046,0.9999811324314636,0.9999811324314636,0.9999811324314636,0.9999811324314636,0.9999811324314636,0.9999811324314636,0.9999811324314636,0.9999811324314636,0.9999811324314636,0.9999811324314636,0.9999811324314636,0.9999811324314636,0.0,0.0,0.9999811324314636
EMR,0.0,0.0,0.0,0.02857061226822091,0.02857061226822091,0.02857061226822091,0.02857061226822091,0.02857061226822091,0.02857061226822091,0.02857061226822091,0.02857061226822091,0.02857061226822091,0.02857061226822091,0.02857061226822091,0.02857061226822091,0.02857061226822091,0.0,0.02857061226822091,0.02857061226822091,0.02857061226822091,0.02857061226822091,0.02857061226822091,0.02857061226822091,0.02857061226822091,0.02857061226822091,0.02857061226822091,0.02857061226822091,0.02857061226822091,0.94283020485129,0.0,0.0,0.9999714293877319,0.02857061226822091,0.02857061226822091,0.02857061226822091,0.02857061226822091,0.02857061226822091,0.02857061226822091,0.02857061226822091,0.02857061226822091,0.02857061226822091,0.02857061226822091,0.02857061226822091,0.02857061226822091,0.02857061226822091,0.02857061226822091,0.02857061226822091,0.02857061226822091,0.02857061226822091,0.02857061226822091,0.02857061226822091,0.02857061226822091,0.02857061226822091,0.02857061226822091,0.9999714293877319,0.9999714293877319,0.9999714293877319,0.9999714293877319,0.9999714293877319,0.9999714293877319,0.9999714293877319,0.9999714293877319,0.9999714293877319,0.9999714293877319,0.9999714293877319,0.02857061226822091,0.9999714293877319,0.02857061226822091,0.7714065312419646,0.9999714293877319,0.17142367360932545,0.02857061226822091,0.6571240821690809,0.9999714293877319,0.02857061226822091,0.02857061226822091,0.02857061226822091,0.02857061226822091,0.02857061226822091,0.02857061226822091,0.02857061226822091,0.02857061226822091,0.02857061226822091,0.7428359189737437,0.02857061226822091,0.9142595925830691,0.9999714293877319,0.4857004085597555,0.7142653067055228,0.9999714293877319,0.4857004085597555,0.9999714293877319,0.9999714293877319,0.9999714293877319,0.9999714293877319,0.9999714293877319,0.9999714293877319,0.9999714293877319,0.9999714293877319,0.9999714293877319,0.9999714293877319,0.9999714293877319,0.9999714293877319,0.0,0.0,0.9999714293877319
EOG,0.0,0.0,0.0,0.0,0.0,0.9999803925413228,0.0,0.0,0.0,0.039214917354561674,0.0,0.0,0.0,0.9999803925413228,0.0,0.05882237603184252,0.0,0.039214917354561674,0.039214917354561674,0.039214917354561674,0.039214917354561674,0.039214917354561674,0.039214917354561674,0.9999803925413228,0.039214917354561674,0.0,0.0,0.019607458677280837,0.05882237603184252,0.0,0.039214917354561674,0.0,0.019607458677280837,0.05882237603184252,0.05882237603184252,0.9999803925413228,0.9999803925413228,0.0,0.0,0.4117566322228976,0.9999803925413228,0.9999803925413228,0.019607458677280837,0.0,0.019607458677280837,0.0,0.0,0.0,0.0,0.0,0.0,0.0,0.019607458677280837,0.019607458677280837,0.9999803925413228,0.9999803925413228,0.9999803925413228,0.9999803925413228,0.9999803925413228,0.9999803925413228,0.9999803925413228,0.9999803925413228,0.9999803925413228,0.9999803925413228,0.9999803925413228,0.019607458677280837,0.0,0.0,0.9019430991549185,0.9999803925413228,0.9999803925413228,0.9999803925413228,0.7646908884139527,0.725475971059391,0.039214917354561674,0.47057900825474014,0.039214917354561674,0.039214917354561674,0.039214917354561674,0.039214917354561674,0.9999803925413228,0.039214917354561674,0.039214917354561674,0.9999803925413228,0.9999803925413228,0.9999803925413228,0.9999803925413228,0.9999803925413228,0.9999803925413228,0.9999803925413228,0.9999803925413228,0.9999803925413228,0.9999803925413228,0.9999803925413228,0.9999803925413228,0.9999803925413228,0.9999803925413228,0.9999803925413228,0.9999803925413228,0.039214917354561674,0.039214917354561674,0.9999803925413228,0.9999803925413228,0.0,0.0,0.9999803925413228
EQIX,0.0,0.0,0.0,0.0,0.0,0.0,0.0,0.0,0.0,0.03999920001599968,0.0,0.0,0.0,0.999980000399992,0.0,0.07999840003199936,0.0,0.15999680006399872,0.879982400351993,0.15999680006399872,0.03999920001599968,0.03999920001599968,0.03999920001599968,0.03999920001599968,0.03999920001599968,0.0,0.0,0.01999960000799984,0.0,0.0,0.0,0.0,0.01999960000799984,0.05999880002399952,0.05999880002399952,0.0,0.0,0.0,0.0,0.0,0.0,0.0,0.01999960000799984,0.01999960000799984,0.01999960000799984,0.01999960000799984,0.01999960000799984,0.0,0.0,0.999980000399992,0.0,0.0,0.01999960000799984,0.0,0.999980000399992,0.999980000399992,0.0,0.999980000399992,0.999980000399992,0.999980000399992,0.999980000399992,0.999980000399992,0.999980000399992,0.999980000399992,0.999980000399992,0.01999960000799984,0.999980000399992,0.03999920001599968,0.15999680006399872,0.999980000399992,0.999980000399992,0.999980000399992,0.5999880002399952,0.5799884002319954,0.03999920001599968,0.999980000399992,0.03999920001599968,0.03999920001599968,0.11999760004799905,0.35999280014399715,0.03999920001599968,0.03999920001599968,0.1999960000799984,0.4799904001919962,0.5799884002319954,0.0999980000399992,0.379992400151997,0.11999760004799905,0.11999760004799905,0.11999760004799905,0.5399892002159957,0.999980000399992,0.999980000399992,0.999980000399992,0.999980000399992,0.999980000399992,0.999980000399992,0.999980000399992,0.999980000399992,0.999980000399992,0.999980000399992,0.999980000399992,0.999980000399992,0.0,0.0,0.999980000399992
EQR,0.0,0.0,0.0,0.37735137072885416,0.03773513707288542,0.8113054470670366,0.3962189392652969,0.3962189392652969,0.03773513707288542,0.03773513707288542,0.13207297975509896,0.03773513707288542,0.03773513707288542,0.9999811324314636,0.03773513707288542,0.07547027414577084,0.0,0.5094243504839532,0.452821644874625,0.03773513707288542,0.03773513707288542,0.9999811324314636,0.9999811324314636,0.9999811324314636,0.03773513707288542,0.03773513707288542,0.03773513707288542,0.056602705609328126,0.8679081526763647,0.37735137072885416,0.0,0.16980811682798438,0.01886756853644271,0.452821644874625,0.11320541121865625,0.9999811324314636,0.8113054470670366,0.0,0.03773513707288542,0.03773513707288542,0.8867757212128073,0.6037621931661667,0.03773513707288542,0.03773513707288542,0.03773513707288542,0.056602705609328126,0.056602705609328126,0.03773513707288542,0.03773513707288542,0.9999811324314636,0.9999811324314636,0.03773513707288542,0.03773513707288542,0.056602705609328126,0.9999811324314636,0.9999811324314636,0.9999811324314636,0.9999811324314636,0.9999811324314636,0.9999811324314636,0.9999811324314636,0.9999811324314636,0.9999811324314636,0.9999811324314636,0.03773513707288542,0.056602705609328126,0.9999811324314636,0.9999811324314636,0.5094243504839532,0.9999811324314636,0.03773513707288542,0.452821644874625,0.5282919190203959,0.8113054470670366,0.9999811324314636,0.9999811324314636,0.9999811324314636,0.9999811324314636,0.3962189392652969,0.9999811324314636,0.8113054470670366,0.03773513707288542,0.9999811324314636,0.03773513707288542,0.03773513707288542,0.9999811324314636,0.9999811324314636,0.9999811324314636,0.9999811324314636,0.9999811324314636,0.9999811324314636,0.9999811324314636,0.9999811324314636,0.9999811324314636,0.9999811324314636,0.9999811324314636,0.9999811324314636,0.03773513707288542,0.03773513707288542,0.9999811324314636,0.9999811324314636,0.9999811324314636,0.9999811324314636,0.0,0.0,0.9999811324314636
EQT,0.0,0.0,0.0,0.4791566842357451,0.0,0.4791566842357451,0.4791566842357451,0.4791566842357451,0.0,0.04166579862919523,0.0,0.0,0.0,0.9999791671006855,0.0,0.04166579862919523,0.0,0.04166579862919523,0.04166579862919523,0.04166579862919523,0.04166579862919523,0.04166579862919523,0.04166579862919523,0.7291514760109165,0.04166579862919523,0.0,0.0,0.04166579862919523,0.0,0.4791566842357451,0.020832899314597614,0.020832899314597614,0.04166579862919523,0.5208224828649404,0.04166579862919523,0.4791566842357451,0.4791566842357451,0.020832899314597614,0.0,0.06249869794379284,0.9999791671006855,0.4583237849211475,0.0,0.04166579862919523,0.04166579862919523,0.04166579862919523,0.0,0.0,0.0,0.5416553821795379,0.0,0.0,0.04166579862919523,0.04166579862919523,0.9999791671006855,0.9999791671006855,0.37499218766275705,0.9999791671006855,0.9999791671006855,0.9999791671006855,0.9999791671006855,0.9999791671006855,0.9999791671006855,0.9999791671006855,0.9999791671006855,0.04166579862919523,0.0,0.0,0.06249869794379284,0.9999791671006855,0.8124830732693069,0.9999791671006855,0.6041540801233308,0.8749817712130997,0.04166579862919523,0.9999791671006855,0.04166579862919523,0.04166579862919523,0.04166579862919523,0.04166579862919523,0.6249869794379284,0.04166579862919523,0.1666631945167809,0.9999791671006855,0.22916189246057375,0.9999791671006855,0.9999791671006855,0.8749817712130997,0.8749817712130997,0.9999791671006855,0.8749817712130997,0.9999791671006855,0.9999791671006855,0.9999791671006855,0.9999791671006855,0.9999791671006855,0.9999791671006855,0.9999791671006855,0.9999791671006855,0.916647569842295,0.9999791671006855,0.6666527780671236,0.8541488718985022,0.0,0.0,0.9999791671006855
ERIE,0.0,0.0,0.0,0.0,0.0,0.9999803925413228,0.3137193388364934,0.039214917354561674,0.0,0.05882237603184252,0.2745044214819317,0.0,0.0,0.9999803925413228,0.0,0.6666535950275485,0.0,0.607831218995706,0.6666535950275485,0.607831218995706,0.05882237603184252,0.33332679751377425,0.33332679751377425,0.9999803925413228,0.05882237603184252,0.9999803925413228,0.9999803925413228,0.05882237603184252,0.4509715495774593,0.019607458677280837,0.019607458677280837,0.3529342561910551,0.039214917354561674,0.05882237603184252,0.05882237603184252,0.9999803925413228,0.9999803925413228,0.6666535950275485,0.0,0.05882237603184252,0.9999803925413228,0.8235132644457952,0.0,0.0,0.05882237603184252,0.05882237603184252,0.05882237603184252,0.0,0.0,0.9999803925413228,0.6862610537048294,0.05882237603184252,0.05882237603184252,0.05882237603184252,0.607831218995706,0.9999803925413228,0.7450834297366719,0.9999803925413228,0.9999803925413228,0.6274386776729868,0.9999803925413228,0.6274386776729868,0.019607458677280837,0.6862610537048294,0.9999803925413228,0.05882237603184252,0.9999803925413228,0.2745044214819317,0.9999803925413228,0.9999803925413228,0.9999803925413228,0.9999803925413228,0.9019430991549185,0.9999803925413228,0.5882237603184252,0.9999803925413228,0.33332679751377425,0.9999803925413228,0.9999803925413228,0.9999803925413228,0.8235132644457952,0.33332679751377425,0.33332679751377425,0.9999803925413228,0.6274386776729868,0.9999803925413228,0.9999803925413228,0.5097939256093018,0.5097939256093018,0.5097939256093018,0.9999803925413228,0.9999803925413228,0.9999803925413228,0.725475971059391,0.9999803925413228,0.6274386776729868,0.6274386776729868,0.9999803925413228,0.9999803925413228,0.9999803925413228,0.9999803925413228,0.9999803925413228,0.9999803925413228,0.0,0.0,0.9999803925413228
ES,0.0,0.0,0.0,0.0,0.0,0.9999791671006855,0.0,0.0,0.0,0.0,0.0,0.0,0.0,0.9999791671006855,0.0,0.0,0.0,0.0,0.0,0.0,0.0,0.0,0.0,0.0,0.0,0.9999791671006855,0.0,0.0,0.0,0.0,0.0,0.0,0.0,0.06249869794379284,0.06249869794379284,0.9999791671006855,0.9999791671006855,0.0,0.0,0.9999791671006855,0.24999479177517137,0.9999791671006855,0.0,0.0,0.0,0.0,0.0,0.0,0.0,0.20832899314597614,0.0,0.0,0.0,0.0,0.9999791671006855,0.9999791671006855,0.18749609383137852,0.9999791671006855,0.9999791671006855,0.9999791671006855,0.9999791671006855,0.9999791671006855,0.9999791671006855,0.9999791671006855,0.5624882814941355,0.0,0.9999791671006855,0.06249869794379284,0.9999791671006855,0.9999791671006855,0.18749609383137852,0.9374804691568926,0.5208224828649404,0.5208224828649404,0.0,0.9999791671006855,0.0,0.9999791671006855,0.9999791671006855,0.9999791671006855,0.9999791671006855,0.0,0.0,0.06249869794379284,0.8124830732693069,0.9999791671006855,0.9999791671006855,0.9999791671006855,0.9999791671006855,0.9999791671006855,0.9999791671006855,0.9999791671006855,0.9999791671006855,0.9999791671006855,0.9999791671006855,0.9999791671006855,0.9999791671006855,0.9999791671006855,0.9999791671006855,0.9999791671006855,0.9999791671006855,0.0,0.0,0.0,0.0,0.9999791671006855
ESS,0.0,0.0,0.0,0.0,0.0,0.7999840003199936,0.05999880002399952,0.05999880002399952,0.0,0.03999920001599968,0.0,0.0,0.0,0.999980000399992,0.0,0.07999840003199936,0.0,0.0999980000399992,0.999980000399992,0.0999980000399992,0.03999920001599968,0.999980000399992,0.999980000399992,0.999980000399992,0.03999920001599968,0.0,0.0,0.01999960000799984,0.0,0.0,0.0,0.0,0.01999960000799984,0.05999880002399952,0.05999880002399952,0.999980000399992,0.7999840003199936,0.0,0.7199856002879943,0.999980000399992,0.999980000399992,0.5799884002319954,0.01999960000799984,0.0,0.0,0.0,0.0,0.0,0.0,0.999980000399992,0.999980000399992,0.0,0.01999960000799984,0.01999960000799984,0.999980000399992,0.999980000399992,0.31999360012799744,0.999980000399992,0.999980000399992,0.999980000399992,0.999980000399992,0.999980000399992,0.999980000399992,0.999980000399992,0.4799904001919962,0.0,0.999980000399992,0.8199836003279934,0.0999980000399992,0.999980000399992,0.999980000399992,0.999980000399992,0.5799884002319954,0.999980000399992,0.999980000399992,0.999980000399992,0.999980000399992,0.999980000399992,0.999980000399992,0.999980000399992,0.2999940001199976,0.999980000399992,0.999980000399992,0.5999880002399952,0.03999920001599968,0.999980000399992,0.999980000399992,0.4799904001919962,0.999980000399992,0.999980000399992,0.499990000199996,0.999980000399992,0.999980000399992,0.6399872002559949,0.999980000399992,0.999980000399992,0.999980000399992,0.03999920001599968,0.03999920001599968,0.999980000399992,0.999980000399992,0.999980000399992,0.999980000399992,0.0,0.0,0.999980000399992
ETN,0.0,0.0,0.0,0.0,0.0,0.2618985262255661,0.2618985262255661,0.2618985262255661,0.04761791385919383,0.04761791385919383,0.0,0.0,0.0,0.0,0.0,0.023808956929596916,0.0,0.0,0.0,0.0,0.0,0.0,0.0,0.0,0.0,0.0,0.3571343539439537,0.0,0.6428418370991167,0.04761791385919383,0.04761791385919383,0.8809314063950858,0.04761791385919383,0.09523582771838766,0.023808956929596916,0.0,0.0,0.0,0.0,0.0,0.9999761910430705,0.09523582771838766,0.0,0.0,0.023808956929596916,0.023808956929596916,0.023808956929596916,0.0,0.0,0.0,0.0,0.0,0.023808956929596916,0.023808956929596916,0.9999761910430705,0.09523582771838766,0.9999761910430705,0.9999761910430705,0.9999761910430705,0.9999761910430705,0.9999761910430705,0.9999761910430705,0.9999761910430705,0.9999761910430705,0.9999761910430705,0.023808956929596916,0.9999761910430705,0.0,0.0,0.9999761910430705,0.9999761910430705,0.9999761910430705,0.547606009380729,0.547606009380729,0.0,0.0,0.0,0.0,0.0,0.0,0.0,0.0,0.9999761910430705,0.9999761910430705,0.0,0.0,0.9999761910430705,0.40475226780314755,0.6428418370991167,0.9999761910430705,0.7142687078879074,0.9999761910430705,0.9999761910430705,0.9999761910430705,0.9999761910430705,0.9999761910430705,0.9999761910430705,0.9999761910430705,0.9999761910430705,0.9999761910430705,0.9999761910430705,0.9999761910430705,0.9999761910430705,0.0,0.0,0.9999761910430705
ETR,0.0,0.0,0.0,0.24489296136813535,0.0,0.9999795922532194,0.24489296136813535,0.24489296136813535,0.06122324034203384,0.06122324034203384,0.0,0.0,0.0,0.9999795922532194,0.0,0.06122324034203384,0.0,0.020407746780677947,0.020407746780677947,0.020407746780677947,0.020407746780677947,0.020407746780677947,0.020407746780677947,0.020407746780677947,0.020407746780677947,0.9999795922532194,0.8571253647884738,0.0,0.0,0.18366972102610152,0.020407746780677947,0.020407746780677947,0.020407746780677947,0.32652394849084715,0.020407746780677947,0.9999795922532194,0.9999795922532194,0.0,0.0,0.0,0.9999795922532194,0.9999795922532194,0.0,0.0,0.0,0.0,0.0,0.0,0.0,0.9999795922532194,0.0,0.0,0.0,0.0,0.9999795922532194,0.8571253647884738,0.9999795922532194,0.9999795922532194,0.9999795922532194,0.9999795922532194,0.9999795922532194,0.9999795922532194,0.9999795922532194,0.9999795922532194,0.9999795922532194,0.0,0.9999795922532194,0.5714169098589825,0.10203873390338973,0.9999795922532194,0.9999795922532194,0.9999795922532194,0.9999795922532194,0.6734556437623722,0.08163098712271179,0.9999795922532194,0.020407746780677947,0.020407746780677947,0.08163098712271179,0.08163098712271179,0.9999795922532194,0.020407746780677947,0.020407746780677947,0.6530478969816943,0.14285422746474563,0.9999795922532194,0.020407746780677947,0.6734556437623722,0.6734556437623722,0.9999795922532194,0.9591640986918635,0.9999795922532194,0.9999795922532194,0.9999795922532194,0.9999795922532194,0.9999795922532194,0.9999795922532194,0.9999795922532194,0.9999795922532194,0.9999795922532194,0.9999795922532194,0.4897859227362707,0.020407746780677947,0.0,0.0,0.9999795922532194
EVRG,0.0,0.0,0.0,0.0,0.0,0.9999615399407714,0.0,0.0,0.0,0.03846005922849121,0.0,0.0,0.0,0.9999615399407714,0.0,0.11538017768547364,0.0,0.03846005922849121,0.03846005922849121,0.03846005922849121,0.03846005922849121,0.03846005922849121,0.03846005922849121,0.03846005922849121,0.03846005922849121,0.9999615399407714,0.0,0.03846005922849121,0.0,0.03846005922849121,0.03846005922849121,0.03846005922849121,0.03846005922849121,0.03846005922849121,0.03846005922849121,0.9999615399407714,0.9999615399407714,0.0,0.0,0.0,0.9999615399407714,0.9999615399407714,0.0,0.0,0.03846005922849121,0.0,0.0,0.0,0.0,0.9999615399407714,0.0,0.0,0.03846005922849121,0.03846005922849121,0.9999615399407714,0.9999615399407714,0.23076035537094727,0.9999615399407714,0.9999615399407714,0.9999615399407714,0.9999615399407714,0.9999615399407714,0.9999615399407714,0.9999615399407714,0.9999615399407714,0.03846005922849121,0.9999615399407714,0.9999615399407714,0.9999615399407714,0.9999615399407714,0.9999615399407714,0.730741125341333,0.3846005922849121,0.19230029614245606,0.03846005922849121,0.9999615399407714,0.03846005922849121,0.03846005922849121,0.9999615399407714,0.9999615399407714,0.9999615399407714,0.03846005922849121,0.9999615399407714,0.9999615399407714,0.03846005922849121,0.9999615399407714,0.9999615399407714,0.9999615399407714,0.9999615399407714,0.9999615399407714,0.9615014807122803,0.9999615399407714,0.9999615399407714,0.9999615399407714,0.9999615399407714,0.9999615399407714,0.9999615399407714,0.9999615399407714,0.9999615399407714,0.9999615399407714,0.9999615399407714,0.03846005922849121,0.03846005922849121,0.0,0.0,0.9999615399407714
EW,0.0,0.0,0.0,0.0,0.5869437620921285,0.0,0.0,0.5869437620921285,0.5869437620921285,0.06521597356579205,0.0,0.0,0.0,0.0,0.0,0.06521597356579205,0.0,0.17390926284211214,0.8260689985000327,0.17390926284211214,0.06521597356579205,0.06521597356579205,0.06521597356579205,0.0,0.06521597356579205,0.0,0.0,0.021738657855264017,0.0,0.0,0.6521597356579205,0.4565118149605444,0.043477315710528035,0.06521597356579205,0.6956370513684486,0.0,0.0,0.0,0.0,0.0,0.0,0.0,0.021738657855264017,0.0,0.021738657855264017,0.021738657855264017,0.021738657855264017,0.0,0.0,0.0,0.0,0.0,0.021738657855264017,0.021738657855264017,0.9999782613421447,0.7391143670789766,0.8912849720658247,0.9999782613421447,0.9999782613421447,0.9999782613421447,0.9999782613421447,0.9999782613421447,0.9999782613421447,0.9999782613421447,0.9999782613421447,0.021738657855264017,0.9999782613421447,0.0,0.9347622877763527,0.9999782613421447,0.9999782613421447,0.9999782613421447,0.5217277885263364,0.9999782613421447,0.06521597356579205,0.06521597356579205,0.06521597356579205,0.06521597356579205,0.06521597356579205,0.06521597356579205,0.06521597356579205,0.06521597356579205,0.06521597356579205,0.2608638942631682,0.7825916827895046,0.2391252364079042,0.06521597356579205,0.5434664463816005,0.9999782613421447,0.9999782613421447,0.9999782613421447,0.9999782613421447,0.9999782613421447,0.9999782613421447,0.9999782613421447,0.9999782613421447,0.9999782613421447,0.9999782613421447,0.9999782613421447,0.9999782613421447,0.9999782613421447,0.9999782613421447,0.9999782613421447,0.0,0.0,0.9999782613421447
EXC,0.0,0.0,0.0,0.020407746780677947,0.020407746780677947,0.9999795922532194,0.040815493561355894,0.040815493561355894,0.020407746780677947,0.020407746780677947,0.020407746780677947,0.020407746780677947,0.020407746780677947,0.9999795922532194,0.0,0.06122324034203384,0.0,0.020407746780677947,0.020407746780677947,0.020407746780677947,0.020407746780677947,0.020407746780677947,0.020407746780677947,0.020407746780677947,0.020407746780677947,0.9999795922532194,0.387747188832881,0.040815493561355894,0.24489296136813535,0.040815493561355894,0.040815493561355894,0.040815493561355894,0.08163098712271179,0.06122324034203384,0.06122324034203384,0.9999795922532194,0.9999795922532194,0.020407746780677947,0.020407746780677947,0.06122324034203384,0.387747188832881,0.12244648068406767,0.020407746780677947,0.020407746780677947,0.040815493561355894,0.020407746780677947,0.020407746780677947,0.020407746780677947,0.020407746780677947,0.020407746780677947,0.020407746780677947,0.020407746780677947,0.020407746780677947,0.040815493561355894,0.9999795922532194,0.9999795922532194,0.020407746780677947,0.9999795922532194,0.8571253647884738,0.9999795922532194,0.9999795922532194,0.9999795922532194,0.9999795922532194,0.9999795922532194,0.9999795922532194,0.040815493561355894,0.9999795922532194,0.16326197424542357,0.12244648068406767,0.9999795922532194,0.9999795922532194,0.6326401502010164,0.5510091630783045,0.9999795922532194,0.020407746780677947,0.9999795922532194,0.16326197424542357,0.020407746780677947,0.06122324034203384,0.06122324034203384,0.2244852145874574,0.020407746780677947,0.020407746780677947,0.5101936695169487,0.12244648068406767,0.9999795922532194,0.020407746780677947,0.5510091630783045,0.5510091630783045,0.9999795922532194,0.6122324034203384,0.9999795922532194,0.9999795922532194,0.9999795922532194,0.9999795922532194,0.9999795922532194,0.9999795922532194,0.9999795922532194,0.9999795922532194,0.9999795922532194,0.9999795922532194,0.020407746780677947,0.020407746780677947,0.0,0.0,0.9999795922532194
EXE,0.0,0.0,0.0,0.0,0.0,0.9130236299210888,0.0,0.0,0.17390926284211214,0.21738657855264018,0.0,0.0,0.0,0.9999782613421447,0.0,0.06521597356579205,0.0,0.043477315710528035,0.21738657855264018,0.043477315710528035,0.043477315710528035,0.043477315710528035,0.043477315710528035,0.7825916827895046,0.043477315710528035,0.0,0.0,0.043477315710528035,0.0,0.021738657855264017,0.021738657855264017,0.021738657855264017,0.043477315710528035,0.08695463142105607,0.06521597356579205,0.9999782613421447,0.9130236299210888,0.0,0.0,0.0,0.9999782613421447,0.9999782613421447,0.0,0.0,0.0,0.0,0.0,0.0,0.0,0.9999782613421447,0.043477315710528035,0.043477315710528035,0.0,0.043477315710528035,0.9999782613421447,0.9999782613421447,0.5434664463816005,0.9999782613421447,0.9999782613421447,0.9999782613421447,0.9999782613421447,0.9999782613421447,0.9999782613421447,0.9999782613421447,0.9999782613421447,0.043477315710528035,0.5434664463816005,0.0,0.43477315710528036,0.9999782613421447,0.9999782613421447,0.9999782613421447,0.5869437620921285,0.7825916827895046,0.043477315710528035,0.9347622877763527,0.043477315710528035,0.043477315710528035,0.043477315710528035,0.043477315710528035,0.9999782613421447,0.043477315710528035,0.30434120997369624,0.32607986782896026,0.3478185256842243,0.9782396034868808,0.6738983935131845,0.7391143670789766,0.7391143670789766,0.8260689985000327,0.9999782613421447,0.9999782613421447,0.9999782613421447,0.9999782613421447,0.9999782613421447,0.9999782613421447,0.9999782613421447,0.9999782613421447,0.9999782613421447,0.4565118149605444,0.9999782613421447,0.9999782613421447,0.9999782613421447,0.0,0.0,0.9999782613421447
EXPD,0.0,0.0,0.0,0.0,0.0,0.7999854548099126,0.0,0.0,0.0,0.03636297521863239,0.0,0.0,0.0,0.9999818185123908,0.0,0.05454446282794859,0.0,0.9999818185123908,0.9999818185123908,0.03636297521863239,0.03636297521863239,0.03636297521863239,0.03636297521863239,0.03636297521863239,0.03636297521863239,0.0,0.0,0.018181487609316194,0.5090816530608535,0.0,0.0,0.0,0.0,0.05454446282794859,0.05454446282794859,0.9999818185123908,0.7999854548099126,0.0,0.0,0.0,0.0,0.8181669424192288,0.0,0.0,0.018181487609316194,0.018181487609316194,0.018181487609316194,0.0,0.0,0.9999818185123908,0.0,0.0,0.018181487609316194,0.018181487609316194,0.9999818185123908,0.9999818185123908,0.0,0.9999818185123908,0.9999818185123908,0.9999818185123908,0.9999818185123908,0.9999818185123908,0.9999818185123908,0.9999818185123908,0.9999818185123908,0.018181487609316194,0.9999818185123908,0.16363338848384576,0.9999818185123908,0.9999818185123908,0.9999818185123908,0.9999818185123908,0.5272631406701697,0.9999818185123908,0.03636297521863239,0.9999818185123908,0.03636297521863239,0.03636297521863239,0.03636297521863239,0.03636297521863239,0.8545299176378611,0.03636297521863239,0.9999818185123908,0.03636297521863239,0.03636297521863239,0.5818076034981182,0.9999818185123908,0.4545371902329049,0.4545371902329049,0.9999818185123908,0.9999818185123908,0.9999818185123908,0.9999818185123908,0.9999818185123908,0.9999818185123908,0.9999818185123908,0.9999818185123908,0.9999818185123908,0.9999818185123908,0.9999818185123908,0.9999818185123908,0.9999818185123908,0.9999818185123908,0.0,0.0,0.9999818185123908
EXPE,0.0,0.0,0.0,0.0,0.0,0.0,0.0,0.0,0.0,0.0,0.0,0.0,0.0,0.9999803925413228,0.0,0.0,0.0,0.0,0.5097939256093018,0.0,0.0,0.0,0.0,0.0,0.0,0.0,0.0,0.0,0.0,0.019607458677280837,0.019607458677280837,0.019607458677280837,0.019607458677280837,0.019607458677280837,0.019607458677280837,0.0,0.0,0.0,0.0,0.0,0.0,0.0,0.0,0.0,0.0,0.0,0.0,0.0,0.0,0.9999803925413228,0.0,0.0,0.0,0.0,0.9999803925413228,0.9999803925413228,0.9215505578321994,0.9999803925413228,0.9999803925413228,0.9999803925413228,0.9999803925413228,0.9999803925413228,0.9999803925413228,0.9999803925413228,0.9999803925413228,0.0,0.9999803925413228,0.607831218995706,0.5097939256093018,0.9999803925413228,0.9999803925413228,0.9999803925413228,0.6274386776729868,0.9999803925413228,0.0,0.9999803925413228,0.6470461363502676,0.0,0.05882237603184252,0.05882237603184252,0.0,0.0,0.0,0.9999803925413228,0.607831218995706,0.0,0.9019430991549185,0.0,0.0,0.9999803925413228,0.9999803925413228,0.9999803925413228,0.9999803925413228,0.9999803925413228,0.9999803925413228,0.9999803925413228,0.9999803925413228,0.9999803925413228,0.9999803925413228,0.9999803925413228,0.9999803925413228,0.9999803925413228,0.9999803925413228,0.0,0.0,0.9999803925413228
EXR,0.0,0.0,0.0,0.44679900427650476,0.0,0.44679900427650476,0.44679900427650476,0.44679900427650476,0.0,0.0,0.0,0.0,0.0,0.9999787238569393,0.0,0.042552286121571886,0.0,0.8297695793706518,0.9148741516137955,0.44679900427650476,0.0,0.9999787238569393,0.9999787238569393,0.702112721005936,0.0,0.0,0.0,0.0,0.1489330014255016,0.4680751473372907,0.0,0.0,0.0,0.4680751473372907,0.021276143060785943,0.0,0.44679900427650476,0.0,0.0,0.0,0.0,0.1489330014255016,0.0,0.0,0.0,0.0,0.0,0.0,0.0,0.9999787238569393,0.9999787238569393,0.0,0.0,0.0,0.9999787238569393,0.9999787238569393,0.9999787238569393,0.9999787238569393,0.9999787238569393,0.9999787238569393,0.9999787238569393,0.9999787238569393,0.9999787238569393,0.9999787238569393,0.0,0.0,0.9999787238569393,0.021276143060785943,0.8297695793706518,0.9999787238569393,0.5319035765196486,0.9148741516137955,0.5531797195804344,0.5744558626412204,0.9999787238569393,0.9999787238569393,0.9999787238569393,0.702112721005936,0.9999787238569393,0.5957320057020064,0.7659411501882939,0.0,0.9999787238569393,0.17020914448628754,0.9999787238569393,0.9999787238569393,0.9999787238569393,0.9999787238569393,0.9999787238569393,0.9999787238569393,0.9999787238569393,0.9999787238569393,0.9999787238569393,0.9999787238569393,0.9999787238569393,0.2978660028510032,0.9999787238569393,0.0,0.44679900427650476,0.9999787238569393,0.9999787238569393,0.9999787238569393,0.9999787238569393,0.0,0.0,0.9999787238569393
F,0.0,0.0,0.0,0.0,0.0,0.0,0.0,0.0,0.17020914448628754,0.17020914448628754,0.0,0.0,0.0,0.0,0.0,0.06382842918235783,0.0,0.8084934363098658,0.9999787238569393,0.8084934363098658,0.0,0.4042467181549329,0.4042467181549329,0.4042467181549329,0.0,0.0,0.08510457224314377,0.0,0.0,0.0,0.0,0.5744558626412204,0.0,0.021276143060785943,0.021276143060785943,0.0,0.0,0.0,0.0,0.0,0.08510457224314377,0.7446650071275079,0.0,0.0,0.0,0.0,0.0,0.0,0.0,0.08510457224314377,0.08510457224314377,0.6808365779451502,0.0,0.0,0.9999787238569393,0.9999787238569393,0.4042467181549329,0.9999787238569393,0.9999787238569393,0.8510457224314377,0.9999787238569393,0.9999787238569393,0.9999787238569393,0.9999787238569393,0.9999787238569393,0.0,0.9999787238569393,0.12765685836471566,0.9999787238569393,0.9999787238569393,0.9999787238569393,0.9999787238569393,0.5744558626412204,0.5744558626412204,0.4042467181549329,0.0,0.4042467181549329,0.0,0.9999787238569393,0.9999787238569393,0.08510457224314377,0.0,0.0,0.9999787238569393,0.0,0.9999787238569393,0.9999787238569393,0.1489330014255016,0.4042467181549329,0.4042467181549329,0.9999787238569393,0.9999787238569393,0.9999787238569393,0.6382842918235783,0.9999787238569393,0.9999787238569393,0.9999787238569393,0.9999787238569393,0.9999787238569393,0.9999787238569393,0.9999787238569393,0.9999787238569393,0.9999787238569393,0.0,0.0,0.9999787238569393
FANG,0.0,0.0,0.0,0.3488290969977443,0.0,0.9999767447268668,0.3488290969977443,0.3488290969977443,0.0,0.0,0.0,0.0,0.0,0.9999767447268668,0.0,0.0930210925327318,0.0,0.0930210925327318,0.4185949163972931,0.06976581939954885,0.0,0.0,0.0,0.9999767447268668,0.0,0.0,0.02325527313318295,0.0,0.0,0.3720843701309272,0.0,0.0,0.0,0.4185949163972931,0.0,0.9999767447268668,0.9999767447268668,0.0930210925327318,0.0930210925327318,0.0,0.7209134671286714,0.9999767447268668,0.0,0.0,0.0,0.0,0.0,0.0,0.0,0.4185949163972931,0.0,0.0,0.0,0.0,0.9999767447268668,0.6278923745959397,0.9999767447268668,0.9999767447268668,0.9999767447268668,0.9999767447268668,0.9999767447268668,0.9999767447268668,0.9999767447268668,0.9999767447268668,0.9999767447268668,0.0,0.9999767447268668,0.0,0.0930210925327318,0.8371898327945863,0.8604451059277691,0.9999767447268668,0.8604451059277691,0.9999767447268668,0.0930210925327318,0.0,0.9999767447268668,0.0,0.0,0.0,0.8837003790609521,0.0,0.9999767447268668,0.9999767447268668,0.1395316387990977,0.9999767447268668,0.9999767447268668,0.25580800446501245,0.25580800446501245,0.9999767447268668,0.6511476477291226,0.9999767447268668,0.9999767447268668,0.9999767447268668,0.9999767447268668,0.9999767447268668,0.9999767447268668,0.6046371014627567,0.6046371014627567,0.0,0.0,0.9999767447268668,0.9999767447268668,0.0,0.0,0.9999767447268668
FAST,0.0,0.0,0.0,0.0,0.0,0.0,0.0,0.0,0.0,0.0,0.0,0.0,0.0,0.9999824564481326,0.0,0.0350871037350222,0.0,0.33332748548271085,0.33332748548271085,0.33332748548271085,0.0,0.0,0.0,0.9999824564481326,0.0,0.0,0.0,0.0,0.17543551867511098,0.0,0.0,0.0,0.0,0.0175435518675111,0.0175435518675111,0.0,0.0,0.0,0.0,0.0,0.5263065560253329,0.0,0.0,0.0,0.0,0.0,0.0,0.0,0.0,0.0,0.0,0.0,0.0,0.0,0.9999824564481326,0.9999824564481326,0.0,0.9999824564481326,0.9999824564481326,0.9999824564481326,0.9999824564481326,0.9999824564481326,0.9999824564481326,0.9999824564481326,0.9999824564481326,0.0,0.9999824564481326,0.7719162821704882,0.33332748548271085,0.9999824564481326,0.9999824564481326,0.9999824564481326,0.543850107892844,0.9999824564481326,0.0,0.0,0.0,0.0,0.05263065560253329,0.05263065560253329,0.9999824564481326,0.0,0.9999824564481326,0.0,0.9999824564481326,0.9999824564481326,0.9999824564481326,0.7894598340379994,0.9999824564481326,0.9999824564481326,0.9999824564481326,0.9999824564481326,0.9999824564481326,0.9999824564481326,0.9999824564481326,0.9999824564481326,0.9999824564481326,0.9999824564481326,0.9999824564481326,0.9999824564481326,0.9999824564481326,0.9999824564481326,0.9999824564481326,0.0,0.0,0.9999824564481326
FCX,0.0,0.0,0.0,0.18749609383137852,0.0,0.18749609383137852,0.18749609383137852,0.18749609383137852,0.0,0.0,0.0,0.0,0.0,0.9999791671006855,0.0,0.04166579862919523,0.0,0.0,0.0,0.0,0.0,0.0,0.0,0.8124830732693069,0.0,0.0,0.0,0.0,0.8541488718985022,0.22916189246057375,0.0,0.0,0.0,0.22916189246057375,0.0,0.0,0.18749609383137852,0.0,0.0,0.0,0.9999791671006855,0.9999791671006855,0.0,0.0,0.0,0.0,0.0,0.0,0.0,0.0,0.0,0.0,0.0,0.0,0.9999791671006855,0.3541592883481594,0.9999791671006855,0.9999791671006855,0.9999791671006855,0.9999791671006855,0.9999791671006855,0.9999791671006855,0.9999791671006855,0.9999791671006855,0.9999791671006855,0.0,0.4791566842357451,0.27082769108976895,0.4791566842357451,0.9999791671006855,0.9999791671006855,0.9999791671006855,0.6041540801233308,0.9999791671006855,0.0,0.8749817712130997,0.0,0.08333159725839046,0.08333159725839046,0.08333159725839046,0.0,0.0,0.0,0.8749817712130997,0.0,0.9999791671006855,0.9999791671006855,0.18749609383137852,0.5208224828649404,0.9999791671006855,0.9999791671006855,0.9999791671006855,0.916647569842295,0.9999791671006855,0.9999791671006855,0.9999791671006855,0.9999791671006855,0.9999791671006855,0.9999791671006855,0.9999791671006855,0.9999791671006855,0.9999791671006855,0.9999791671006855,0.0,0.0,0.9999791671006855
FDS,0.0,0.0,0.0,0.0,0.0,0.0,0.0,0.0,0.0,0.0,0.0,0.0,0.0,0.4693781759555928,0.0,0.040815493561355894,0.0,0.24489296136813535,0.8571253647884738,0.24489296136813535,0.0,0.020407746780677947,0.020407746780677947,0.0,0.0,0.0,0.0,0.0,0.7959021244464399,0.0,0.0,0.0,0.020407746780677947,0.020407746780677947,0.020407746780677947,0.0,0.0,0.0,0.0,0.0,0.6530478969816943,0.020407746780677947,0.0,0.0,0.0,0.0,0.0,0.0,0.0,0.9999795922532194,0.0,0.0,0.0,0.0,0.9999795922532194,0.9999795922532194,0.9999795922532194,0.9999795922532194,0.9999795922532194,0.9999795922532194,0.9999795922532194,0.9999795922532194,0.9999795922532194,0.9999795922532194,0.9999795922532194,0.0,0.9999795922532194,0.0,0.24489296136813535,0.9999795922532194,0.9999795922532194,0.9999795922532194,0.6326401502010164,0.9999795922532194,0.020407746780677947,0.9999795922532194,0.020407746780677947,0.020407746780677947,0.020407746780677947,0.020407746780677947,0.020407746780677947,0.020407746780677947,0.020407746780677947,0.10203873390338973,0.9999795922532194,0.12244648068406767,0.9999795922532194,0.020407746780677947,0.020407746780677947,0.4489704291749148,0.9999795922532194,0.9999795922532194,0.9999795922532194,0.9999795922532194,0.9999795922532194,0.9999795922532194,0.9999795922532194,0.9999795922532194,0.9999795922532194,0.9999795922532194,0.9999795922532194,0.9999795922532194,0.9999795922532194,0.0,0.0,0.9999795922532194
FDX,0.0,0.0,0.0,0.0,0.0,0.8620541025154739,0.0,0.0,0.0,0.0689643282012379,0.0,0.0,0.0,0.9999827589179497,0.0,0.0689643282012379,0.0,0.0689643282012379,0.7413665281633076,0.0689643282012379,0.0689643282012379,0.0689643282012379,0.0689643282012379,0.0689643282012379,0.0689643282012379,0.0689643282012379,0.0,0.03448216410061895,0.0,0.017241082050309477,0.017241082050309477,0.017241082050309477,0.017241082050309477,0.0689643282012379,0.0689643282012379,0.8620541025154739,0.8620541025154739,0.0689643282012379,0.0,0.0,0.0,0.1379286564024758,0.0,0.03448216410061895,0.03448216410061895,0.03448216410061895,0.0,0.0,0.0,0.9999827589179497,0.0,0.0,0.0,0.03448216410061895,0.9999827589179497,0.9999827589179497,0.0,0.9999827589179497,0.9999827589179497,0.9999827589179497,0.9999827589179497,0.9999827589179497,0.9999827589179497,0.9999827589179497,0.9999827589179497,0.03448216410061895,0.9999827589179497,0.0689643282012379,0.0689643282012379,0.9999827589179497,0.9999827589179497,0.7758486922639265,0.5517146256099033,0.5517146256099033,0.0689643282012379,0.9999827589179497,0.0689643282012379,0.0689643282012379,0.0689643282012379,0.0689643282012379,0.08620541025154739,0.0689643282012379,0.0689643282012379,0.9999827589179497,0.9999827589179497,0.9999827589179497,0.9999827589179497,0.4827502974086654,0.4827502974086654,0.9999827589179497,0.9999827589179497,0.9999827589179497,0.9999827589179497,0.9999827589179497,0.9999827589179497,0.9999827589179497,0.9999827589179497,0.9999827589179497,0.9999827589179497,0.9999827589179497,0.9999827589179497,0.9999827589179497,0.9999827589179497,0.0,0.0,0.9999827589179497
FE,0.0,0.0,0.0,0.0,0.0,0.9999807696005847,0.0,0.0,0.0,0.0,0.0,0.0,0.0,0.9999807696005847,0.0,0.0,0.0,0.0,0.0,0.0,0.0,0.0,0.0,0.0,0.0,0.9999807696005847,0.40383838772331304,0.0,0.0,0.09615199707697929,0.0,0.0,0.03846079883079172,0.057691198246187576,0.057691198246187576,0.9999807696005847,0.9999807696005847,0.0,0.0,0.0,0.9999807696005847,0.5576815830464799,0.0,0.0,0.0,0.0,0.0,0.0,0.0,0.0,0.0,0.0,0.0,0.0,0.9999807696005847,0.9999807696005847,0.6153727812926675,0.9999807696005847,0.9999807696005847,0.9999807696005847,0.9999807696005847,0.9999807696005847,0.9999807696005847,0.9999807696005847,0.9999807696005847,0.0,0.9999807696005847,0.3653775888925213,0.0,0.9999807696005847,0.9999807696005847,0.9999807696005847,0.5576815830464799,0.5576815830464799,0.0,0.0,0.0,0.03846079883079172,0.03846079883079172,0.03846079883079172,0.3653775888925213,0.0,0.9999807696005847,0.8461375742774178,0.21153439356935444,0.9999807696005847,0.0,0.7115247783696468,0.7115247783696468,0.9999807696005847,0.9999807696005847,0.9999807696005847,0.9999807696005847,0.9999807696005847,0.9999807696005847,0.9999807696005847,0.9999807696005847,0.9999807696005847,0.9999807696005847,0.9999807696005847,0.9999807696005847,0.0,0.21153439356935444,0.0,0.0,0.9999807696005847
FFIV,0.0,0.0,0.0,0.0,0.0,0.0,0.0,0.0,0.0,0.0,0.0,0.0,0.0,0.0,0.0,0.03846079883079172,0.0,0.7499855772004385,0.6730639795388551,0.6730639795388551,0.0,0.0,0.0,0.0,0.0,0.0,0.0,0.0,0.9999807696005847,0.0,0.0,0.0,0.0,0.01923039941539586,0.01923039941539586,0.0,0.0,0.0,0.0,0.0,0.6922943789542509,0.03846079883079172,0.0,0.0,0.0,0.0,0.0,0.0,0.0,0.0,0.0,0.0,0.0,0.0,0.9999807696005847,0.9999807696005847,0.9999807696005847,0.9999807696005847,0.9999807696005847,0.9999807696005847,0.9999807696005847,0.9999807696005847,0.9999807696005847,0.9999807696005847,0.9999807696005847,0.0,0.9999807696005847,0.0,0.9999807696005847,0.9999807696005847,0.9999807696005847,0.9999807696005847,0.5576815830464799,0.9999807696005847,0.0,0.0,0.0,0.0,0.03846079883079172,0.03846079883079172,0.11538239649237515,0.0,0.9999807696005847,0.19230399415395857,0.9999807696005847,0.0,0.0,0.0,0.0,0.0,0.49999038480029234,0.9999807696005847,0.9999807696005847,0.9999807696005847,0.9999807696005847,0.9999807696005847,0.9999807696005847,0.9999807696005847,0.9999807696005847,0.9999807696005847,0.9999807696005847,0.9999807696005847,0.9999807696005847,0.0,0.0,0.9999807696005847
FICO,0.0,0.0,0.0,0.0,0.0,0.0,0.0,0.0,0.3695571835394883,0.41303449925001634,0.0,0.0,0.0,0.0,0.0,0.043477315710528035,0.0,0.10869328927632009,0.043477315710528035,0.043477315710528035,0.043477315710528035,0.043477315710528035,0.043477315710528035,0.043477315710528035,0.043477315710528035,0.0,0.0,0.0,0.0,0.021738657855264017,0.021738657855264017,0.021738657855264017,0.043477315710528035,0.043477315710528035,0.043477315710528035,0.0,0.0,0.0,0.0,0.0,0.7173757092237125,0.0,0.0,0.0,0.043477315710528035,0.043477315710528035,0.043477315710528035,0.0,0.0,0.9999782613421447,0.0,0.0,0.043477315710528035,0.0,0.9999782613421447,0.9999782613421447,0.0,0.9999782613421447,0.9999782613421447,0.9999782613421447,0.9999782613421447,0.9999782613421447,0.9999782613421447,0.9999782613421447,0.9999782613421447,0.043477315710528035,0.9999782613421447,0.0,0.10869328927632009,0.7825916827895046,0.9999782613421447,0.9999782613421447,0.5434664463816005,0.6086824199473925,0.043477315710528035,0.9999782613421447,0.043477315710528035,0.043477315710528035,0.043477315710528035,0.043477315710528035,0.08695463142105607,0.043477315710528035,0.043477315710528035,0.1304319471315841,0.9999782613421447,0.9999782613421447,0.9999782613421447,0.043477315710528035,0.043477315710528035,0.4565118149605444,0.5217277885263364,0.9999782613421447,0.9999782613421447,0.9999782613421447,0.9999782613421447,0.9999782613421447,0.9999782613421447,0.9999782613421447,0.9999782613421447,0.9999782613421447,0.9999782613421447,0.9999782613421447,0.9999782613421447,0.0,0.0,0.9999782613421447
FIS,0.0,0.0,0.0,0.3999920001599968,0.0,0.3999920001599968,0.3999920001599968,0.3999920001599968,0.0,0.01999960000799984,0.0,0.0,0.0,0.999980000399992,0.0,0.05999880002399952,0.0,0.01999960000799984,0.01999960000799984,0.01999960000799984,0.01999960000799984,0.01999960000799984,0.01999960000799984,0.01999960000799984,0.01999960000799984,0.0,0.0,0.0,0.0,0.4799904001919962,0.01999960000799984,0.01999960000799984,0.01999960000799984,0.4799904001919962,0.03999920001599968,0.0,0.0,0.0,0.0,0.0,0.0,0.0999980000399992,0.0,0.0,0.01999960000799984,0.0,0.0,0.0,0.0,0.999980000399992,0.0,0.0,0.0,0.01999960000799984,0.999980000399992,0.6799864002719946,0.2999940001199976,0.999980000399992,0.999980000399992,0.999980000399992,0.999980000399992,0.999980000399992,0.999980000399992,0.999980000399992,0.999980000399992,0.01999960000799984,0.999980000399992,0.01999960000799984,0.07999840003199936,0.999980000399992,0.999980000399992,0.999980000399992,0.5999880002399952,0.999980000399992,0.0999980000399992,0.999980000399992,0.01999960000799984,0.01999960000799984,0.01999960000799984,0.01999960000799984,0.01999960000799984,0.01999960000799984,0.01999960000799984,0.01999960000799984,0.01999960000799984,0.999980000399992,0.999980000399992,0.01999960000799984,0.01999960000799984,0.01999960000799984,0.5199896002079959,0.999980000399992,0.999980000399992,0.999980000399992,0.999980000399992,0.999980000399992,0.999980000399992,0.999980000399992,0.999980000399992,0.999980000399992,0.999980000399992,0.999980000399992,0.999980000399992,0.0,0.0,0.999980000399992
FISV,0.0,0.0,0.0,0.0,0.0,0.38460798830791715,0.0,0.0,0.0,0.0,0.0,0.0,0.0,0.9999807696005847,0.0,0.03846079883079172,0.21153439356935444,0.0,0.269225591815542,0.0,0.0,0.0,0.0,0.0,0.0,0.0,0.0,0.0,0.0,0.0,0.0,0.0,0.0,0.057691198246187576,0.057691198246187576,0.38460798830791715,0.38460798830791715,0.0,0.0,0.0,0.2884559912309379,0.5192207842156882,0.01923039941539586,0.0,0.01923039941539586,0.0,0.0,0.0,0.0,0.9999807696005847,0.0,0.057691198246187576,0.01923039941539586,0.01923039941539586,0.9999807696005847,0.5961423818772716,0.9999807696005847,0.9999807696005847,0.9999807696005847,0.9999807696005847,0.9999807696005847,0.9999807696005847,0.9999807696005847,0.9999807696005847,0.6153727812926675,0.01923039941539586,0.9999807696005847,0.134612795907771,0.057691198246187576,0.6346031807080633,0.9615199707697929,0.9999807696005847,0.5961423818772716,0.5961423818772716,0.0,0.9999807696005847,0.0,0.0,0.38460798830791715,0.38460798830791715,0.0,0.0,0.0,0.15384319532316687,0.5769119824618758,0.9999807696005847,0.9999807696005847,0.0,0.0,0.5192207842156882,0.9999807696005847,0.9999807696005847,0.8269071748620219,0.9999807696005847,0.9999807696005847,0.9999807696005847,0.9999807696005847,0.9999807696005847,0.9999807696005847,0.9999807696005847,0.9999807696005847,0.9999807696005847,0.9999807696005847,0.0,0.0,0.9999807696005847
FITB,0.0,0.0,0.0,0.5799884002319954,0.01999960000799984,0.999980000399992,0.999980000399992,0.5799884002319954,0.01999960000799984,0.01999960000799984,0.999980000399992,0.01999960000799984,0.01999960000799984,0.999980000399992,0.0,0.07999840003199936,0.0,0.01999960000799984,0.01999960000799984,0.01999960000799984,0.01999960000799984,0.999980000399992,0.999980000399992,0.01999960000799984,0.01999960000799984,0.999980000399992,0.01999960000799984,0.01999960000799984,0.0999980000399992,0.6799864002719946,0.07999840003199936,0.999980000399992,0.17999640007199857,0.6599868002639947,0.05999880002399952,0.999980000399992,0.999980000399992,0.03999920001599968,0.01999960000799984,0.01999960000799984,0.999980000399992,0.03999920001599968,0.01999960000799984,0.01999960000799984,0.01999960000799984,0.01999960000799984,0.01999960000799984,0.01999960000799984,0.01999960000799984,0.999980000399992,0.999980000399992,0.999980000399992,0.01999960000799984,0.01999960000799984,0.01999960000799984,0.01999960000799984,0.01999960000799984,0.01999960000799984,0.01999960000799984,0.999980000399992,0.999980000399992,0.999980000399992,0.999980000399992,0.999980000399992,0.03999920001599968,0.01999960000799984,0.999980000399992,0.999980000399992,0.01999960000799984,0.999980000399992,0.8199836003279934,0.999980000399992,0.6599868002639947,0.6599868002639947,0.999980000399992,0.999980000399992,0.999980000399992,0.01999960000799984,0.0999980000399992,0.0999980000399992,0.01999960000799984,0.01999960000799984,0.01999960000799984,0.01999960000799984,0.3999920001599968,0.999980000399992,0.999980000399992,0.999980000399992,0.999980000399992,0.999980000399992,0.999980000399992,0.01999960000799984,0.01999960000799984,0.2799944001119978,0.9399812003759925,0.999980000399992,0.999980000399992,0.999980000399992,0.999980000399992,0.999980000399992,0.999980000399992,0.999980000399992,0.999980000399992,0.0,0.0,0.999980000399992
FIX,0.0,0.0,0.0,0.0,0.0,0.0,0.0,0.0,0.0,0.022221728406035424,0.0,0.0,0.0,0.9999777782715941,0.0,0.06666518521810627,0.0,0.0888869136241417,0.022221728406035424,0.022221728406035424,0.022221728406035424,0.022221728406035424,0.022221728406035424,0.022221728406035424,0.022221728406035424,0.0,0.0,0.0,0.0,0.0,0.04444345681207085,0.0,0.0,0.04444345681207085,0.04444345681207085,0.0,0.0,0.0,0.0,0.0,0.0,0.0,0.0,0.0,0.0,0.0,0.0,0.0,0.0,0.0,0.0,0.0,0.0,0.0,0.9999777782715941,0.9999777782715941,0.0,0.9999777782715941,0.9999777782715941,0.9999777782715941,0.9999777782715941,0.9999777782715941,0.9999777782715941,0.9999777782715941,0.9999777782715941,0.0,0.9999777782715941,0.9999777782715941,0.0888869136241417,0.577764938556921,0.9999777782715941,0.9999777782715941,0.4444345681207085,0.8222039510233107,0.577764938556921,0.022221728406035424,0.022221728406035424,0.022221728406035424,0.0888869136241417,0.0888869136241417,0.022221728406035424,0.022221728406035424,0.022221728406035424,0.9999777782715941,0.7110953089931336,0.9999777782715941,0.9999777782715941,0.0888869136241417,0.0888869136241417,0.9999777782715941,0.8666474078353815,0.9999777782715941,0.9999777782715941,0.9999777782715941,0.9999777782715941,0.9999777782715941,0.9999777782715941,0.9999777782715941,0.9999777782715941,0.9999777782715941,0.9999777782715941,0.9999777782715941,0.9999777782715941,0.0,0.0,0.9999777782715941
FLEX,0.0,0.0,0.0,0.0,0.0,0.0,0.0,0.0,0.0,0.07842983470912335,0.0,0.0,0.0,0.607831218995706,0.0,0.0980372933864042,0.0,0.07842983470912335,0.07842983470912335,0.07842983470912335,0.07842983470912335,0.07842983470912335,0.07842983470912335,0.07842983470912335,0.07842983470912335,0.0,0.0,0.0,0.1568596694182467,0.019607458677280837,0.019607458677280837,0.6274386776729868,0.019607458677280837,0.07842983470912335,0.07842983470912335,0.0,0.0,0.0,0.0,0.0,0.1960745867728084,0.0,0.039214917354561674,0.0,0.0,0.0,0.0,0.0,0.0,0.0,0.0,0.0,0.0,0.0,0.9999803925413228,0.8235132644457952,0.07842983470912335,0.9999803925413228,0.9999803925413228,0.9999803925413228,0.9999803925413228,0.9999803925413228,0.9999803925413228,0.9999803925413228,0.9999803925413228,0.039214917354561674,0.9999803925413228,0.5294013842865827,0.07842983470912335,0.9999803925413228,0.9999803925413228,0.9999803925413228,0.5882237603184252,0.9999803925413228,0.07842983470912335,0.07842983470912335,0.07842983470912335,0.07842983470912335,0.13725221074096586,0.13725221074096586,0.13725221074096586,0.07842983470912335,0.07842983470912335,0.9999803925413228,0.5490088429638634,0.9999803925413228,0.9999803925413228,0.1960745867728084,0.725475971059391,0.9999803925413228,0.9999803925413228,0.9999803925413228,0.9999803925413228,0.9999803925413228,0.9999803925413228,0.9999803925413228,0.9999803925413228,0.9999803925413228,0.9999803925413228,0.9999803925413228,0.9999803925413228,0.9999803925413228,0.9999803925413228,0.0,0.0,0.9999803925413228
FOXA,0.0,0.0,0.0,0.0,0.0,0.9999615399407714,0.9999615399407714,0.0,0.0,0.11538017768547364,0.9999615399407714,0.0,0.0,0.9999615399407714,0.0,0.19230029614245606,0.0,0.11538017768547364,0.3461405330564209,0.11538017768547364,0.11538017768547364,0.11538017768547364,0.11538017768547364,0.11538017768547364,0.11538017768547364,0.0,0.0,0.03846005922849121,0.0,0.0,0.03846005922849121,0.9999615399407714,0.07692011845698242,0.11538017768547364,0.11538017768547364,0.9999615399407714,0.9999615399407714,0.07692011845698242,0.0,0.0,0.0,0.0,0.0,0.03846005922849121,0.03846005922849121,0.03846005922849121,0.03846005922849121,0.0,0.0,0.9999615399407714,0.0,0.0,0.03846005922849121,0.0,0.9999615399407714,0.6153609476558594,0.9999615399407714,0.9999615399407714,0.9999615399407714,0.9999615399407714,0.9999615399407714,0.9999615399407714,0.9999615399407714,0.9999615399407714,0.3461405330564209,0.03846005922849121,0.9999615399407714,0.9999615399407714,0.11538017768547364,0.9999615399407714,0.9999615399407714,0.9999615399407714,0.26922041459943846,0.9999615399407714,0.11538017768547364,0.11538017768547364,0.3461405330564209,0.11538017768547364,0.3846005922849121,0.3846005922849121,0.11538017768547364,0.11538017768547364,0.9999615399407714,0.9999615399407714,0.11538017768547364,0.9999615399407714,0.11538017768547364,0.11538017768547364,0.11538017768547364,0.9999615399407714,0.9999615399407714,0.9999615399407714,0.9999615399407714,0.9999615399407714,0.9999615399407714,0.9999615399407714,0.9999615399407714,0.9999615399407714,0.9999615399407714,0.9999615399407714,0.9999615399407714,0.9999615399407714,0.9999615399407714,0.0,0.0,0.9999615399407714
FRT,0.0,0.0,0.0,0.0,0.0,0.9999811324314636,0.0,0.0,0.0,0.03773513707288542,0.0,0.0,0.0,0.9999811324314636,0.0,0.07547027414577084,0.0,0.11320541121865625,0.9999811324314636,0.03773513707288542,0.03773513707288542,0.9999811324314636,0.9999811324314636,0.9999811324314636,0.03773513707288542,0.0,0.03773513707288542,0.01886756853644271,0.0,0.0,0.0,0.0,0.01886756853644271,0.056602705609328126,0.056602705609328126,0.9999811324314636,0.9999811324314636,0.0,0.9999811324314636,0.9999811324314636,0.6414973302390521,0.9999811324314636,0.01886756853644271,0.01886756853644271,0.0,0.01886756853644271,0.01886756853644271,0.0,0.0,0.9999811324314636,0.0,0.0,0.01886756853644271,0.01886756853644271,0.9999811324314636,0.9999811324314636,0.3584838021924115,0.9999811324314636,0.9999811324314636,0.9999811324314636,0.9999811324314636,0.9999811324314636,0.9999811324314636,0.9999811324314636,0.33961623365596877,0.0,0.9999811324314636,0.9999811324314636,0.11320541121865625,0.9999811324314636,0.03773513707288542,0.9999811324314636,0.5660270560932813,0.5660270560932813,0.9999811324314636,0.9999811324314636,0.9999811324314636,0.9999811324314636,0.9999811324314636,0.9999811324314636,0.8301730156034792,0.9999811324314636,0.9999811324314636,0.49055678194751046,0.03773513707288542,0.9999811324314636,0.9999811324314636,0.9999811324314636,0.9999811324314636,0.9999811324314636,0.9999811324314636,0.9999811324314636,0.9999811324314636,0.9999811324314636,0.9999811324314636,0.9999811324314636,0.9999811324314636,0.03773513707288542,0.03773513707288542,0.9999811324314636,0.9999811324314636,0.9999811324314636,0.9999811324314636,0.0,0.0,0.9999811324314636
FSLR,0.0,0.0,0.0,0.019607458677280837,0.0,0.019607458677280837,0.019607458677280837,0.019607458677280837,0.0,0.019607458677280837,0.0,0.0,0.0,0.0,0.0,0.07842983470912335,0.0,0.019607458677280837,0.33332679751377425,0.019607458677280837,0.019607458677280837,0.019607458677280837,0.019607458677280837,0.019607458677280837,0.019607458677280837,0.0,0.019607458677280837,0.0,0.0,0.0980372933864042,0.0,0.0,0.0,0.0980372933864042,0.039214917354561674,0.0,0.0,0.0,0.0,0.0,0.17646712809552756,0.1960745867728084,0.0,0.0,0.0,0.0,0.0,0.0,0.0,0.4117566322228976,0.019607458677280837,0.019607458677280837,0.0,0.0,0.9999803925413228,0.9999803925413228,0.607831218995706,0.9999803925413228,0.9999803925413228,0.9999803925413228,0.9999803925413228,0.9999803925413228,0.9999803925413228,0.9999803925413228,0.9999803925413228,0.0,0.9999803925413228,0.47057900825474014,0.1568596694182467,0.3137193388364934,0.9999803925413228,0.9999803925413228,0.5490088429638634,0.8039058057685143,0.019607458677280837,0.019607458677280837,0.019607458677280837,0.019607458677280837,0.0980372933864042,0.0980372933864042,0.1568596694182467,0.019607458677280837,0.9999803925413228,0.9999803925413228,0.9999803925413228,0.9999803925413228,0.9999803925413228,0.0980372933864042,0.1960745867728084,0.4509715495774593,0.9999803925413228,0.9999803925413228,0.9999803925413228,0.9999803925413228,0.9999803925413228,0.9999803925413228,0.9999803925413228,0.9999803925413228,0.9999803925413228,0.9999803925413228,0.9999803925413228,0.9999803925413228,0.9999803925413228,0.0,0.0,0.9999803925413228
FTNT,0.0,0.0,0.0,0.0,0.0,0.0,0.0,0.0,0.09999750006249844,0.09999750006249844,0.0,0.0,0.0,0.0,0.0,0.04999875003124922,0.0,0.6499837504062399,0.7499812504687383,0.6499837504062399,0.0,0.0,0.0,0.17499562510937228,0.0,0.0,0.0,0.0,0.5999850003749907,0.0,0.0,0.0,0.0,0.0,0.0,0.0,0.0,0.0,0.0,0.0,0.9999750006249845,0.07499812504687384,0.0,0.0,0.0,0.0,0.0,0.0,0.0,0.0,0.0,0.0,0.0,0.0,0.9999750006249845,0.9999750006249845,0.9999750006249845,0.9999750006249845,0.9999750006249845,0.9999750006249845,0.9999750006249845,0.9999750006249845,0.9999750006249845,0.9999750006249845,0.9999750006249845,0.0,0.9999750006249845,0.0,0.899977500562486,0.9999750006249845,0.9999750006249845,0.9999750006249845,0.5499862503437415,0.9999750006249845,0.0,0.0,0.0,0.0,0.0,0.0,0.07499812504687384,0.0,0.7249818754531138,0.9999750006249845,0.8249793755156122,0.2249943751406215,0.0,0.0,0.0,0.0,0.49998750031249223,0.9999750006249845,0.9999750006249845,0.9999750006249845,0.9999750006249845,0.9999750006249845,0.9999750006249845,0.9999750006249845,0.9999750006249845,0.9999750006249845,0.9999750006249845,0.9999750006249845,0.9999750006249845,0.0,0.0,0.9999750006249845
FTV,0.0,0.0,0.0,0.0,0.0,0.0,0.0,0.0,0.0,0.0,0.0,0.0,0.0,0.0,0.0,0.07999680012799487,0.0,0.0,0.23999040038398464,0.0,0.0,0.0,0.0,0.0,0.0,0.0,0.0,0.0,0.0,0.0,0.0,0.0,0.0,0.0,0.0,0.0,0.0,0.0,0.0,0.0,0.9999600015999359,0.0,0.0,0.0,0.0,0.0,0.0,0.0,0.0,0.0,0.0,0.0,0.0,0.0,0.9999600015999359,0.9999600015999359,0.19999200031998718,0.9999600015999359,0.9999600015999359,0.9999600015999359,0.9999600015999359,0.9999600015999359,0.9999600015999359,0.9999600015999359,0.9999600015999359,0.0,0.9999600015999359,0.0,0.0,0.9999600015999359,0.9999600015999359,0.7999680012799487,0.2799888004479821,0.9999600015999359,0.0,0.0,0.9999600015999359,0.0,0.0,0.0,0.0,0.0,0.4799808007679693,0.19999200031998718,0.0,0.9999600015999359,0.9999600015999359,0.0,0.0,0.0,0.23999040038398464,0.9999600015999359,0.9999600015999359,0.9999600015999359,0.9999600015999359,0.9999600015999359,0.9999600015999359,0.9999600015999359,0.9999600015999359,0.9999600015999359,0.9999600015999359,0.9999600015999359,0.9999600015999359,0.0,0.0,0.9999600015999359
GD,0.0,0.0,0.0,0.0,0.0,0.2999940001199976,0.0,0.0,0.0,0.05999880002399952,0.0,0.0,0.0,0.759984800303994,0.0,0.07999840003199936,0.0,0.05999880002399952,0.05999880002399952,0.05999880002399952,0.05999880002399952,0.05999880002399952,0.05999880002399952,0.05999880002399952,0.05999880002399952,0.0,0.0,0.0,0.15999680006399872,0.01999960000799984,0.01999960000799984,0.01999960000799984,0.03999920001599968,0.05999880002399952,0.05999880002399952,0.2999940001199976,0.2999940001199976,0.05999880002399952,0.0,0.0,0.999980000399992,0.0,0.0,0.0,0.03999920001599968,0.03999920001599968,0.03999920001599968,0.0,0.0,0.0,0.0,0.0,0.03999920001599968,0.03999920001599968,0.999980000399992,0.0,0.999980000399992,0.999980000399992,0.999980000399992,0.999980000399992,0.999980000399992,0.999980000399992,0.999980000399992,0.999980000399992,0.999980000399992,0.03999920001599968,0.999980000399992,0.999980000399992,0.1999960000799984,0.5399892002159957,0.999980000399992,0.499990000199996,0.619987600247995,0.619987600247995,0.05999880002399952,0.05999880002399952,0.05999880002399952,0.05999880002399952,0.07999840003199936,0.07999840003199936,0.05999880002399952,0.05999880002399952,0.05999880002399952,0.999980000399992,0.999980000399992,0.999980000399992,0.999980000399992,0.619987600247995,0.619987600247995,0.619987600247995,0.759984800303994,0.999980000399992,0.999980000399992,0.999980000399992,0.999980000399992,0.999980000399992,0.999980000399992,0.999980000399992,0.999980000399992,0.999980000399992,0.999980000399992,0.999980000399992,0.999980000399992,0.0,0.0,0.999980000399992
GDDY,0.0,0.0,0.0,0.19354214380181284,0.0,0.19354214380181284,0.19354214380181284,0.19354214380181284,0.25805619173575045,0.25805619173575045,0.0,0.0,0.0,0.999967742976033,0.0,0.7741685752072514,0.0,0.0,0.0,0.0,0.0,0.0,0.0,0.0,0.0,0.0,0.0,0.0,0.0,0.22579916776878164,0.0,0.0,0.0,0.29031321570271923,0.06451404793393761,0.0,0.19354214380181284,0.0,0.0,0.0,0.999967742976033,0.0,0.0,0.0,0.0,0.0,0.0,0.0,0.0,0.999967742976033,0.7741685752072514,0.0,0.0,0.0,0.999967742976033,0.6451404793393761,0.999967742976033,0.999967742976033,0.999967742976033,0.999967742976033,0.999967742976033,0.999967742976033,0.999967742976033,0.999967742976033,0.999967742976033,0.0,0.999967742976033,0.0,0.999967742976033,0.999967742976033,0.999967742976033,0.999967742976033,0.41934131157059445,0.999967742976033,0.0,0.999967742976033,0.0,0.0,0.0,0.0,0.0,0.0,0.999967742976033,0.0,0.12902809586787523,0.12902809586787523,0.999967742976033,0.0,0.0,0.0,0.29031321570271923,0.999967742976033,0.999967742976033,0.999967742976033,0.999967742976033,0.999967742976033,0.999967742976033,0.999967742976033,0.999967742976033,0.999967742976033,0.999967742976033,0.999967742976033,0.999967742976033,0.0,0.0,0.999967742976033
GE,0.0,0.0,0.0,0.022726756210086137,0.022726756210086137,0.1363605372605168,0.1363605372605168,0.022726756210086137,0.022726756210086137,0.0681802686302584,0.1363605372605168,0.022726756210086137,0.022726756210086137,0.0681802686302584,0.0,0.0681802686302584,0.1363605372605168,0.0681802686302584,0.0681802686302584,0.0681802686302584,0.0681802686302584,0.5454421490420672,0.5454421490420672,0.0681802686302584,0.0681802686302584,0.15908729347060294,0.4545351242017227,0.022726756210086137,0.8181632235631009,0.022726756210086137,0.022726756210086137,0.7954364673530148,0.04545351242017227,0.0681802686302584,0.0681802686302584,0.1363605372605168,0.1363605372605168,0.15908729347060294,0.022726756210086137,0.022726756210086137,0.4545351242017227,0.1363605372605168,0.04545351242017227,0.04545351242017227,0.022726756210086137,0.04545351242017227,0.04545351242017227,0.022726756210086137,0.022726756210086137,0.022726756210086137,0.022726756210086137,0.022726756210086137,0.04545351242017227,0.04545351242017227,0.9999772732437899,0.9999772732437899,0.3863548555714643,0.9999772732437899,0.9999772732437899,0.9999772732437899,0.9999772732437899,0.9999772732437899,0.9999772732437899,0.9999772732437899,0.659075930092498,0.04545351242017227,0.9999772732437899,0.4545351242017227,0.0681802686302584,0.3636280993613782,0.9999772732437899,0.9999772732437899,0.6136224176723256,0.9999772732437899,0.0681802686302584,0.0681802686302584,0.20454080589077522,0.3636280993613782,0.0681802686302584,0.0681802686302584,0.0681802686302584,0.0681802686302584,0.022726756210086137,0.11363378105043068,0.022726756210086137,0.9999772732437899,0.6136224176723256,0.4545351242017227,0.5454421490420672,0.5454421490420672,0.4545351242017227,0.9090702484034454,0.7045294425126702,0.8636167359832732,0.9999772732437899,0.3636280993613782,0.9999772732437899,0.9999772732437899,0.9999772732437899,0.9999772732437899,0.9999772732437899,0.9999772732437899,0.9999772732437899,0.0,0.0,0.9999772732437899
GEHC,0.0,0.0,0.0,0.0,0.0,0.0,0.0,0.0,0.0,0.0909008271975275,0.0,0.0,0.0,0.0,0.0,0.181801654395055,0.0,0.0909008271975275,0.0909008271975275,0.0909008271975275,0.0909008271975275,0.0909008271975275,0.0909008271975275,0.0,0.0909008271975275,0.0,0.0,0.0,0.0,0.0,0.0,0.0,0.0,0.0909008271975275,0.0909008271975275,0.9999090991728026,0.0,0.0,0.0,0.0,0.9999090991728026,0.0,0.0,0.0909008271975275,0.0909008271975275,0.0909008271975275,0.0909008271975275,0.0,0.0,0.0,0.0,0.0,0.0,0.0,0.9999090991728026,0.9999090991728026,0.0,0.9999090991728026,0.9999090991728026,0.9999090991728026,0.9999090991728026,0.9999090991728026,0.9999090991728026,0.9999090991728026,0.9999090991728026,0.0909008271975275,0.9999090991728026,0.9999090991728026,0.0909008271975275,0.9999090991728026,0.9999090991728026,0.9999090991728026,0.0909008271975275,0.0909008271975275,0.9999090991728026,0.0909008271975275,0.0909008271975275,0.4545041359876375,0.0909008271975275,0.0909008271975275,0.0909008271975275,0.0909008271975275,0.36360330879011,0.9999090991728026,0.0909008271975275,0.9999090991728026,0.0909008271975275,0.0909008271975275,0.0909008271975275,0.0909008271975275,0.181801654395055,0.9999090991728026,0.9999090991728026,0.9999090991728026,0.9999090991728026,0.9999090991728026,0.9999090991728026,0.9999090991728026,0.9999090991728026,0.9999090991728026,0.9999090991728026,0.9999090991728026,0.9999090991728026,0.0,0.0,0.9999090991728026
GEN,0.0,0.0,0.0,0.0,0.0,0.0,0.0,0.0,0.13725221074096586,0.17646712809552756,0.0,0.0,0.0,0.0,0.0,0.07842983470912335,0.0,0.1568596694182467,0.2941118801592126,0.1568596694182467,0.039214917354561674,0.039214917354561674,0.039214917354561674,0.039214917354561674,0.039214917354561674,0.0,0.0,0.0,0.0,0.019607458677280837,0.019607458677280837,0.019607458677280837,0.039214917354561674,0.039214917354561674,0.039214917354561674,0.0,0.0,0.039214917354561674,0.21568204545008923,0.019607458677280837,0.607831218995706,0.0,0.0,0.0,0.0,0.0,0.0,0.0,0.0,0.607831218995706,0.0,0.0,0.0,0.0,0.9999803925413228,0.9999803925413228,0.7842983470912336,0.9999803925413228,0.9999803925413228,0.9999803925413228,0.9999803925413228,0.9999803925413228,0.9999803925413228,0.9999803925413228,0.9999803925413228,0.0,0.9999803925413228,0.11764475206368503,0.2548969628046509,0.9999803925413228,0.9999803925413228,0.9999803925413228,0.6470461363502676,0.9999803925413228,0.039214917354561674,0.5882237603184252,0.039214917354561674,0.039214917354561674,0.07842983470912335,0.07842983470912335,0.039214917354561674,0.039214917354561674,0.9999803925413228,0.725475971059391,0.8039058057685143,0.11764475206368503,0.9999803925413228,0.039214917354561674,0.039214917354561674,0.039214917354561674,0.5882237603184252,0.9999803925413228,0.9999803925413228,0.9999803925413228,0.9999803925413228,0.9999803925413228,0.9999803925413228,0.9999803925413228,0.9999803925413228,0.9999803925413228,0.9999803925413228,0.9999803925413228,0.9999803925413228,0.0,0.0,0.9999803925413228
GEV,0.0,0.0,0.0,0.0,0.0,0.0,0.0,0.0,0.0,0.33329630041106545,0.0,0.0,0.0,0.0,0.0,0.5554938340184424,0.0,0.8887901344295079,0.33329630041106545,0.33329630041106545,0.33329630041106545,0.33329630041106545,0.33329630041106545,0.0,0.33329630041106545,0.0,0.5554938340184424,0.11109876680368849,0.9998889012331964,0.0,0.0,0.0,0.0,0.33329630041106545,0.33329630041106545,0.0,0.0,0.0,0.0,0.0,0.9998889012331964,0.0,0.11109876680368849,0.11109876680368849,0.11109876680368849,0.11109876680368849,0.11109876680368849,0.0,0.0,0.0,0.9998889012331964,0.0,0.11109876680368849,0.0,0.9998889012331964,0.9998889012331964,0.0,0.9998889012331964,0.9998889012331964,0.9998889012331964,0.9998889012331964,0.9998889012331964,0.9998889012331964,0.9998889012331964,0.9998889012331964,0.11109876680368849,0.9998889012331964,0.9998889012331964,0.8887901344295079,0.9998889012331964,0.9998889012331964,0.9998889012331964,0.33329630041106545,0.33329630041106545,0.5554938340184424,0.33329630041106545,0.9998889012331964,0.9998889012331964,0.33329630041106545,0.33329630041106545,0.33329630041106545,0.33329630041106545,0.33329630041106545,0.9998889012331964,0.33329630041106545,0.9998889012331964,0.9998889012331964,0.33329630041106545,0.33329630041106545,0.33329630041106545,0.44439506721475397,0.9998889012331964,0.9998889012331964,0.9998889012331964,0.9998889012331964,0.9998889012331964,0.9998889012331964,0.9998889012331964,0.9998889012331964,0.9998889012331964,0.9998889012331964,0.9998889012331964,0.9998889012331964,0.0,0.0,0.9998889012331964
GILD,0.0,0.0,0.0,0.0,0.0,0.0,0.0,0.0,0.0,0.042552286121571886,0.0,0.0,0.0,0.0,0.0,0.06382842918235783,0.0,0.1489330014255016,0.042552286121571886,0.042552286121571886,0.042552286121571886,0.042552286121571886,0.042552286121571886,0.06382842918235783,0.042552286121571886,0.0,0.0,0.0,0.0,0.0,0.0,0.0,0.021276143060785943,0.06382842918235783,0.06382842918235783,0.0,0.0,0.0,0.0,0.0,0.9999787238569393,0.42552286121571886,0.021276143060785943,0.0,0.0,0.021276143060785943,0.0,0.0,0.0,0.0,0.0,0.0,0.021276143060785943,0.021276143060785943,0.9999787238569393,0.9999787238569393,0.9999787238569393,0.9999787238569393,0.9999787238569393,0.9999787238569393,0.9999787238569393,0.9999787238569393,0.9999787238569393,0.9999787238569393,0.9999787238569393,0.021276143060785943,0.9999787238569393,0.9999787238569393,0.21276143060785943,0.7659411501882939,0.9999787238569393,0.9999787238569393,0.5319035765196486,0.9999787238569393,0.042552286121571886,0.042552286121571886,0.042552286121571886,0.042552286121571886,0.08510457224314377,0.1489330014255016,0.06382842918235783,0.042552286121571886,0.9999787238569393,0.042552286121571886,0.042552286121571886,0.9999787238569393,0.9999787238569393,0.10638071530392972,0.5531797195804344,0.7446650071275079,0.9999787238569393,0.9999787238569393,0.9999787238569393,0.9999787238569393,0.9999787238569393,0.9999787238569393,0.9999787238569393,0.9999787238569393,0.9999787238569393,0.9999787238569393,0.9999787238569393,0.9999787238569393,0.9999787238569393,0.0,0.0,0.9999787238569393
GIS,0.0,0.0,0.0,0.5249868753281168,0.02499937501562461,0.5249868753281168,0.5249868753281168,0.5249868753281168,0.02499937501562461,0.09999750006249844,0.02499937501562461,0.02499937501562461,0.02499937501562461,0.09999750006249844,0.0,0.09999750006249844,0.0,0.09999750006249844,0.09999750006249844,0.09999750006249844,0.09999750006249844,0.09999750006249844,0.09999750006249844,0.02499937501562461,0.09999750006249844,0.02499937501562461,0.02499937501562461,0.02499937501562461,0.02499937501562461,0.5249868753281168,0.02499937501562461,0.02499937501562461,0.02499937501562461,0.5499862503437415,0.09999750006249844,0.02499937501562461,0.12499687507812306,0.09999750006249844,0.02499937501562461,0.02499937501562461,0.09999750006249844,0.9999750006249845,0.02499937501562461,0.02499937501562461,0.04999875003124922,0.02499937501562461,0.02499937501562461,0.02499937501562461,0.02499937501562461,0.02499937501562461,0.02499937501562461,0.02499937501562461,0.04999875003124922,0.02499937501562461,0.9999750006249845,0.9999750006249845,0.9999750006249845,0.9999750006249845,0.9999750006249845,0.9999750006249845,0.9999750006249845,0.9999750006249845,0.9999750006249845,0.9999750006249845,0.9999750006249845,0.04999875003124922,0.9999750006249845,0.12499687507812306,0.09999750006249844,0.9999750006249845,0.9999750006249845,0.9999750006249845,0.6249843753906152,0.6749831254218644,0.09999750006249844,0.09999750006249844,0.09999750006249844,0.09999750006249844,0.12499687507812306,0.12499687507812306,0.02499937501562461,0.09999750006249844,0.09999750006249844,0.9999750006249845,0.09999750006249844,0.9999750006249845,0.9999750006249845,0.9999750006249845,0.9999750006249845,0.9999750006249845,0.9999750006249845,0.9999750006249845,0.9999750006249845,0.9999750006249845,0.9999750006249845,0.9999750006249845,0.9999750006249845,0.9999750006249845,0.9999750006249845,0.9999750006249845,0.9999750006249845,0.9999750006249845,0.9999750006249845,0.0,0.0,0.9999750006249845
GL,0.0,0.0,0.0,0.0,0.0,0.14285422746474563,0.14285422746474563,0.0,0.0,0.0,0.14285422746474563,0.0,0.0,0.9999795922532194,0.0,0.020407746780677947,0.0,0.0,0.0,0.0,0.0,0.9999795922532194,0.9999795922532194,0.0,0.0,0.14285422746474563,0.040815493561355894,0.0,0.0,0.020407746780677947,0.020407746780677947,0.24489296136813535,0.040815493561355894,0.0,0.0,0.9999795922532194,0.14285422746474563,0.040815493561355894,0.0,0.0,0.9999795922532194,0.9999795922532194,0.0,0.0,0.0,0.0,0.0,0.0,0.0,0.9999795922532194,0.9999795922532194,0.9999795922532194,0.0,0.0,0.9999795922532194,0.9999795922532194,0.775494377665762,0.9999795922532194,0.9999795922532194,0.0,0.9999795922532194,0.0,0.0,0.0,0.9999795922532194,0.0,0.9999795922532194,0.9999795922532194,0.14285422746474563,0.34693169527152506,0.9999795922532194,0.8571253647884738,0.9999795922532194,0.9999795922532194,0.9999795922532194,0.9999795922532194,0.9999795922532194,0.775494377665762,0.10203873390338973,0.10203873390338973,0.9999795922532194,0.0,0.0,0.0,0.9999795922532194,0.28570845492949126,0.9999795922532194,0.9999795922532194,0.9999795922532194,0.9999795922532194,0.9999795922532194,0.9999795922532194,0.9999795922532194,0.6734556437623722,0.9999795922532194,0.0,0.0,0.9999795922532194,0.9999795922532194,0.9999795922532194,0.9999795922532194,0.9999795922532194,0.9999795922532194,0.0,0.0,0.9999795922532194
GLW,0.0,0.0,0.0,0.4799904001919962,0.0,0.4799904001919962,0.4799904001919962,0.4799904001919962,0.0,0.01999960000799984,0.0,0.0,0.0,0.01999960000799984,0.0,0.05999880002399952,0.0,0.01999960000799984,0.1399972000559989,0.01999960000799984,0.01999960000799984,0.01999960000799984,0.01999960000799984,0.07999840003199936,0.01999960000799984,0.0,0.0,0.0,0.0,0.499990000199996,0.0,0.0,0.0,0.499990000199996,0.03999920001599968,0.0,0.0,0.07999840003199936,0.0,0.41999160016799664,0.0,0.0,0.0,0.0,0.0,0.0,0.0,0.0,0.0,0.0,0.0,0.0,0.0,0.0,0.999980000399992,0.999980000399992,0.999980000399992,0.999980000399992,0.999980000399992,0.999980000399992,0.999980000399992,0.999980000399992,0.999980000399992,0.999980000399992,0.999980000399992,0.0,0.999980000399992,0.999980000399992,0.01999960000799984,0.999980000399992,0.999980000399992,0.9199816003679927,0.5799884002319954,0.6799864002719946,0.01999960000799984,0.01999960000799984,0.01999960000799984,0.01999960000799984,0.01999960000799984,0.01999960000799984,0.07999840003199936,0.01999960000799984,0.01999960000799984,0.5599888002239956,0.01999960000799984,0.999980000399992,0.7999840003199936,0.499990000199996,0.5799884002319954,0.499990000199996,0.999980000399992,0.999980000399992,0.999980000399992,0.999980000399992,0.999980000399992,0.999980000399992,0.999980000399992,0.999980000399992,0.999980000399992,0.999980000399992,0.999980000399992,0.999980000399992,0.999980000399992,0.0,0.0,0.999980000399992
GM,0.0,0.0,0.0,0.022221728406035424,0.022221728406035424,0.31110419768449593,0.022221728406035424,0.022221728406035424,0.022221728406035424,0.022221728406035424,0.022221728406035424,0.022221728406035424,0.022221728406035424,0.733317037399169,0.0,0.04444345681207085,0.0,0.9999777782715941,0.9999777782715941,0.022221728406035424,0.022221728406035424,0.06666518521810627,0.06666518521810627,0.06666518521810627,0.022221728406035424,0.31110419768449593,0.0,0.0,0.33332592609053135,0.0,0.0,0.0,0.0,0.06666518521810627,0.06666518521810627,0.31110419768449593,0.31110419768449593,0.0,0.022221728406035424,0.022221728406035424,0.7999822226172753,0.022221728406035424,0.0,0.0,0.0,0.0,0.0,0.022221728406035424,0.022221728406035424,0.022221728406035424,0.022221728406035424,0.022221728406035424,0.0,0.0,0.9999777782715941,0.9999777782715941,0.9999777782715941,0.9999777782715941,0.9999777782715941,0.9999777782715941,0.9999777782715941,0.9999777782715941,0.9999777782715941,0.9999777782715941,0.5110997533388147,0.0,0.9999777782715941,0.3555476544965668,0.9999777782715941,0.9999777782715941,0.9999777782715941,0.9999777782715941,0.9999777782715941,0.9999777782715941,0.5333214817448502,0.06666518521810627,0.06666518521810627,0.1999955556543188,0.5999866669629564,0.5999866669629564,0.06666518521810627,0.022221728406035424,0.9999777782715941,0.9999777782715941,0.022221728406035424,0.9999777782715941,0.9999777782715941,0.06666518521810627,0.06666518521810627,0.06666518521810627,0.9777560498655586,0.888869136241417,0.9999777782715941,0.9999777782715941,0.9999777782715941,0.9999777782715941,0.9999777782715941,0.9999777782715941,0.9999777782715941,0.9999777782715941,0.9999777782715941,0.9999777782715941,0.9999777782715941,0.0,0.0,0.9999777782715941
GNRC,0.0,0.0,0.0,0.1860421850654636,0.0,0.1860421850654636,0.1860421850654636,0.1860421850654636,0.0465105462663659,0.0465105462663659,0.0,0.0,0.0,0.0,0.0,0.0930210925327318,0.0,0.0465105462663659,0.0465105462663659,0.0465105462663659,0.0465105462663659,0.0465105462663659,0.0465105462663659,0.0465105462663659,0.0465105462663659,0.0,0.0,0.0,0.0,0.20929745819864656,0.0,0.0,0.02325527313318295,0.20929745819864656,0.06976581939954885,0.0,0.0,0.0,0.0,0.0,0.9999767447268668,0.0,0.02325527313318295,0.02325527313318295,0.0,0.02325527313318295,0.0,0.0,0.0,0.0,0.0,0.0,0.02325527313318295,0.02325527313318295,0.9999767447268668,0.9999767447268668,0.2790632775981954,0.9999767447268668,0.9999767447268668,0.9999767447268668,0.9999767447268668,0.9999767447268668,0.9999767447268668,0.9999767447268668,0.9999767447268668,0.02325527313318295,0.9999767447268668,0.2790632775981954,0.0930210925327318,0.9999767447268668,0.9999767447268668,0.9999767447268668,0.7209134671286714,0.48836073579684197,0.20929745819864656,0.0465105462663659,0.0465105462663659,0.0465105462663659,0.0930210925327318,0.0930210925327318,0.0930210925327318,0.0465105462663659,0.1860421850654636,0.9999767447268668,0.3488290969977443,0.9999767447268668,0.9999767447268668,0.2790632775981954,0.5581265551963908,0.6511476477291226,0.48836073579684197,0.9999767447268668,0.9999767447268668,0.9999767447268668,0.9999767447268668,0.9999767447268668,0.9999767447268668,0.9999767447268668,0.9999767447268668,0.9999767447268668,0.9999767447268668,0.9999767447268668,0.9999767447268668,0.0,0.0,0.9999767447268668
GOOGL,0.0,0.0,0.0,0.0,0.0,0.0,0.0,0.0,0.0,0.031249023468016626,0.0,0.0,0.0,0.0,0.0,0.031249023468016626,0.0,0.031249023468016626,0.031249023468016626,0.031249023468016626,0.031249023468016626,0.031249023468016626,0.031249023468016626,0.0,0.031249023468016626,0.0,0.0,0.031249023468016626,0.0,0.0,0.0,0.0,0.031249023468016626,0.06249804693603325,0.06249804693603325,0.0,0.0,0.7187275397643824,0.0,0.0,0.999968750976532,0.999968750976532,0.0,0.0,0.031249023468016626,0.031249023468016626,0.031249023468016626,0.0,0.0,0.999968750976532,0.0,0.0,0.0,0.031249023468016626,0.999968750976532,0.999968750976532,0.999968750976532,0.999968750976532,0.999968750976532,0.999968750976532,0.999968750976532,0.999968750976532,0.999968750976532,0.999968750976532,0.999968750976532,0.031249023468016626,0.999968750976532,0.999968750976532,0.031249023468016626,0.999968750976532,0.999968750976532,0.031249023468016626,0.2812412112121496,0.2812412112121496,0.031249023468016626,0.18749414080809976,0.031249023468016626,0.031249023468016626,0.031249023468016626,0.031249023468016626,0.1249960938720665,0.031249023468016626,0.999968750976532,0.999968750976532,0.999968750976532,0.999968750976532,0.999968750976532,0.031249023468016626,0.031249023468016626,0.06249804693603325,0.3749882816161995,0.999968750976532,0.999968750976532,0.999968750976532,0.999968750976532,0.999968750976532,0.999968750976532,0.999968750976532,0.999968750976532,0.999968750976532,0.999968750976532,0.999968750976532,0.999968750976532,0.0,0.0,0.999968750976532
GPC,0.0,0.0,0.0,0.4545351242017227,0.0,0.4545351242017227,0.4545351242017227,0.4545351242017227,0.0,0.0,0.0,0.0,0.0,0.9999772732437899,0.0,0.022726756210086137,0.0,0.022726756210086137,0.11363378105043068,0.022726756210086137,0.0,0.022726756210086137,0.022726756210086137,0.15908729347060294,0.0,0.0,0.0,0.0,0.0,0.4545351242017227,0.0,0.7045294425126702,0.022726756210086137,0.49998863662189497,0.022726756210086137,0.0,0.0,0.0,0.022726756210086137,0.0,0.9999772732437899,0.0,0.0,0.0,0.022726756210086137,0.022726756210086137,0.022726756210086137,0.0,0.0,0.0,0.0,0.0,0.022726756210086137,0.022726756210086137,0.9999772732437899,0.9999772732437899,0.0,0.9999772732437899,0.9999772732437899,0.9999772732437899,0.9999772732437899,0.9999772732437899,0.9999772732437899,0.9999772732437899,0.9999772732437899,0.022726756210086137,0.9999772732437899,0.1818140496806891,0.04545351242017227,0.840889979773187,0.9999772732437899,0.840889979773187,0.5908956614622395,0.9999772732437899,0.9999772732437899,0.022726756210086137,0.6363491738824117,0.0,0.022726756210086137,0.022726756210086137,0.0,0.022726756210086137,0.9999772732437899,0.022726756210086137,0.022726756210086137,0.9999772732437899,0.9999772732437899,0.9999772732437899,0.9999772732437899,0.9999772732437899,0.9999772732437899,0.9999772732437899,0.9999772732437899,0.9999772732437899,0.9999772732437899,0.9999772732437899,0.9999772732437899,0.9999772732437899,0.9999772732437899,0.9999772732437899,0.9999772732437899,0.9999772732437899,0.9999772732437899,0.0,0.0,0.9999772732437899
GPN,0.0,0.0,0.0,0.03999920001599968,0.03999920001599968,0.03999920001599968,0.03999920001599968,0.03999920001599968,0.03999920001599968,0.07999840003199936,0.03999920001599968,0.07999840003199936,0.07999840003199936,0.999980000399992,0.0,0.07999840003199936,0.0,0.07999840003199936,0.35999280014399715,0.07999840003199936,0.07999840003199936,0.07999840003199936,0.07999840003199936,0.07999840003199936,0.07999840003199936,0.03999920001599968,0.07999840003199936,0.03999920001599968,0.8399832003359933,0.07999840003199936,0.01999960000799984,0.01999960000799984,0.01999960000799984,0.11999760004799905,0.11999760004799905,0.03999920001599968,0.03999920001599968,0.07999840003199936,0.03999920001599968,0.03999920001599968,0.999980000399992,0.1399972000559989,0.01999960000799984,0.03999920001599968,0.03999920001599968,0.01999960000799984,0.01999960000799984,0.07999840003199936,0.07999840003199936,0.619987600247995,0.07999840003199936,0.07999840003199936,0.03999920001599968,0.03999920001599968,0.999980000399992,0.999980000399992,0.5399892002159957,0.999980000399992,0.999980000399992,0.999980000399992,0.999980000399992,0.999980000399992,0.999980000399992,0.999980000399992,0.999980000399992,0.03999920001599968,0.999980000399992,0.1399972000559989,0.15999680006399872,0.3999920001599968,0.8399832003359933,0.999980000399992,0.5799884002319954,0.5599888002239956,0.07999840003199936,0.6799864002719946,0.07999840003199936,0.2799944001119978,0.35999280014399715,0.35999280014399715,0.07999840003199936,0.07999840003199936,0.9199816003679927,0.07999840003199936,0.07999840003199936,0.999980000399992,0.999980000399992,0.3399932001359973,0.5399892002159957,0.5399892002159957,0.619987600247995,0.999980000399992,0.999980000399992,0.8399832003359933,0.999980000399992,0.999980000399992,0.999980000399992,0.999980000399992,0.999980000399992,0.999980000399992,0.999980000399992,0.999980000399992,0.999980000399992,0.0,0.0,0.999980000399992
GRMN,0.0,0.0,0.0,0.0,0.0,0.0,0.0,0.0,0.0,0.019607458677280837,0.0,0.0,0.0,0.0,0.0,0.05882237603184252,0.0,0.9999803925413228,0.9999803925413228,0.019607458677280837,0.019607458677280837,0.019607458677280837,0.019607458677280837,0.07842983470912335,0.019607458677280837,0.0,0.07842983470912335,0.0,0.8627281818003569,0.019607458677280837,0.019607458677280837,0.019607458677280837,0.019607458677280837,0.019607458677280837,0.019607458677280837,0.0,0.0,0.019607458677280837,0.0,0.0,0.49018646693202095,0.11764475206368503,0.0,0.0,0.019607458677280837,0.019607458677280837,0.0,0.0,0.0,0.0,0.0,0.0,0.019607458677280837,0.019607458677280837,0.9999803925413228,0.9999803925413228,0.5490088429638634,0.9999803925413228,0.9999803925413228,0.9999803925413228,0.9999803925413228,0.9999803925413228,0.9999803925413228,0.9999803925413228,0.9999803925413228,0.019607458677280837,0.9999803925413228,0.9999803925413228,0.9999803925413228,0.9999803925413228,0.9999803925413228,0.9999803925413228,0.49018646693202095,0.9999803925413228,0.019607458677280837,0.019607458677280837,0.019607458677280837,0.019607458677280837,0.019607458677280837,0.019607458677280837,0.9999803925413228,0.019607458677280837,0.0980372933864042,0.9999803925413228,0.9999803925413228,0.9999803925413228,0.9999803925413228,0.019607458677280837,0.019607458677280837,0.019607458677280837,0.9999803925413228,0.9999803925413228,0.9999803925413228,0.9999803925413228,0.9999803925413228,0.9999803925413228,0.9999803925413228,0.9999803925413228,0.9999803925413228,0.9999803925413228,0.9999803925413228,0.9999803925413228,0.9999803925413228,0.0,0.0,0.9999803925413228
GS,0.0,0.0,0.0,0.18366972102610152,0.020407746780677947,0.9999795922532194,0.9999795922532194,0.18366972102610152,0.020407746780677947,0.020407746780677947,0.9999795922532194,0.020407746780677947,0.020407746780677947,0.9999795922532194,0.0,0.10203873390338973,0.12244648068406767,0.4081549356135589,0.12244648068406767,0.12244648068406767,0.020407746780677947,0.9999795922532194,0.9999795922532194,0.16326197424542357,0.020407746780677947,0.9999795922532194,0.020407746780677947,0.0,0.18366972102610152,0.2244852145874574,0.040815493561355894,0.9999795922532194,0.08163098712271179,0.2244852145874574,0.06122324034203384,0.9999795922532194,0.9999795922532194,0.0,0.020407746780677947,0.12244648068406767,0.7346788841044061,0.06122324034203384,0.0,0.0,0.020407746780677947,0.020407746780677947,0.020407746780677947,0.020407746780677947,0.020407746780677947,0.9999795922532194,0.9999795922532194,0.9999795922532194,0.020407746780677947,0.020407746780677947,0.18366972102610152,0.18366972102610152,0.34693169527152506,0.18366972102610152,0.020407746780677947,0.9999795922532194,0.9999795922532194,0.9999795922532194,0.9999795922532194,0.9999795922532194,0.9999795922532194,0.020407746780677947,0.9999795922532194,0.9999795922532194,0.9999795922532194,0.5714169098589825,0.9999795922532194,0.32652394849084715,0.5714169098589825,0.9999795922532194,0.9999795922532194,0.9999795922532194,0.9999795922532194,0.5306014162976266,0.5306014162976266,0.12244648068406767,0.12244648068406767,0.020407746780677947,0.020407746780677947,0.020407746780677947,0.9999795922532194,0.9999795922532194,0.9999795922532194,0.7346788841044061,0.9999795922532194,0.9999795922532194,0.9999795922532194,0.5306014162976266,0.020407746780677947,0.3061162017101692,0.755086630885084,0.9999795922532194,0.9999795922532194,0.9999795922532194,0.9999795922532194,0.9999795922532194,0.9999795922532194,0.9999795922532194,0.9999795922532194,0.0,0.0,0.9999795922532194
GWW,0.0,0.0,0.0,0.0,0.0,0.0,0.0,0.0,0.0,0.0,0.0,0.0,0.0,0.9999791671006855,0.0,0.04166579862919523,0.0,0.0,0.0,0.0,0.0,0.0,0.0,0.0,0.0,0.0,0.0,0.0,0.27082769108976895,0.020832899314597614,0.020832899314597614,0.020832899314597614,0.04166579862919523,0.04166579862919523,0.04166579862919523,0.0,0.0,0.0,0.0,0.22916189246057375,0.37499218766275705,0.06249869794379284,0.0,0.0,0.04166579862919523,0.0,0.0,0.0,0.0,0.0,0.0,0.0,0.04166579862919523,0.04166579862919523,0.9999791671006855,0.5624882814941355,0.0,0.9999791671006855,0.9999791671006855,0.9999791671006855,0.9999791671006855,0.9999791671006855,0.9999791671006855,0.9999791671006855,0.9999791671006855,0.04166579862919523,0.9999791671006855,0.22916189246057375,0.43749088560654986,0.9999791671006855,0.9999791671006855,0.7499843753255141,0.6249869794379284,0.9999791671006855,0.0,0.0,0.9999791671006855,0.0,0.0,0.0,0.08333159725839046,0.0,0.0,0.04166579862919523,0.0,0.9999791671006855,0.9999791671006855,0.9999791671006855,0.9999791671006855,0.9999791671006855,0.9999791671006855,0.9999791671006855,0.9999791671006855,0.9999791671006855,0.9999791671006855,0.9999791671006855,0.9999791671006855,0.9999791671006855,0.9999791671006855,0.9999791671006855,0.9999791671006855,0.9999791671006855,0.9999791671006855,0.0,0.0,0.9999791671006855
HAL,0.0,0.0,0.0,0.0,0.0,0.3999920001599968,0.0,0.0,0.0,0.01999960000799984,0.0,0.0,0.0,0.01999960000799984,0.0,0.07999840003199936,0.0,0.0999980000399992,0.15999680006399872,0.01999960000799984,0.01999960000799984,0.01999960000799984,0.01999960000799984,0.01999960000799984,0.01999960000799984,0.0,0.7999840003199936,0.0,0.8399832003359933,0.0,0.0,0.0,0.0,0.03999920001599968,0.03999920001599968,0.3999920001599968,0.3999920001599968,0.0,0.01999960000799984,0.0999980000399992,0.0,0.999980000399992,0.0,0.0,0.0,0.0,0.0,0.0,0.0,0.0,0.0,0.0,0.0,0.0,0.999980000399992,0.999980000399992,0.999980000399992,0.999980000399992,0.999980000399992,0.999980000399992,0.999980000399992,0.999980000399992,0.999980000399992,0.999980000399992,0.999980000399992,0.0,0.999980000399992,0.0999980000399992,0.31999360012799744,0.7999840003199936,0.999980000399992,0.999980000399992,0.5999880002399952,0.5999880002399952,0.01999960000799984,0.01999960000799984,0.01999960000799984,0.01999960000799984,0.01999960000799984,0.01999960000799984,0.999980000399992,0.01999960000799984,0.01999960000799984,0.999980000399992,0.01999960000799984,0.999980000399992,0.999980000399992,0.41999160016799664,0.41999160016799664,0.999980000399992,0.999980000399992,0.999980000399992,0.999980000399992,0.999980000399992,0.999980000399992,0.999980000399992,0.999980000399992,0.999980000399992,0.999980000399992,0.999980000399992,0.999980000399992,0.999980000399992,0.999980000399992,0.0,0.0,0.999980000399992
HAS,0.0,0.0,0.0,0.06976581939954885,0.0,0.06976581939954885,0.06976581939954885,0.06976581939954885,0.0,0.0,0.0,0.0,0.0,0.0,0.0,0.06976581939954885,0.0,0.0,0.0,0.0,0.0,0.0,0.0,0.0,0.0,0.0,0.0,0.0,0.0,0.0930210925327318,0.0,0.02325527313318295,0.0465105462663659,0.06976581939954885,0.06976581939954885,0.0,0.06976581939954885,0.0465105462663659,0.0,0.0,0.0,0.0,0.0,0.0,0.02325527313318295,0.02325527313318295,0.02325527313318295,0.0,0.0,0.0,0.0,0.0,0.02325527313318295,0.02325527313318295,0.9999767447268668,0.9999767447268668,0.5813818283295737,0.9999767447268668,0.9999767447268668,0.9999767447268668,0.9999767447268668,0.9999767447268668,0.9999767447268668,0.9999767447268668,0.9999767447268668,0.02325527313318295,0.9999767447268668,0.0465105462663659,0.5813818283295737,0.9999767447268668,0.9999767447268668,0.9999767447268668,0.5581265551963908,0.9999767447268668,0.0,0.0,0.0,0.0,0.0,0.0,0.0,0.0,0.0,0.0,0.5581265551963908,0.9999767447268668,0.9999767447268668,0.48836073579684197,0.48836073579684197,0.7209134671286714,0.6511476477291226,0.9999767447268668,0.9999767447268668,0.9999767447268668,0.9999767447268668,0.9999767447268668,0.9999767447268668,0.9999767447268668,0.9999767447268668,0.9999767447268668,0.9999767447268668,0.9999767447268668,0.9999767447268668,0.0,0.0,0.9999767447268668
HBAN,0.0,0.0,0.0,0.5813818283295737,0.0,0.9999767447268668,0.9999767447268668,0.5813818283295737,0.0,0.0,0.9999767447268668,0.0,0.0,0.9999767447268668,0.0,0.0930210925327318,0.0,0.2790632775981954,0.0,0.0,0.0,0.9999767447268668,0.9999767447268668,0.0,0.0,0.02325527313318295,0.0465105462663659,0.02325527313318295,0.0930210925327318,0.5116160089300249,0.0,0.9999767447268668,0.02325527313318295,0.6511476477291226,0.06976581939954885,0.9999767447268668,0.9999767447268668,0.0,0.0,0.0,0.9999767447268668,0.0,0.0,0.02325527313318295,0.0,0.02325527313318295,0.02325527313318295,0.0,0.0,0.9999767447268668,0.9999767447268668,0.9999767447268668,0.0,0.02325527313318295,0.0,0.0,0.1860421850654636,0.0,0.0,0.9999767447268668,0.9999767447268668,0.9999767447268668,0.9999767447268668,0.9999767447268668,0.39533964326411014,0.02325527313318295,0.9999767447268668,0.9999767447268668,0.2790632775981954,0.9999767447268668,0.8604451059277691,0.9999767447268668,0.5813818283295737,0.9999767447268668,0.9999767447268668,0.9999767447268668,0.9999767447268668,0.0,0.1395316387990977,0.1395316387990977,0.0,0.0,0.0,0.465105462663659,0.6511476477291226,0.9999767447268668,0.9999767447268668,0.6744029208623056,0.9999767447268668,0.9999767447268668,0.9999767447268668,0.0,0.0,0.1860421850654636,0.3720843701309272,0.9999767447268668,0.9999767447268668,0.9999767447268668,0.9999767447268668,0.9999767447268668,0.9999767447268668,0.9999767447268668,0.9999767447268668,0.0,0.0,0.9999767447268668
HCA,0.0,0.0,0.0,0.4042467181549329,0.0,0.9999787238569393,0.9999787238569393,0.4042467181549329,0.9787025807961534,0.9787025807961534,0.9999787238569393,0.0,0.0,0.9999787238569393,0.0,0.08510457224314377,0.0,0.06382842918235783,0.06382842918235783,0.06382842918235783,0.06382842918235783,0.06382842918235783,0.06382842918235783,0.9148741516137955,0.06382842918235783,0.0,0.0,0.021276143060785943,0.0,0.4042467181549329,0.0,0.9999787238569393,0.0,0.4042467181549329,0.06382842918235783,0.9999787238569393,0.9999787238569393,0.0,0.0,0.23403757366864536,0.9999787238569393,0.5957320057020064,0.021276143060785943,0.021276143060785943,0.021276143060785943,0.0,0.0,0.0,0.0,0.9999787238569393,0.0,0.0,0.0,0.021276143060785943,0.9999787238569393,0.9999787238569393,0.5319035765196486,0.9999787238569393,0.9999787238569393,0.9999787238569393,0.9999787238569393,0.9999787238569393,0.9999787238569393,0.9999787238569393,0.9999787238569393,0.021276143060785943,0.9999787238569393,0.0,0.06382842918235783,0.8935980085530095,0.9999787238569393,0.9999787238569393,0.4680751473372907,0.4680751473372907,0.06382842918235783,0.06382842918235783,0.06382842918235783,0.06382842918235783,0.06382842918235783,0.06382842918235783,0.9999787238569393,0.06382842918235783,0.9999787238569393,0.9999787238569393,0.06382842918235783,0.9999787238569393,0.7446650071275079,0.8935980085530095,0.8935980085530095,0.9999787238569393,0.9999787238569393,0.9999787238569393,0.9999787238569393,0.9999787238569393,0.9999787238569393,0.9999787238569393,0.9999787238569393,0.9999787238569393,0.9999787238569393,0.9999787238569393,0.9999787238569393,0.9999787238569393,0.9999787238569393,0.0,0.0,0.9999787238569393
HD,0.0,0.0,0.0,0.0,0.0,0.0,0.0,0.0,0.1568596694182467,0.1568596694182467,0.0,0.0,0.0,0.9999803925413228,0.0,0.039214917354561674,0.0,0.0,0.05882237603184252,0.0,0.0,0.0,0.0,0.0,0.0,0.0,0.0,0.0,0.0,0.0,0.0,0.0,0.0,0.019607458677280837,0.019607458677280837,0.0,0.0,0.0,0.0,0.0,0.9999803925413228,0.8431207231230761,0.0,0.0,0.0,0.0,0.0,0.0,0.0,0.9999803925413228,0.0,0.0,0.0,0.0,0.9999803925413228,0.9999803925413228,0.9999803925413228,0.9999803925413228,0.9999803925413228,0.9999803925413228,0.9999803925413228,0.9999803925413228,0.9999803925413228,0.9999803925413228,0.9999803925413228,0.0,0.9999803925413228,0.0,0.0,0.9999803925413228,0.9999803925413228,0.13725221074096586,0.5882237603184252,0.5882237603184252,0.0,0.21568204545008923,0.0,0.0,0.0,0.0,0.7646908884139527,0.0,0.0,0.9999803925413228,0.9999803925413228,0.9999803925413228,0.9999803925413228,0.0,0.0,0.9999803925413228,0.6470461363502676,0.9999803925413228,0.9999803925413228,0.9999803925413228,0.9999803925413228,0.9999803925413228,0.9999803925413228,0.9999803925413228,0.9999803925413228,0.9999803925413228,0.9999803925413228,0.9999803925413228,0.9999803925413228,0.0,0.0,0.9999803925413228
HIG,0.0,0.0,0.0,0.0,0.0,0.9999821431760147,0.821413903323155,0.0,0.0,0.0,0.821413903323155,0.0,0.0,0.9999821431760147,0.0,0.03571364797057196,0.0,0.0,0.3928501276762915,0.0,0.0,0.9999821431760147,0.9999821431760147,0.0,0.0,0.5714183675291513,0.0,0.0,0.0,0.0,0.0,0.857127551293727,0.03571364797057196,0.0,0.0,0.9999821431760147,0.9999821431760147,0.0,0.0,0.053570471955857936,0.9999821431760147,0.37499330369100553,0.0,0.0,0.0,0.0,0.0,0.0,0.0,0.9999821431760147,0.785700255352583,0.5535615435438653,0.0,0.0,0.9999821431760147,0.9999821431760147,0.9999821431760147,0.9999821431760147,0.9999821431760147,0.0,0.9999821431760147,0.2321387118087177,0.0,0.053570471955857936,0.9999821431760147,0.0,0.9999821431760147,0.9999821431760147,0.28570918376457566,0.2321387118087177,0.30356600774986164,0.6607024874555811,0.6249888394850093,0.9999821431760147,0.9999821431760147,0.9999821431760147,0.9999821431760147,0.0,0.053570471955857936,0.053570471955857936,0.12499776789700184,0.0,0.0,0.14285459188228783,0.821413903323155,0.7499866073820111,0.9999821431760147,0.9999821431760147,0.9999821431760147,0.9999821431760147,0.9999821431760147,0.9999821431760147,0.821413903323155,0.9642684952054428,0.9999821431760147,0.053570471955857936,0.5535615435438653,0.9999821431760147,0.9999821431760147,0.9999821431760147,0.9999821431760147,0.9999821431760147,0.9999821431760147,0.0,0.0,0.9999821431760147
HII,0.0,0.0,0.0,0.0,0.0,0.4545351242017227,0.0,0.0,0.0,0.022726756210086137,0.0,0.0,0.0,0.022726756210086137,0.0,0.09090702484034455,0.0,0.022726756210086137,0.3181745869412059,0.022726756210086137,0.022726756210086137,0.022726756210086137,0.022726756210086137,0.022726756210086137,0.022726756210086137,0.0,0.0,0.0,0.0,0.0,0.0,0.0,0.0,0.04545351242017227,0.04545351242017227,0.4545351242017227,0.4545351242017227,0.0,0.0,0.0,0.9999772732437899,0.09090702484034455,0.0,0.0,0.0,0.0,0.0,0.0,0.0,0.9999772732437899,0.0,0.0,0.0,0.0,0.9999772732437899,0.9999772732437899,0.5908956614622395,0.9999772732437899,0.9999772732437899,0.9999772732437899,0.9999772732437899,0.9999772732437899,0.9999772732437899,0.9999772732437899,0.9999772732437899,0.0,0.9999772732437899,0.022726756210086137,0.09090702484034455,0.9999772732437899,0.9999772732437899,0.9090702484034454,0.5454421490420672,0.9090702484034454,0.022726756210086137,0.9317970046135315,0.022726756210086137,0.022726756210086137,0.022726756210086137,0.022726756210086137,0.022726756210086137,0.022726756210086137,0.11363378105043068,0.9999772732437899,0.9999772732437899,0.9999772732437899,0.9999772732437899,0.49998863662189497,0.49998863662189497,0.9999772732437899,0.49998863662189497,0.9999772732437899,0.9999772732437899,0.9999772732437899,0.9999772732437899,0.9999772732437899,0.9999772732437899,0.9999772732437899,0.9999772732437899,0.9999772732437899,0.9999772732437899,0.9999772732437899,0.9999772732437899,0.0,0.0,0.9999772732437899
HLT,0.0,0.0,0.0,0.0,0.0,0.999973684903029,0.0,0.0,0.5526170363937791,0.6052472303360438,0.0,0.0,0.0,0.999973684903029,0.0,0.10526038788452936,0.0,0.05263019394226468,0.8683982000473672,0.05263019394226468,0.05263019394226468,0.05263019394226468,0.05263019394226468,0.0,0.05263019394226468,0.0,0.0,0.0,0.0,0.0,0.0,0.0,0.0,0.05263019394226468,0.05263019394226468,0.999973684903029,0.999973684903029,0.0,0.0,0.0,0.6315623273071762,0.5526170363937791,0.02631509697113234,0.02631509697113234,0.0,0.02631509697113234,0.02631509697113234,0.0,0.0,0.5526170363937791,0.0,0.0,0.0,0.02631509697113234,0.999973684903029,0.999973684903029,0.6052472303360438,0.999973684903029,0.999973684903029,0.999973684903029,0.999973684903029,0.999973684903029,0.999973684903029,0.999973684903029,0.999973684903029,0.02631509697113234,0.999973684903029,0.3420962606247204,0.05263019394226468,0.999973684903029,0.999973684903029,0.999973684903029,0.4473566485092498,0.4473566485092498,0.05263019394226468,0.6841925212494409,0.05263019394226468,0.05263019394226468,0.05263019394226468,0.05263019394226468,0.23683587274019105,0.05263019394226468,0.3420962606247204,0.21052077576905873,0.05263019394226468,0.999973684903029,0.999973684903029,0.05263019394226468,0.05263019394226468,0.05263019394226468,0.999973684903029,0.999973684903029,0.999973684903029,0.999973684903029,0.999973684903029,0.999973684903029,0.999973684903029,0.999973684903029,0.999973684903029,0.999973684903029,0.999973684903029,0.999973684903029,0.999973684903029,0.0,0.0,0.999973684903029
HON,0.0,0.0,0.0,0.0,0.0,0.0,0.0,0.0,0.0,0.04761791385919383,0.0,0.0,0.0,0.04761791385919383,0.0,0.07142687078879074,0.0,0.04761791385919383,0.04761791385919383,0.04761791385919383,0.04761791385919383,0.04761791385919383,0.04761791385919383,0.04761791385919383,0.04761791385919383,0.0,0.0,0.0,0.0,0.0,0.0,0.7142687078879074,0.023808956929596916,0.07142687078879074,0.07142687078879074,0.0,0.0,0.04761791385919383,0.0,0.07142687078879074,0.04761791385919383,0.04761791385919383,0.0,0.0,0.04761791385919383,0.04761791385919383,0.04761791385919383,0.0,0.0,0.0,0.0,0.0,0.04761791385919383,0.04761791385919383,0.9999761910430705,0.9999761910430705,0.9999761910430705,0.9999761910430705,0.9999761910430705,0.9999761910430705,0.9999761910430705,0.9999761910430705,0.9999761910430705,0.9999761910430705,0.9999761910430705,0.04761791385919383,0.9999761910430705,0.0,0.04761791385919383,0.9285493202542797,0.9999761910430705,0.571414966310326,0.571414966310326,0.571414966310326,0.04761791385919383,0.04761791385919383,0.04761791385919383,0.09523582771838766,0.11904478464798458,0.11904478464798458,0.07142687078879074,0.04761791385919383,0.04761791385919383,0.9999761910430705,0.04761791385919383,0.47617913859193833,0.6904597509583106,0.07142687078879074,0.571414966310326,0.07142687078879074,0.547606009380729,0.9999761910430705,0.9999761910430705,0.9999761910430705,0.9999761910430705,0.9999761910430705,0.9999761910430705,0.9999761910430705,0.9999761910430705,0.9999761910430705,0.9999761910430705,0.9999761910430705,0.9999761910430705,0.0,0.0,0.9999761910430705
HOOD,0.0,0.0,0.0,0.0,0.0,0.9999411799305923,0.9999411799305923,0.0,0.1176401388153638,0.1176401388153638,0.9999411799305923,0.0,0.0,0.0,0.0,0.0,0.0,0.9999411799305923,0.9999411799305923,0.0588200694076819,0.0588200694076819,0.0588200694076819,0.0588200694076819,0.0588200694076819,0.0588200694076819,0.0,0.0,0.0,0.9999411799305923,0.0,0.0,0.9999411799305923,0.0588200694076819,0.0588200694076819,0.0588200694076819,0.9999411799305923,0.9999411799305923,0.0,0.0,0.0,0.9999411799305923,0.0588200694076819,0.0,0.0,0.0,0.0,0.0,0.0,0.0,0.9999411799305923,0.0,0.0,0.0,0.0,0.9999411799305923,0.0,0.0,0.9999411799305923,0.9999411799305923,0.9999411799305923,0.9999411799305923,0.9999411799305923,0.9999411799305923,0.9999411799305923,0.9999411799305923,0.0,0.9999411799305923,0.0,0.9999411799305923,0.9999411799305923,0.9999411799305923,0.9999411799305923,0.0588200694076819,0.9999411799305923,0.9999411799305923,0.9999411799305923,0.0588200694076819,0.0588200694076819,0.0588200694076819,0.0588200694076819,0.0588200694076819,0.0588200694076819,0.9999411799305923,0.0588200694076819,0.7058408328921828,0.9999411799305923,0.9999411799305923,0.0,0.0588200694076819,0.9999411799305923,0.9999411799305923,0.9999411799305923,0.9999411799305923,0.9999411799305923,0.9999411799305923,0.9999411799305923,0.9999411799305923,0.9999411799305923,0.9999411799305923,0.9999411799305923,0.9999411799305923,0.9999411799305923,0.9999411799305923,0.0,0.0,0.9999411799305923
HPE,0.0,0.0,0.0,0.0,0.0,0.499984375488266,0.0,0.0,0.0,0.0,0.0,0.0,0.0,0.0,0.0,0.1249960938720665,0.0,0.0,0.0,0.0,0.0,0.0,0.0,0.0,0.0,0.0,0.0,0.0,0.0,0.031249023468016626,0.031249023468016626,0.031249023468016626,0.031249023468016626,0.09374707040404988,0.09374707040404988,0.499984375488266,0.499984375488266,0.0,0.0,0.0,0.0,0.0,0.031249023468016626,0.0,0.031249023468016626,0.0,0.031249023468016626,0.0,0.0,0.0,0.0,0.0,0.031249023468016626,0.0,0.999968750976532,0.999968750976532,0.0,0.999968750976532,0.999968750976532,0.999968750976532,0.999968750976532,0.999968750976532,0.999968750976532,0.999968750976532,0.3437392581481829,0.031249023468016626,0.999968750976532,0.0,0.0,0.843723633636449,0.999968750976532,0.3124902346801663,0.4374863285522328,0.4374863285522328,0.0,0.0,0.0,0.0,0.0,0.0,0.0,0.0,0.999968750976532,0.18749414080809976,0.1249960938720665,0.999968750976532,0.999968750976532,0.0,0.0,0.0,0.3437392581481829,0.999968750976532,0.999968750976532,0.0,0.999968750976532,0.999968750976532,0.999968750976532,0.999968750976532,0.999968750976532,0.999968750976532,0.999968750976532,0.999968750976532,0.999968750976532,0.0,0.0,0.999968750976532
HPQ,0.0,0.0,0.0,0.0,0.0,0.0,0.0,0.0,0.5818076034981182,0.5999890911074345,0.0,0.0,0.0,0.0,0.0,0.03636297521863239,0.0,0.018181487609316194,0.018181487609316194,0.018181487609316194,0.018181487609316194,0.018181487609316194,0.018181487609316194,0.018181487609316194,0.018181487609316194,0.0,0.0,0.0,0.6908965291540154,0.0,0.19999636370247814,0.0,0.018181487609316194,0.03636297521863239,0.03636297521863239,0.0,0.0,0.0,0.0,0.23635933892111052,0.018181487609316194,0.18181487609316194,0.0,0.0,0.018181487609316194,0.0,0.018181487609316194,0.0,0.0,0.0,0.0,0.0,0.018181487609316194,0.0,0.9999818185123908,0.9999818185123908,0.0,0.9999818185123908,0.9999818185123908,0.9999818185123908,0.9999818185123908,0.9999818185123908,0.9999818185123908,0.9999818185123908,0.9999818185123908,0.018181487609316194,0.9999818185123908,0.0,0.018181487609316194,0.9999818185123908,0.9454373556844421,0.9999818185123908,0.6181705787167506,0.9999818185123908,0.018181487609316194,0.018181487609316194,0.018181487609316194,0.018181487609316194,0.03636297521863239,0.03636297521863239,0.018181487609316194,0.018181487609316194,0.9999818185123908,0.23635933892111052,0.5454446282794858,0.9090743804658098,0.9999818185123908,0.018181487609316194,0.018181487609316194,0.03636297521863239,0.5636261158888021,0.9090743804658098,0.9999818185123908,0.6181705787167506,0.9999818185123908,0.9999818185123908,0.9999818185123908,0.9999818185123908,0.9999818185123908,0.9999818185123908,0.9999818185123908,0.9999818185123908,0.9999818185123908,0.0,0.0,0.9999818185123908
HRL,0.0,0.0,0.0,0.0,0.0,0.0,0.0,0.0,0.0,0.020407746780677947,0.0,0.0,0.0,0.020407746780677947,0.0,0.0,0.0,0.020407746780677947,0.16326197424542357,0.020407746780677947,0.020407746780677947,0.020407746780677947,0.020407746780677947,0.020407746780677947,0.020407746780677947,0.0,0.0,0.020407746780677947,0.0,0.0,0.0,0.20407746780677946,0.020407746780677947,0.06122324034203384,0.06122324034203384,0.0,0.0,0.0,0.0,0.020407746780677947,0.9999795922532194,0.0,0.0,0.0,0.020407746780677947,0.020407746780677947,0.0,0.0,0.0,0.0,0.0,0.0,0.020407746780677947,0.020407746780677947,0.9999795922532194,0.9999795922532194,0.9999795922532194,0.9999795922532194,0.9999795922532194,0.9999795922532194,0.9999795922532194,0.9999795922532194,0.9999795922532194,0.9999795922532194,0.9999795922532194,0.020407746780677947,0.9999795922532194,0.020407746780677947,0.5510091630783045,0.9999795922532194,0.9999795922532194,0.9999795922532194,0.5510091630783045,0.5510091630783045,0.020407746780677947,0.020407746780677947,0.020407746780677947,0.387747188832881,0.387747188832881,0.387747188832881,0.020407746780677947,0.020407746780677947,0.9999795922532194,0.34693169527152506,0.020407746780677947,0.9999795922532194,0.9999795922532194,0.9999795922532194,0.9999795922532194,0.9999795922532194,0.9999795922532194,0.9999795922532194,0.9999795922532194,0.9999795922532194,0.9999795922532194,0.9999795922532194,0.9999795922532194,0.9999795922532194,0.9999795922532194,0.9999795922532194,0.9999795922532194,0.9999795922532194,0.9999795922532194,0.0,0.0,0.9999795922532194
HSIC,0.0,0.0,0.0,0.1363605372605168,0.0,0.1363605372605168,0.1363605372605168,0.1363605372605168,0.0,0.0,0.0,0.0,0.0,0.9999772732437899,0.0,0.022726756210086137,0.0,0.022726756210086137,0.34090134315129206,0.022726756210086137,0.0,0.022726756210086137,0.022726756210086137,0.0,0.0,0.0,0.0,0.0,0.0,0.1363605372605168,0.0,0.0,0.022726756210086137,0.1363605372605168,0.022726756210086137,0.0,0.0,0.0,0.0,0.0,0.0,0.04545351242017227,0.0,0.0,0.0,0.0,0.0,0.0,0.0,0.0,0.0,0.0,0.0,0.0,0.9999772732437899,0.9999772732437899,0.0,0.9999772732437899,0.9999772732437899,0.9999772732437899,0.9999772732437899,0.9999772732437899,0.9999772732437899,0.9999772732437899,0.9999772732437899,0.0,0.9999772732437899,0.0,0.04545351242017227,0.9999772732437899,0.9999772732437899,0.9999772732437899,0.49998863662189497,0.49998863662189497,0.022726756210086137,0.022726756210086137,0.022726756210086137,0.22726756210086135,0.022726756210086137,0.022726756210086137,0.022726756210086137,0.022726756210086137,0.9999772732437899,0.022726756210086137,0.022726756210086137,0.9999772732437899,0.9999772732437899,0.40908161178155045,0.40908161178155045,0.40908161178155045,0.9999772732437899,0.9999772732437899,0.9999772732437899,0.9999772732437899,0.9999772732437899,0.9999772732437899,0.9999772732437899,0.9999772732437899,0.9999772732437899,0.9999772732437899,0.9999772732437899,0.9999772732437899,0.9999772732437899,0.0,0.0,0.9999772732437899
HST,0.0,0.0,0.0,0.0,0.05454446282794859,0.9999818185123908,0.05454446282794859,0.05454446282794859,0.10908892565589717,0.05454446282794859,0.05454446282794859,0.05454446282794859,0.05454446282794859,0.9999818185123908,0.05454446282794859,0.03636297521863239,0.0,0.18181487609316194,0.9999818185123908,0.18181487609316194,0.05454446282794859,0.9999818185123908,0.9999818185123908,0.9999818185123908,0.05454446282794859,0.05454446282794859,0.0,0.018181487609316194,0.0,0.0,0.12727041326521338,0.12727041326521338,0.12727041326521338,0.05454446282794859,0.16363338848384576,0.9999818185123908,0.9999818185123908,0.18181487609316194,0.05454446282794859,0.0,0.8727114052471774,0.9999818185123908,0.0,0.0,0.0,0.018181487609316194,0.018181487609316194,0.05454446282794859,0.05454446282794859,0.9999818185123908,0.9999818185123908,0.9999818185123908,0.018181487609316194,0.018181487609316194,0.9999818185123908,0.9999818185123908,0.9999818185123908,0.9999818185123908,0.9999818185123908,0.9999818185123908,0.9999818185123908,0.9999818185123908,0.9999818185123908,0.9999818185123908,0.8727114052471774,0.0,0.9999818185123908,0.9999818185123908,0.18181487609316194,0.9999818185123908,0.7818039672005964,0.9999818185123908,0.5272631406701697,0.8545299176378611,0.9999818185123908,0.9999818185123908,0.9999818185123908,0.0,0.05454446282794859,0.05454446282794859,0.9999818185123908,0.05454446282794859,0.9999818185123908,0.8545299176378611,0.0,0.9999818185123908,0.9999818185123908,0.9999818185123908,0.9999818185123908,0.9999818185123908,0.9999818185123908,0.9999818185123908,0.9999818185123908,0.9999818185123908,0.9999818185123908,0.9999818185123908,0.9999818185123908,0.9999818185123908,0.9999818185123908,0.9999818185123908,0.9999818185123908,0.9999818185123908,0.9999818185123908,0.0,0.0,0.9999818185123908
HSY,0.0,0.0,0.0,0.01999960000799984,0.01999960000799984,0.01999960000799984,0.01999960000799984,0.01999960000799984,0.01999960000799984,0.03999920001599968,0.01999960000799984,0.01999960000799984,0.01999960000799984,0.05999880002399952,0.0,0.05999880002399952,0.0,0.03999920001599968,0.03999920001599968,0.03999920001599968,0.03999920001599968,0.03999920001599968,0.03999920001599968,0.03999920001599968,0.03999920001599968,0.01999960000799984,0.05999880002399952,0.0,0.15999680006399872,0.01999960000799984,0.01999960000799984,0.2999940001199976,0.03999920001599968,0.0999980000399992,0.0999980000399992,0.01999960000799984,0.01999960000799984,0.0,0.01999960000799984,0.01999960000799984,0.05999880002399952,0.05999880002399952,0.01999960000799984,0.0,0.01999960000799984,0.0,0.01999960000799984,0.01999960000799984,0.01999960000799984,0.01999960000799984,0.01999960000799984,0.01999960000799984,0.01999960000799984,0.01999960000799984,0.999980000399992,0.999980000399992,0.999980000399992,0.999980000399992,0.999980000399992,0.999980000399992,0.999980000399992,0.999980000399992,0.999980000399992,0.999980000399992,0.999980000399992,0.01999960000799984,0.999980000399992,0.07999840003199936,0.03999920001599968,0.999980000399992,0.999980000399992,0.8199836003279934,0.5799884002319954,0.5799884002319954,0.03999920001599968,0.03999920001599968,0.03999920001599968,0.03999920001599968,0.03999920001599968,0.03999920001599968,0.03999920001599968,0.03999920001599968,0.03999920001599968,0.03999920001599968,0.2399952000959981,0.8199836003279934,0.999980000399992,0.999980000399992,0.999980000399992,0.999980000399992,0.999980000399992,0.999980000399992,0.999980000399992,0.999980000399992,0.999980000399992,0.999980000399992,0.999980000399992,0.999980000399992,0.999980000399992,0.999980000399992,0.999980000399992,0.999980000399992,0.999980000399992,0.0,0.0,0.999980000399992
HUBB,0.0,0.0,0.0,0.022221728406035424,0.022221728406035424,0.022221728406035424,0.022221728406035424,0.022221728406035424,0.022221728406035424,0.022221728406035424,0.022221728406035424,0.022221728406035424,0.022221728406035424,0.9999777782715941,0.022221728406035424,0.3999911113086376,0.0,0.022221728406035424,0.022221728406035424,0.022221728406035424,0.022221728406035424,0.022221728406035424,0.022221728406035424,0.022221728406035424,0.022221728406035424,0.022221728406035424,0.022221728406035424,0.022221728406035424,0.2888824692784605,0.0,0.0,0.0,0.0,0.11110864203017712,0.11110864203017712,0.022221728406035424,0.022221728406035424,0.022221728406035424,0.022221728406035424,0.022221728406035424,0.9999777782715941,0.022221728406035424,0.022221728406035424,0.022221728406035424,0.022221728406035424,0.022221728406035424,0.022221728406035424,0.022221728406035424,0.022221728406035424,0.022221728406035424,0.022221728406035424,0.022221728406035424,0.04444345681207085,0.04444345681207085,0.9999777782715941,0.7110953089931336,0.6888735805870981,0.9999777782715941,0.9999777782715941,0.9999777782715941,0.9999777782715941,0.9999777782715941,0.9999777782715941,0.9999777782715941,0.9999777782715941,0.022221728406035424,0.9999777782715941,0.022221728406035424,0.5555432101508856,0.9999777782715941,0.9999777782715941,0.3555476544965668,0.5999866669629564,0.9999777782715941,0.022221728406035424,0.022221728406035424,0.022221728406035424,0.022221728406035424,0.11110864203017712,0.11110864203017712,0.11110864203017712,0.022221728406035424,0.9999777782715941,0.9999777782715941,0.022221728406035424,0.022221728406035424,0.9999777782715941,0.11110864203017712,0.24443901246638966,0.8222039510233107,0.7999822226172753,0.9999777782715941,0.9999777782715941,0.9999777782715941,0.9999777782715941,0.9999777782715941,0.9999777782715941,0.9999777782715941,0.9999777782715941,0.9999777782715941,0.9999777782715941,0.9999777782715941,0.9999777782715941,0.0,0.0,0.9999777782715941
HUM,0.0,0.0,0.0,0.0,0.0,0.9999791671006855,0.0,0.0,0.0,0.020832899314597614,0.0,0.0,0.0,0.9999791671006855,0.0,0.06249869794379284,0.0,0.020832899314597614,0.08333159725839046,0.020832899314597614,0.020832899314597614,0.020832899314597614,0.020832899314597614,0.020832899314597614,0.020832899314597614,0.0,0.0,0.0,0.0,0.0,0.0,0.0,0.0,0.04166579862919523,0.04166579862919523,0.9999791671006855,0.9999791671006855,0.020832899314597614,0.0,0.0,0.9999791671006855,0.020832899314597614,0.0,0.0,0.0,0.0,0.0,0.0,0.0,0.9999791671006855,0.0,0.9999791671006855,0.0,0.0,0.9999791671006855,0.9999791671006855,0.3333263890335618,0.9999791671006855,0.9999791671006855,0.0,0.9999791671006855,0.8124830732693069,0.8124830732693069,0.3541592883481594,0.9999791671006855,0.0,0.9999791671006855,0.9999791671006855,0.7083185766963188,0.916647569842295,0.9999791671006855,0.9999791671006855,0.5833211808087332,0.9999791671006855,0.08333159725839046,0.9999791671006855,0.020832899314597614,0.020832899314597614,0.08333159725839046,0.08333159725839046,0.1666631945167809,0.020832899314597614,0.020832899314597614,0.020832899314597614,0.7083185766963188,0.645819878752526,0.9999791671006855,0.020832899314597614,0.020832899314597614,0.9999791671006855,0.9999791671006855,0.9999791671006855,0.9999791671006855,0.9999791671006855,0.9999791671006855,0.020832899314597614,0.49998958355034273,0.9999791671006855,0.9999791671006855,0.9999791671006855,0.9999791671006855,0.9999791671006855,0.9999791671006855,0.0,0.0,0.9999791671006855
HWM,0.0,0.0,0.0,0.49018646693202095,0.0,0.5490088429638634,0.49018646693202095,0.49018646693202095,0.0,0.019607458677280837,0.4117566322228976,0.0,0.0,0.0,0.0,0.05882237603184252,0.0,0.019607458677280837,0.019607458677280837,0.019607458677280837,0.019607458677280837,0.019607458677280837,0.019607458677280837,0.019607458677280837,0.019607458677280837,0.0,0.0,0.0,0.0,0.49018646693202095,0.0,0.4509715495774593,0.0,0.5490088429638634,0.039214917354561674,0.11764475206368503,0.5490088429638634,0.019607458677280837,0.0,0.019607458677280837,0.1960745867728084,0.019607458677280837,0.0,0.0,0.0,0.0,0.0,0.0,0.0,0.0,0.0,0.0,0.0,0.0,0.9999803925413228,0.6862610537048294,0.8627281818003569,0.9999803925413228,0.9999803925413228,0.9999803925413228,0.9999803925413228,0.9999803925413228,0.9999803925413228,0.9999803925413228,0.9999803925413228,0.0,0.9999803925413228,0.0,0.019607458677280837,0.9803729338640419,0.9999803925413228,0.49018646693202095,0.6274386776729868,0.9999803925413228,0.019607458677280837,0.019607458677280837,0.019607458677280837,0.019607458677280837,0.05882237603184252,0.05882237603184252,0.07842983470912335,0.019607458677280837,0.3725417148683359,0.019607458677280837,0.21568204545008923,0.9999803925413228,0.47057900825474014,0.3921491735456168,0.9215505578321994,0.6274386776729868,0.9999803925413228,0.9999803925413228,0.9999803925413228,0.9999803925413228,0.9999803925413228,0.9999803925413228,0.9999803925413228,0.9999803925413228,0.9999803925413228,0.9999803925413228,0.9999803925413228,0.9999803925413228,0.9999803925413228,0.0,0.0,0.9999803925413228
IBKR,0.0,0.0,0.0,0.0,0.0,0.999980000399992,0.999980000399992,0.0,0.0,0.0,0.999980000399992,0.0,0.0,0.999980000399992,0.0,0.05999880002399952,0.0,0.999980000399992,0.0,0.0,0.0,0.999980000399992,0.999980000399992,0.999980000399992,0.0,0.7999840003199936,0.0,0.0,0.6599868002639947,0.0,0.0,0.999980000399992,0.0,0.01999960000799984,0.01999960000799984,0.999980000399992,0.999980000399992,0.0,0.0,0.3399932001359973,0.999980000399992,0.7199856002879943,0.0,0.0,0.0,0.0,0.0,0.0,0.0,0.999980000399992,0.999980000399992,0.3399932001359973,0.0,0.0,0.999980000399992,0.5599888002239956,0.999980000399992,0.5599888002239956,0.0,0.999980000399992,0.999980000399992,0.999980000399992,0.999980000399992,0.999980000399992,0.999980000399992,0.0,0.999980000399992,0.999980000399992,0.999980000399992,0.999980000399992,0.7399852002959941,0.999980000399992,0.5799884002319954,0.999980000399992,0.999980000399992,0.999980000399992,0.999980000399992,0.07999840003199936,0.07999840003199936,0.07999840003199936,0.379992400151997,0.0,0.0,0.999980000399992,0.0,0.999980000399992,0.999980000399992,0.7999840003199936,0.999980000399992,0.999980000399992,0.999980000399992,0.999980000399992,0.999980000399992,0.999980000399992,0.999980000399992,0.999980000399992,0.999980000399992,0.999980000399992,0.999980000399992,0.999980000399992,0.999980000399992,0.999980000399992,0.999980000399992,0.0,0.0,0.999980000399992
IBM,0.0,0.0,0.0,0.0,0.0,0.0,0.0,0.0,0.0,0.05263065560253329,0.0,0.0,0.0,0.0,0.0,0.0701742074700444,0.0,0.05263065560253329,0.05263065560253329,0.05263065560253329,0.05263065560253329,0.05263065560253329,0.05263065560253329,0.05263065560253329,0.05263065560253329,0.0,0.0,0.0,0.0,0.0175435518675111,0.0175435518675111,0.9999824564481326,0.0350871037350222,0.05263065560253329,0.05263065560253329,0.0,0.0,0.0,0.0,0.0,0.9999824564481326,0.0,0.0,0.0,0.0350871037350222,0.0350871037350222,0.0350871037350222,0.0,0.0,0.0,0.0,0.0,0.0350871037350222,0.0350871037350222,0.9999824564481326,0.9999824564481326,0.736829178435466,0.9999824564481326,0.9999824564481326,0.9999824564481326,0.9999824564481326,0.9999824564481326,0.9999824564481326,0.9999824564481326,0.6315678672303995,0.0350871037350222,0.9999824564481326,0.9999824564481326,0.05263065560253329,0.9999824564481326,0.9999824564481326,0.5789372116278662,0.5789372116278662,0.5613936597603552,0.12280486307257768,0.05263065560253329,0.05263065560253329,0.15789196680759987,0.15789196680759987,0.15789196680759987,0.05263065560253329,0.05263065560253329,0.05263065560253329,0.9999824564481326,0.05263065560253329,0.9999824564481326,0.9999824564481326,0.05263065560253329,0.05263065560253329,0.05263065560253329,0.5087630041578218,0.9999824564481326,0.9999824564481326,0.368414589217733,0.9999824564481326,0.9999824564481326,0.9999824564481326,0.9999824564481326,0.9999824564481326,0.9999824564481326,0.9999824564481326,0.9999824564481326,0.9999824564481326,0.0,0.0,0.9999824564481326
ICE,0.0,0.0,0.0,0.0,0.0,0.999973684903029,0.0,0.0,0.0,0.02631509697113234,0.0,0.0,0.0,0.999973684903029,0.0,0.07894529091339703,0.0,0.02631509697113234,0.02631509697113234,0.02631509697113234,0.02631509697113234,0.02631509697113234,0.02631509697113234,0.0,0.02631509697113234,0.0,0.0,0.0,0.0,0.02631509697113234,0.0,0.0,0.02631509697113234,0.02631509697113234,0.02631509697113234,0.999973684903029,0.999973684903029,0.0,0.0,0.0,0.999973684903029,0.1315754848556617,0.0,0.0,0.0,0.0,0.0,0.0,0.0,0.999973684903029,0.0,0.0,0.0,0.0,0.999973684903029,0.999973684903029,0.0,0.999973684903029,0.999973684903029,0.999973684903029,0.999973684903029,0.999973684903029,0.999973684903029,0.999973684903029,0.999973684903029,0.0,0.999973684903029,0.999973684903029,0.23683587274019105,0.23683587274019105,0.999973684903029,0.02631509697113234,0.4473566485092498,0.999973684903029,0.02631509697113234,0.999973684903029,0.02631509697113234,0.3420962606247204,0.5263019394226468,0.5263019394226468,0.0,0.02631509697113234,0.02631509697113234,0.02631509697113234,0.02631509697113234,0.5789321333649114,0.6052472303360438,0.02631509697113234,0.07894529091339703,0.1315754848556617,0.8420831030762349,0.999973684903029,0.999973684903029,0.999973684903029,0.999973684903029,0.999973684903029,0.999973684903029,0.999973684903029,0.999973684903029,0.999973684903029,0.999973684903029,0.999973684903029,0.999973684903029,0.0,0.0,0.999973684903029
IDXX,0.0,0.0,0.0,0.0,0.0,0.0,0.0,0.0,0.2307647929847503,0.269225591815542,0.0,0.0,0.0,0.0,0.0,0.057691198246187576,0.0,0.11538239649237515,0.6922943789542509,0.11538239649237515,0.03846079883079172,0.03846079883079172,0.03846079883079172,0.0,0.03846079883079172,0.0,0.0,0.0,0.0,0.03846079883079172,0.03846079883079172,0.03846079883079172,0.057691198246187576,0.057691198246187576,0.057691198246187576,0.0,0.0,0.0,0.0,0.0,0.9999807696005847,0.057691198246187576,0.01923039941539586,0.0,0.01923039941539586,0.01923039941539586,0.01923039941539586,0.0,0.0,0.0,0.0,0.0,0.01923039941539586,0.01923039941539586,0.9999807696005847,0.9999807696005847,0.0,0.9999807696005847,0.9999807696005847,0.9999807696005847,0.9999807696005847,0.9999807696005847,0.9999807696005847,0.9999807696005847,0.6153727812926675,0.01923039941539586,0.9999807696005847,0.0,0.11538239649237515,0.9999807696005847,0.9999807696005847,0.9999807696005847,0.6538335801234592,0.9999807696005847,0.03846079883079172,0.03846079883079172,0.03846079883079172,0.03846079883079172,0.057691198246187576,0.057691198246187576,0.03846079883079172,0.03846079883079172,0.03846079883079172,0.9999807696005847,0.19230399415395857,0.9999807696005847,0.9999807696005847,0.03846079883079172,0.03846079883079172,0.03846079883079172,0.9999807696005847,0.9999807696005847,0.9999807696005847,0.9999807696005847,0.9999807696005847,0.9999807696005847,0.9999807696005847,0.9999807696005847,0.9999807696005847,0.9999807696005847,0.9999807696005847,0.9999807696005847,0.9999807696005847,0.0,0.0,0.9999807696005847
IEX,0.0,0.0,0.0,0.021738657855264017,0.021738657855264017,0.021738657855264017,0.021738657855264017,0.021738657855264017,0.021738657855264017,0.021738657855264017,0.021738657855264017,0.021738657855264017,0.021738657855264017,0.021738657855264017,0.0,0.043477315710528035,0.0,0.021738657855264017,0.021738657855264017,0.021738657855264017,0.021738657855264017,0.021738657855264017,0.021738657855264017,0.021738657855264017,0.021738657855264017,0.021738657855264017,0.021738657855264017,0.021738657855264017,0.1304319471315841,0.021738657855264017,0.021738657855264017,0.021738657855264017,0.021738657855264017,0.021738657855264017,0.021738657855264017,0.021738657855264017,0.021738657855264017,0.021738657855264017,0.021738657855264017,0.021738657855264017,0.9999782613421447,0.021738657855264017,0.021738657855264017,0.021738657855264017,0.021738657855264017,0.021738657855264017,0.021738657855264017,0.021738657855264017,0.021738657855264017,0.021738657855264017,0.021738657855264017,0.021738657855264017,0.021738657855264017,0.021738657855264017,0.9999782613421447,0.9999782613421447,0.9999782613421447,0.9999782613421447,0.9999782613421447,0.9999782613421447,0.9999782613421447,0.9999782613421447,0.9999782613421447,0.9999782613421447,0.9999782613421447,0.021738657855264017,0.9999782613421447,0.1304319471315841,0.06521597356579205,0.9999782613421447,0.9999782613421447,0.9999782613421447,0.6086824199473925,0.9999782613421447,0.021738657855264017,0.021738657855264017,0.9999782613421447,0.021738657855264017,0.06521597356579205,0.06521597356579205,0.021738657855264017,0.021738657855264017,0.021738657855264017,0.06521597356579205,0.6738983935131845,0.9999782613421447,0.9999782613421447,0.06521597356579205,0.06521597356579205,0.06521597356579205,0.9999782613421447,0.9999782613421447,0.9999782613421447,0.9999782613421447,0.9999782613421447,0.9999782613421447,0.9999782613421447,0.9999782613421447,0.9999782613421447,0.9999782613421447,0.9999782613421447,0.9999782613421447,0.9999782613421447,0.0,0.0,0.9999782613421447
IFF,0.0,0.0,0.0,0.45999080018399635,0.03999920001599968,0.45999080018399635,0.45999080018399635,0.45999080018399635,0.03999920001599968,0.03999920001599968,0.03999920001599968,0.03999920001599968,0.03999920001599968,0.03999920001599968,0.03999920001599968,0.0999980000399992,0.0,0.03999920001599968,0.03999920001599968,0.03999920001599968,0.03999920001599968,0.03999920001599968,0.03999920001599968,0.03999920001599968,0.03999920001599968,0.03999920001599968,0.03999920001599968,0.05999880002399952,0.03999920001599968,0.4799904001919962,0.0,0.07999840003199936,0.01999960000799984,0.5399892002159957,0.11999760004799905,0.03999920001599968,0.2399952000959981,0.0,0.03999920001599968,0.03999920001599968,0.7199856002879943,0.11999760004799905,0.03999920001599968,0.03999920001599968,0.05999880002399952,0.05999880002399952,0.03999920001599968,0.03999920001599968,0.03999920001599968,0.03999920001599968,0.03999920001599968,0.03999920001599968,0.05999880002399952,0.03999920001599968,0.999980000399992,0.999980000399992,0.6799864002719946,0.999980000399992,0.999980000399992,0.999980000399992,0.999980000399992,0.999980000399992,0.999980000399992,0.999980000399992,0.999980000399992,0.05999880002399952,0.999980000399992,0.03999920001599968,0.11999760004799905,0.7199856002879943,0.999980000399992,0.5799884002319954,0.5599888002239956,0.5999880002399952,0.15999680006399872,0.03999920001599968,0.03999920001599968,0.03999920001599968,0.03999920001599968,0.03999920001599968,0.03999920001599968,0.03999920001599968,0.03999920001599968,0.999980000399992,0.03999920001599968,0.999980000399992,0.999980000399992,0.8399832003359933,0.8399832003359933,0.999980000399992,0.999980000399992,0.999980000399992,0.999980000399992,0.999980000399992,0.999980000399992,0.999980000399992,0.999980000399992,0.999980000399992,0.999980000399992,0.999980000399992,0.999980000399992,0.999980000399992,0.999980000399992,0.0,0.0,0.999980000399992
INCY,0.0,0.0,0.0,0.0,0.43749088560654986,0.12499739588758568,0.0,0.43749088560654986,0.43749088560654986,0.2916605904043666,0.0,0.0,0.0,0.0,0.0,0.04166579862919523,0.0,0.43749088560654986,0.8333159725839046,0.43749088560654986,0.020832899314597614,0.020832899314597614,0.020832899314597614,0.39582508697735463,0.020832899314597614,0.0,0.0,0.020832899314597614,0.0,0.020832899314597614,0.39582508697735463,0.020832899314597614,0.020832899314597614,0.020832899314597614,0.4791566842357451,0.12499739588758568,0.12499739588758568,0.0,0.12499739588758568,0.020832899314597614,0.7916501739547093,0.22916189246057375,0.020832899314597614,0.020832899314597614,0.0,0.020832899314597614,0.020832899314597614,0.0,0.0,0.08333159725839046,0.0,0.0,0.020832899314597614,0.020832899314597614,0.9999791671006855,0.9999791671006855,0.9999791671006855,0.9999791671006855,0.9999791671006855,0.9999791671006855,0.9999791671006855,0.9999791671006855,0.9999791671006855,0.9999791671006855,0.9999791671006855,0.020832899314597614,0.9999791671006855,0.0,0.49998958355034273,0.9999791671006855,0.9999791671006855,0.9999791671006855,0.49998958355034273,0.49998958355034273,0.9999791671006855,0.08333159725839046,0.020832899314597614,0.020832899314597614,0.020832899314597614,0.020832899314597614,0.7083185766963188,0.020832899314597614,0.9999791671006855,0.7291514760109165,0.9999791671006855,0.9999791671006855,0.37499218766275705,0.8333159725839046,0.8333159725839046,0.8333159725839046,0.9999791671006855,0.9999791671006855,0.9999791671006855,0.9999791671006855,0.9999791671006855,0.9999791671006855,0.9999791671006855,0.9999791671006855,0.9999791671006855,0.9999791671006855,0.9999791671006855,0.9999791671006855,0.9999791671006855,0.0,0.0,0.9999791671006855
INTC,0.0,0.0,0.0,0.0,0.0,0.0,0.0,0.0,0.0,0.03999920001599968,0.0,0.0,0.0,0.0,0.0,0.07999840003199936,0.0,0.03999920001599968,0.03999920001599968,0.03999920001599968,0.03999920001599968,0.03999920001599968,0.03999920001599968,0.03999920001599968,0.03999920001599968,0.0,0.0,0.0,0.03999920001599968,0.0,0.0,0.0,0.01999960000799984,0.05999880002399952,0.05999880002399952,0.0,0.0,0.0,0.17999640007199857,0.0999980000399992,0.03999920001599968,0.03999920001599968,0.0,0.0,0.01999960000799984,0.0,0.01999960000799984,0.0,0.0,0.0,0.0,0.0,0.01999960000799984,0.0,0.999980000399992,0.999980000399992,0.999980000399992,0.999980000399992,0.999980000399992,0.999980000399992,0.999980000399992,0.999980000399992,0.999980000399992,0.999980000399992,0.999980000399992,0.01999960000799984,0.999980000399992,0.999980000399992,0.35999280014399715,0.999980000399992,0.999980000399992,0.379992400151997,0.8399832003359933,0.999980000399992,0.03999920001599968,0.03999920001599968,0.03999920001599968,0.15999680006399872,0.15999680006399872,0.03999920001599968,0.0999980000399992,0.03999920001599968,0.999980000399992,0.03999920001599968,0.759984800303994,0.999980000399992,0.999980000399992,0.4799904001919962,0.5799884002319954,0.7799844003119938,0.9199816003679927,0.999980000399992,0.999980000399992,0.999980000399992,0.999980000399992,0.999980000399992,0.999980000399992,0.999980000399992,0.999980000399992,0.999980000399992,0.999980000399992,0.999980000399992,0.999980000399992,0.0,0.0,0.999980000399992
INTU,0.0,0.0,0.0,0.0,0.0,0.4166579862919523,0.0,0.0,0.0,0.0,0.0,0.0,0.0,0.0,0.0,0.020832899314597614,0.0,0.06249869794379284,0.1666631945167809,0.06249869794379284,0.0,0.0,0.0,0.0,0.0,0.0,0.0,0.0,0.9999791671006855,0.0,0.0,0.0,0.0,0.0,0.0,0.4166579862919523,0.4166579862919523,0.0,0.0,0.0,0.9999791671006855,0.0,0.0,0.0,0.0,0.0,0.0,0.0,0.0,0.9999791671006855,0.0,0.0,0.0,0.0,0.9999791671006855,0.9999791671006855,0.9999791671006855,0.9999791671006855,0.9999791671006855,0.9999791671006855,0.9999791671006855,0.9999791671006855,0.9999791671006855,0.9999791671006855,0.9999791671006855,0.0,0.9999791671006855,0.9999791671006855,0.18749609383137852,0.9999791671006855,0.9999791671006855,0.9999791671006855,0.5833211808087332,0.9999791671006855,0.0,0.9999791671006855,0.0,0.0,0.0,0.0,0.0,0.0,0.0,0.0,0.9999791671006855,0.9999791671006855,0.5833211808087332,0.0,0.0,0.0,0.9999791671006855,0.9999791671006855,0.9999791671006855,0.9374804691568926,0.9999791671006855,0.9999791671006855,0.9999791671006855,0.9999791671006855,0.9999791671006855,0.9999791671006855,0.9999791671006855,0.9999791671006855,0.9999791671006855,0.0,0.0,0.9999791671006855
INVH,0.0,0.0,0.0,0.0,0.0,0.999968750976532,0.6562294928283492,0.0,0.0,0.06249804693603325,0.6562294928283492,0.0,0.0,0.999968750976532,0.0,0.1249960938720665,0.0,0.18749414080809976,0.999968750976532,0.18749414080809976,0.06249804693603325,0.999968750976532,0.999968750976532,0.06249804693603325,0.06249804693603325,0.0,0.0,0.0,0.09374707040404988,0.1249960938720665,0.031249023468016626,0.7187275397643824,0.031249023468016626,0.06249804693603325,0.06249804693603325,0.999968750976532,0.999968750976532,0.1249960938720665,0.4062373050842161,0.999968750976532,0.999968750976532,0.999968750976532,0.0,0.0,0.0,0.0,0.0,0.0,0.0,0.999968750976532,0.999968750976532,0.0,0.0,0.0,0.999968750976532,0.999968750976532,0.999968750976532,0.999968750976532,0.999968750976532,0.999968750976532,0.999968750976532,0.999968750976532,0.999968750976532,0.999968750976532,0.0,0.0,0.999968750976532,0.999968750976532,0.18749414080809976,0.999968750976532,0.999968750976532,0.999968750976532,0.3437392581481829,0.3437392581481829,0.999968750976532,0.999968750976532,0.999968750976532,0.06249804693603325,0.999968750976532,0.999968750976532,0.9687197275085154,0.1249960938720665,0.999968750976532,0.1249960938720665,0.18749414080809976,0.999968750976532,0.999968750976532,0.9687197275085154,0.999968750976532,0.999968750976532,0.9687197275085154,0.999968750976532,0.999968750976532,0.999968750976532,0.999968750976532,0.999968750976532,0.999968750976532,0.06249804693603325,0.06249804693603325,0.999968750976532,0.999968750976532,0.999968750976532,0.999968750976532,0.0,0.0,0.999968750976532
IP,0.0,0.0,0.0,0.022726756210086137,0.022726756210086137,0.022726756210086137,0.022726756210086137,0.022726756210086137,0.022726756210086137,0.022726756210086137,0.022726756210086137,0.022726756210086137,0.022726756210086137,0.9999772732437899,0.0,0.0681802686302584,0.0,0.022726756210086137,0.0681802686302584,0.022726756210086137,0.0681802686302584,0.0681802686302584,0.0681802686302584,0.0681802686302584,0.0681802686302584,0.022726756210086137,0.9999772732437899,0.022726756210086137,0.0681802686302584,0.04545351242017227,0.04545351242017227,0.29544783073111974,0.0681802686302584,0.0681802686302584,0.0681802686302584,0.15908729347060294,0.022726756210086137,0.022726756210086137,0.022726756210086137,0.022726756210086137,0.0681802686302584,0.0681802686302584,0.022726756210086137,0.022726756210086137,0.022726756210086137,0.022726756210086137,0.022726756210086137,0.022726756210086137,0.022726756210086137,0.022726756210086137,0.022726756210086137,0.022726756210086137,0.022726756210086137,0.04545351242017227,0.9999772732437899,0.0681802686302584,0.9999772732437899,0.9999772732437899,0.9999772732437899,0.9999772732437899,0.9999772732437899,0.9999772732437899,0.9999772732437899,0.9999772732437899,0.9999772732437899,0.04545351242017227,0.9999772732437899,0.3636280993613782,0.4318083679916366,0.4318083679916366,0.9999772732437899,0.840889979773187,0.6136224176723256,0.5908956614622395,0.9999772732437899,0.0681802686302584,0.0681802686302584,0.0681802686302584,0.0681802686302584,0.0681802686302584,0.2727210745210336,0.0681802686302584,0.0681802686302584,0.9999772732437899,0.22726756210086135,0.9999772732437899,0.34090134315129206,0.5454421490420672,0.5454421490420672,0.9999772732437899,0.9999772732437899,0.9999772732437899,0.9999772732437899,0.9999772732437899,0.9999772732437899,0.9999772732437899,0.9999772732437899,0.9999772732437899,0.9999772732437899,0.9999772732437899,0.9999772732437899,0.9999772732437899,0.9999772732437899,0.0,0.0,0.9999772732437899
IQV,0.0,0.0,0.0,0.0,0.0,0.0,0.0,0.0,0.34090134315129206,0.34090134315129206,0.0,0.0,0.0,0.659075930092498,0.0,0.04545351242017227,0.0,0.0,0.0,0.0,0.0,0.0,0.0,0.0,0.0,0.0,0.0,0.0,0.0,0.0,0.0,0.0,0.0,0.0,0.0,0.0,0.0,0.0,0.0,0.0,0.0,0.0,0.0,0.0,0.0,0.0,0.0,0.0,0.0,0.9999772732437899,0.0,0.0,0.0,0.0,0.9999772732437899,0.9999772732437899,0.9999772732437899,0.9999772732437899,0.9999772732437899,0.9999772732437899,0.9999772732437899,0.9999772732437899,0.9999772732437899,0.9999772732437899,0.9999772732437899,0.0,0.9999772732437899,0.0,0.49998863662189497,0.9999772732437899,0.9999772732437899,0.9999772732437899,0.47726188041180884,0.5227153928319811,0.0,0.9999772732437899,0.47726188041180884,0.0,0.0,0.0,0.0,0.0,0.34090134315129206,0.9999772732437899,0.1363605372605168,0.7727097111429286,0.5454421490420672,0.0,0.0,0.9999772732437899,0.40908161178155045,0.9999772732437899,0.9999772732437899,0.9999772732437899,0.9999772732437899,0.9999772732437899,0.9999772732437899,0.9999772732437899,0.9999772732437899,0.9999772732437899,0.9999772732437899,0.9999772732437899,0.9999772732437899,0.0,0.0,0.9999772732437899
IR,0.0,0.0,0.0,0.0,0.0,0.0,0.0,0.0,0.0,0.0,0.0,0.0,0.0,0.0,0.0,0.11538017768547364,0.0,0.11538017768547364,0.11538017768547364,0.11538017768547364,0.0,0.11538017768547364,0.11538017768547364,0.0,0.0,0.0,0.0,0.0,0.0,0.03846005922849121,0.03846005922849121,0.03846005922849121,0.07692011845698242,0.11538017768547364,0.11538017768547364,0.0,0.0,0.0,0.0,0.0,0.9999615399407714,0.0,0.11538017768547364,0.0,0.11538017768547364,0.0,0.0,0.0,0.0,0.0,0.0,0.0,0.0,0.0,0.9999615399407714,0.9999615399407714,0.0,0.9999615399407714,0.9999615399407714,0.9999615399407714,0.9999615399407714,0.9999615399407714,0.9999615399407714,0.9999615399407714,0.9999615399407714,0.11538017768547364,0.9999615399407714,0.0,0.11538017768547364,0.9999615399407714,0.9999615399407714,0.9999615399407714,0.26922041459943846,0.26922041459943846,0.11538017768547364,0.11538017768547364,0.11538017768547364,0.0,0.3076804738279297,0.3076804738279297,0.11538017768547364,0.11538017768547364,0.11538017768547364,0.9999615399407714,0.11538017768547364,0.9999615399407714,0.9999615399407714,0.11538017768547364,0.26922041459943846,0.4999807699703857,0.8845813622552978,0.9999615399407714,0.9999615399407714,0.9999615399407714,0.9999615399407714,0.9999615399407714,0.9999615399407714,0.9999615399407714,0.9999615399407714,0.9999615399407714,0.9999615399407714,0.9999615399407714,0.9999615399407714,0.0,0.0,0.9999615399407714
IRM,0.0,0.0,0.0,0.4285626823942369,0.020407746780677947,0.4285626823942369,0.4285626823942369,0.4285626823942369,0.14285422746474563,0.16326197424542357,0.020407746780677947,0.020407746780677947,0.020407746780677947,0.9999795922532194,0.0,0.08163098712271179,0.0,0.06122324034203384,0.28570845492949126,0.06122324034203384,0.040815493561355894,0.06122324034203384,0.06122324034203384,0.06122324034203384,0.040815493561355894,0.020407746780677947,0.020407746780677947,0.020407746780677947,0.4285626823942369,0.4489704291749148,0.020407746780677947,0.020407746780677947,0.020407746780677947,0.4897859227362707,0.06122324034203384,0.14285422746474563,0.4285626823942369,0.020407746780677947,0.020407746780677947,0.36733944205220304,0.020407746780677947,0.16326197424542357,0.040815493561355894,0.040815493561355894,0.040815493561355894,0.040815493561355894,0.040815493561355894,0.020407746780677947,0.020407746780677947,0.9999795922532194,0.4489704291749148,0.4489704291749148,0.040815493561355894,0.040815493561355894,0.9999795922532194,0.36733944205220304,0.9999795922532194,0.9999795922532194,0.9999795922532194,0.9999795922532194,0.9999795922532194,0.9999795922532194,0.9999795922532194,0.9999795922532194,0.755086630885084,0.040815493561355894,0.9999795922532194,0.020407746780677947,0.06122324034203384,0.9999795922532194,0.9999795922532194,0.9999795922532194,0.5714169098589825,0.5510091630783045,0.06122324034203384,0.8367176180077958,0.06122324034203384,0.387747188832881,0.387747188832881,0.06122324034203384,0.06122324034203384,0.7142711373237282,0.9999795922532194,0.2244852145874574,0.06122324034203384,0.9999795922532194,0.9999795922532194,0.06122324034203384,0.06122324034203384,0.5510091630783045,0.9591640986918635,0.9999795922532194,0.9999795922532194,0.9999795922532194,0.9999795922532194,0.9999795922532194,0.9999795922532194,0.9999795922532194,0.9999795922532194,0.9999795922532194,0.9999795922532194,0.9999795922532194,0.9999795922532194,0.0,0.0,0.9999795922532194
ISRG,0.0,0.0,0.0,0.0,0.0,0.0,0.0,0.0,0.0,0.0,0.0,0.0,0.0,0.0,0.0,0.03703635117868188,0.0,0.9999814818244107,0.9999814818244107,0.0,0.0,0.0,0.0,0.0,0.0,0.0,0.0,0.0,0.9999814818244107,0.0,0.0,0.0,0.0,0.01851817558934094,0.01851817558934094,0.0,0.0,0.0,0.0,0.0,0.9999814818244107,0.0,0.0,0.0,0.0,0.0,0.0,0.0,0.0,0.0,0.0,0.0,0.0,0.0,0.9999814818244107,0.9999814818244107,0.9999814818244107,0.9999814818244107,0.9999814818244107,0.9999814818244107,0.9999814818244107,0.9999814818244107,0.9999814818244107,0.9999814818244107,0.25925445825077315,0.0,0.9999814818244107,0.9999814818244107,0.9999814818244107,0.9999814818244107,0.9999814818244107,0.9999814818244107,0.5555452676802282,0.9999814818244107,0.0,0.0,0.0,0.0,0.05555452676802282,0.05555452676802282,0.0,0.0,0.9999814818244107,0.0,0.4629543897335235,0.925908779467047,0.9999814818244107,0.0,0.0,0.4073998629655007,0.7407270235736375,0.9999814818244107,0.9999814818244107,0.9999814818244107,0.9999814818244107,0.9999814818244107,0.9999814818244107,0.9999814818244107,0.9999814818244107,0.9999814818244107,0.9999814818244107,0.9999814818244107,0.9999814818244107,0.0,0.0,0.9999814818244107
IT,0.0,0.0,0.0,0.0,0.0,0.0,0.0,0.0,0.2244852145874574,0.2244852145874574,0.0,0.0,0.0,0.9999795922532194,0.0,0.08163098712271179,0.0,0.06122324034203384,0.06122324034203384,0.06122324034203384,0.06122324034203384,0.06122324034203384,0.06122324034203384,0.06122324034203384,0.06122324034203384,0.0,0.0,0.040815493561355894,0.0,0.020407746780677947,0.020407746780677947,0.020407746780677947,0.040815493561355894,0.06122324034203384,0.06122324034203384,0.0,0.0,0.0,0.0,0.0,0.5918246566396604,0.0,0.040815493561355894,0.040815493561355894,0.040815493561355894,0.0,0.0,0.0,0.0,0.9999795922532194,0.0,0.0,0.040815493561355894,0.040815493561355894,0.9999795922532194,0.9999795922532194,0.9999795922532194,0.9999795922532194,0.9999795922532194,0.9999795922532194,0.9999795922532194,0.9999795922532194,0.9999795922532194,0.9999795922532194,0.9999795922532194,0.040815493561355894,0.9999795922532194,0.6326401502010164,0.8979408583498296,0.4693781759555928,0.9999795922532194,0.9999795922532194,0.5714169098589825,0.9999795922532194,0.06122324034203384,0.9999795922532194,0.06122324034203384,0.06122324034203384,0.08163098712271179,0.08163098712271179,0.06122324034203384,0.06122324034203384,0.06122324034203384,0.12244648068406767,0.9999795922532194,0.9999795922532194,0.9999795922532194,0.06122324034203384,0.06122324034203384,0.08163098712271179,0.5101936695169487,0.9999795922532194,0.9999795922532194,0.9999795922532194,0.9999795922532194,0.9999795922532194,0.9999795922532194,0.9999795922532194,0.9999795922532194,0.9999795922532194,0.9999795922532194,0.9999795922532194,0.9999795922532194,0.0,0.0,0.9999795922532194
ITW,0.0,0.0,0.0,0.03846079883079172,0.03846079883079172,0.03846079883079172,0.03846079883079172,0.03846079883079172,0.03846079883079172,0.03846079883079172,0.03846079883079172,0.03846079883079172,0.03846079883079172,0.03846079883079172,0.03846079883079172,0.03846079883079172,0.0,0.03846079883079172,0.03846079883079172,0.03846079883079172,0.03846079883079172,0.03846079883079172,0.03846079883079172,0.03846079883079172,0.03846079883079172,0.9999807696005847,0.03846079883079172,0.03846079883079172,0.03846079883079172,0.0,0.0,0.0,0.01923039941539586,0.07692159766158344,0.07692159766158344,0.03846079883079172,0.03846079883079172,0.0,0.03846079883079172,0.134612795907771,0.03846079883079172,0.49999038480029234,0.03846079883079172,0.03846079883079172,0.03846079883079172,0.03846079883079172,0.03846079883079172,0.03846079883079172,0.03846079883079172,0.03846079883079172,0.03846079883079172,0.03846079883079172,0.03846079883079172,0.03846079883079172,0.9999807696005847,0.9999807696005847,0.03846079883079172,0.9999807696005847,0.9999807696005847,0.9999807696005847,0.9999807696005847,0.9999807696005847,0.9999807696005847,0.9999807696005847,0.9999807696005847,0.03846079883079172,0.9999807696005847,0.9999807696005847,0.07692159766158344,0.6538335801234592,0.9999807696005847,0.07692159766158344,0.5961423818772716,0.9999807696005847,0.03846079883079172,0.03846079883079172,0.03846079883079172,0.03846079883079172,0.03846079883079172,0.03846079883079172,0.03846079883079172,0.03846079883079172,0.03846079883079172,0.9999807696005847,0.03846079883079172,0.9999807696005847,0.7307551777850426,0.5769119824618758,0.9999807696005847,0.9999807696005847,0.9999807696005847,0.9999807696005847,0.9999807696005847,0.9999807696005847,0.9999807696005847,0.9999807696005847,0.9999807696005847,0.9999807696005847,0.9999807696005847,0.9999807696005847,0.9999807696005847,0.9999807696005847,0.9999807696005847,0.0,0.0,0.9999807696005847
IVZ,0.0,0.0,0.0,0.01923039941539586,0.01923039941539586,0.9999807696005847,0.01923039941539586,0.01923039941539586,0.01923039941539586,0.01923039941539586,0.01923039941539586,0.01923039941539586,0.01923039941539586,0.9999807696005847,0.0,0.01923039941539586,0.0,0.01923039941539586,0.7307551777850426,0.01923039941539586,0.01923039941539586,0.6922943789542509,0.6922943789542509,0.01923039941539586,0.01923039941539586,0.01923039941539586,0.01923039941539586,0.01923039941539586,0.01923039941539586,0.01923039941539586,0.01923039941539586,0.01923039941539586,0.01923039941539586,0.01923039941539586,0.01923039941539586,0.9999807696005847,0.9999807696005847,0.057691198246187576,0.01923039941539586,0.057691198246187576,0.8653679736928136,0.21153439356935444,0.01923039941539586,0.01923039941539586,0.01923039941539586,0.01923039941539586,0.01923039941539586,0.01923039941539586,0.01923039941539586,0.9999807696005847,0.01923039941539586,0.01923039941539586,0.01923039941539586,0.01923039941539586,0.9999807696005847,0.9999807696005847,0.9999807696005847,0.9999807696005847,0.9999807696005847,0.9999807696005847,0.9999807696005847,0.9999807696005847,0.9999807696005847,0.9999807696005847,0.9999807696005847,0.01923039941539586,0.9999807696005847,0.01923039941539586,0.09615199707697929,0.9999807696005847,0.9999807696005847,0.9999807696005847,0.5576815830464799,0.9999807696005847,0.6922943789542509,0.9999807696005847,0.8461375742774178,0.01923039941539586,0.01923039941539586,0.2307647929847503,0.01923039941539586,0.01923039941539586,0.01923039941539586,0.5576815830464799,0.01923039941539586,0.6153727812926675,0.6922943789542509,0.49999038480029234,0.9999807696005847,0.9999807696005847,0.9999807696005847,0.9999807696005847,0.9999807696005847,0.9999807696005847,0.9999807696005847,0.9999807696005847,0.9999807696005847,0.9999807696005847,0.9999807696005847,0.9999807696005847,0.9999807696005847,0.9999807696005847,0.9999807696005847,0.0,0.0,0.9999807696005847
J,0.0,0.0,0.0,0.0,0.0,0.4422991865541048,0.0,0.0,0.0,0.01923039941539586,0.0,0.01923039941539586,0.01923039941539586,0.9999807696005847,0.0,0.03846079883079172,0.0,0.01923039941539586,0.6538335801234592,0.01923039941539586,0.01923039941539586,0.01923039941539586,0.01923039941539586,0.01923039941539586,0.01923039941539586,0.01923039941539586,0.01923039941539586,0.0,0.01923039941539586,0.01923039941539586,0.01923039941539586,0.01923039941539586,0.01923039941539586,0.01923039941539586,0.01923039941539586,0.4422991865541048,0.4422991865541048,0.01923039941539586,0.01923039941539586,0.0,0.01923039941539586,0.01923039941539586,0.01923039941539586,0.01923039941539586,0.0,0.0,0.0,0.01923039941539586,0.01923039941539586,0.9999807696005847,0.01923039941539586,0.01923039941539586,0.01923039941539586,0.01923039941539586,0.9999807696005847,0.9999807696005847,0.9999807696005847,0.9999807696005847,0.9999807696005847,0.9999807696005847,0.9999807696005847,0.9999807696005847,0.9999807696005847,0.9999807696005847,0.9999807696005847,0.01923039941539586,0.9999807696005847,0.9999807696005847,0.9999807696005847,0.9999807696005847,0.9999807696005847,0.9999807696005847,0.5961423818772716,0.9999807696005847,0.01923039941539586,0.9999807696005847,0.03846079883079172,0.01923039941539586,0.03846079883079172,0.03846079883079172,0.11538239649237515,0.01923039941539586,0.9999807696005847,0.09615199707697929,0.01923039941539586,0.9999807696005847,0.9999807696005847,0.5192207842156882,0.9999807696005847,0.9999807696005847,0.6346031807080633,0.9999807696005847,0.9999807696005847,0.9999807696005847,0.9999807696005847,0.9999807696005847,0.9999807696005847,0.9999807696005847,0.9999807696005847,0.9999807696005847,0.9999807696005847,0.9999807696005847,0.9999807696005847,0.0,0.0,0.9999807696005847
JBHT,0.0,0.0,0.0,0.0,0.0,0.9999782613421447,0.0,0.0,0.0,0.021738657855264017,0.0,0.0,0.0,0.9999782613421447,0.0,0.06521597356579205,0.0,0.021738657855264017,0.19564792069737616,0.021738657855264017,0.021738657855264017,0.021738657855264017,0.021738657855264017,0.5434664463816005,0.021738657855264017,0.3695571835394883,0.0,0.0,0.0,0.0,0.0,0.0,0.0,0.043477315710528035,0.043477315710528035,0.9999782613421447,0.9999782613421447,0.0,0.0,0.021738657855264017,0.2391252364079042,0.3695571835394883,0.0,0.0,0.0,0.0,0.0,0.0,0.0,0.9999782613421447,0.0,0.0,0.0,0.0,0.9999782613421447,0.9999782613421447,0.9999782613421447,0.9999782613421447,0.9999782613421447,0.9999782613421447,0.9999782613421447,0.9999782613421447,0.9999782613421447,0.9999782613421447,0.9999782613421447,0.0,0.9999782613421447,0.3695571835394883,0.4565118149605444,0.9999782613421447,0.9999782613421447,0.9999782613421447,0.7608530249342406,0.9999782613421447,0.021738657855264017,0.021738657855264017,0.9999782613421447,0.021738657855264017,0.021738657855264017,0.021738657855264017,0.43477315710528036,0.021738657855264017,0.021738657855264017,0.2826025521184322,0.9999782613421447,0.9999782613421447,0.9999782613421447,0.9999782613421447,0.9999782613421447,0.9999782613421447,0.9999782613421447,0.9999782613421447,0.9999782613421447,0.9999782613421447,0.9999782613421447,0.8478076563552966,0.9999782613421447,0.9999782613421447,0.9999782613421447,0.9999782613421447,0.9999782613421447,0.9999782613421447,0.9999782613421447,0.0,0.0,0.9999782613421447
JBL,0.0,0.0,0.0,0.0,0.0,0.0,0.0,0.0,0.0,0.0,0.0,0.0,0.0,0.0,0.0,0.03636297521863239,0.0,0.0,0.0,0.0,0.0,0.0,0.0,0.0,0.0,0.0,0.0,0.0,0.19999636370247814,0.0,0.0,0.0,0.0,0.0,0.0,0.0,0.0,0.0,0.0,0.0,0.19999636370247814,0.0,0.0,0.0,0.0,0.0,0.0,0.0,0.0,0.0,0.0,0.0,0.0,0.0,0.9999818185123908,0.8181669424192288,0.3818112397956401,0.9999818185123908,0.9999818185123908,0.9999818185123908,0.9999818185123908,0.9999818185123908,0.9999818185123908,0.9999818185123908,0.9999818185123908,0.0,0.9999818185123908,0.0,0.0,0.9999818185123908,0.9999818185123908,0.9999818185123908,0.6181705787167506,0.5636261158888021,0.6363520663260668,0.0,0.0,0.25454082653042676,0.0,0.0,0.0,0.0,0.0,0.5090816530608535,0.0,0.9999818185123908,0.9999818185123908,0.3454482645770077,0.47271867784222105,0.9999818185123908,0.9999818185123908,0.9999818185123908,0.9999818185123908,0.9999818185123908,0.9999818185123908,0.9999818185123908,0.9999818185123908,0.9999818185123908,0.9999818185123908,0.9999818185123908,0.9999818185123908,0.9999818185123908,0.9999818185123908,0.0,0.0,0.9999818185123908
JCI,0.0,0.0,0.0,0.01999960000799984,0.01999960000799984,0.01999960000799984,0.01999960000799984,0.01999960000799984,0.01999960000799984,0.03999920001599968,0.01999960000799984,0.01999960000799984,0.01999960000799984,0.05999880002399952,0.0,0.03999920001599968,0.0,0.03999920001599968,0.03999920001599968,0.03999920001599968,0.03999920001599968,0.03999920001599968,0.03999920001599968,0.03999920001599968,0.03999920001599968,0.01999960000799984,0.05999880002399952,0.01999960000799984,0.15999680006399872,0.01999960000799984,0.01999960000799984,0.619987600247995,0.03999920001599968,0.03999920001599968,0.03999920001599968,0.01999960000799984,0.01999960000799984,0.01999960000799984,0.01999960000799984,0.03999920001599968,0.5999880002399952,0.11999760004799905,0.01999960000799984,0.03999920001599968,0.03999920001599968,0.01999960000799984,0.01999960000799984,0.01999960000799984,0.01999960000799984,0.01999960000799984,0.01999960000799984,0.01999960000799984,0.03999920001599968,0.03999920001599968,0.999980000399992,0.999980000399992,0.879982400351993,0.999980000399992,0.999980000399992,0.999980000399992,0.999980000399992,0.999980000399992,0.999980000399992,0.999980000399992,0.999980000399992,0.03999920001599968,0.999980000399992,0.03999920001599968,0.03999920001599968,0.999980000399992,0.999980000399992,0.7399852002959941,0.6399872002559949,0.999980000399992,0.03999920001599968,0.03999920001599968,0.03999920001599968,0.03999920001599968,0.03999920001599968,0.03999920001599968,0.03999920001599968,0.03999920001599968,0.03999920001599968,0.21999560008799826,0.03999920001599968,0.999980000399992,0.999980000399992,0.03999920001599968,0.03999920001599968,0.379992400151997,0.5599888002239956,0.999980000399992,0.999980000399992,0.999980000399992,0.999980000399992,0.999980000399992,0.999980000399992,0.999980000399992,0.999980000399992,0.999980000399992,0.999980000399992,0.999980000399992,0.999980000399992,0.0,0.0,0.999980000399992
JKHY,0.0,0.0,0.0,0.0,0.0,0.0,0.0,0.0,0.0,0.08333159725839046,0.0,0.0,0.0,0.0,0.0,0.08333159725839046,0.0,0.1458302952021833,0.27082769108976895,0.08333159725839046,0.08333159725839046,0.08333159725839046,0.08333159725839046,0.0,0.08333159725839046,0.0,0.0,0.0,0.06249869794379284,0.020832899314597614,0.020832899314597614,0.020832899314597614,0.020832899314597614,0.08333159725839046,0.08333159725839046,0.0,0.0,0.0,0.0,0.0,0.1458302952021833,0.9999791671006855,0.0,0.0,0.04166579862919523,0.04166579862919523,0.04166579862919523,0.0,0.0,0.9999791671006855,0.0,0.0,0.04166579862919523,0.04166579862919523,0.9999791671006855,0.0,0.7291514760109165,0.9999791671006855,0.9999791671006855,0.9999791671006855,0.9999791671006855,0.9999791671006855,0.9999791671006855,0.9999791671006855,0.9999791671006855,0.04166579862919523,0.9999791671006855,0.9999791671006855,0.1458302952021833,0.6249869794379284,0.9999791671006855,0.9999791671006855,0.5833211808087332,0.7499843753255141,0.08333159725839046,0.9999791671006855,0.08333159725839046,0.08333159725839046,0.08333159725839046,0.08333159725839046,0.6041540801233308,0.08333159725839046,0.08333159725839046,0.08333159725839046,0.9999791671006855,0.9999791671006855,0.9999791671006855,0.08333159725839046,0.08333159725839046,0.08333159725839046,0.5208224828649404,0.9999791671006855,0.9999791671006855,0.9999791671006855,0.9999791671006855,0.9999791671006855,0.9999791671006855,0.9999791671006855,0.9999791671006855,0.9999791671006855,0.9999791671006855,0.9999791671006855,0.9999791671006855,0.0,0.0,0.9999791671006855
JNJ,0.0,0.0,0.0,0.4489704291749148,0.0,0.4489704291749148,0.4489704291749148,0.4489704291749148,0.0,0.0,0.0,0.0,0.0,0.0,0.0,0.040815493561355894,0.0,0.0,0.0,0.0,0.0,0.0,0.0,0.0,0.0,0.0,0.0,0.0,0.0,0.36733944205220304,0.0,0.7142711373237282,0.0,0.4897859227362707,0.020407746780677947,0.0,0.0,0.0,0.0,0.0,0.0,0.0,0.0,0.0,0.0,0.0,0.0,0.0,0.0,0.0,0.0,0.0,0.0,0.0,0.9999795922532194,0.9999795922532194,0.0,0.9999795922532194,0.9999795922532194,0.9999795922532194,0.9999795922532194,0.9999795922532194,0.9999795922532194,0.9999795922532194,0.9999795922532194,0.0,0.9999795922532194,0.0,0.5101936695169487,0.9999795922532194,0.9999795922532194,0.9999795922532194,0.5101936695169487,0.9999795922532194,0.0,0.0,0.0,0.0,0.0,0.0,0.0,0.0,0.0,0.0,0.8163098712271178,0.9999795922532194,0.9999795922532194,0.9999795922532194,0.9999795922532194,0.9999795922532194,0.9999795922532194,0.9999795922532194,0.9999795922532194,0.9999795922532194,0.9999795922532194,0.9999795922532194,0.9999795922532194,0.9999795922532194,0.9999795922532194,0.9999795922532194,0.9999795922532194,0.9999795922532194,0.9999795922532194,0.0,0.0,0.9999795922532194
JPM,0.0,0.0,0.0,0.0,0.0,0.9999791671006855,0.9999791671006855,0.0,0.0,0.020832899314597614,0.9999791671006855,0.0,0.0,0.9999791671006855,0.0,0.06249869794379284,0.0,0.6249869794379284,0.020832899314597614,0.020832899314597614,0.020832899314597614,0.9999791671006855,0.9999791671006855,0.0,0.020832899314597614,0.0,0.0,0.020832899314597614,0.10416449657298807,0.020832899314597614,0.020832899314597614,0.9999791671006855,0.020832899314597614,0.04166579862919523,0.04166579862919523,0.9999791671006855,0.9999791671006855,0.0,0.0,0.0,0.1458302952021833,0.2916605904043666,0.0,0.0,0.0,0.020832899314597614,0.020832899314597614,0.0,0.0,0.9999791671006855,0.9999791671006855,0.9999791671006855,0.020832899314597614,0.020832899314597614,0.7499843753255141,0.0,0.0,0.0,0.0,0.9999791671006855,0.9999791671006855,0.9999791671006855,0.9999791671006855,0.9999791671006855,0.1458302952021833,0.020832899314597614,0.9999791671006855,0.9999791671006855,0.6249869794379284,0.9999791671006855,0.9999791671006855,0.4583237849211475,0.5833211808087332,0.9999791671006855,0.9999791671006855,0.9999791671006855,0.9999791671006855,0.1458302952021833,0.9999791671006855,0.9999791671006855,0.7291514760109165,0.020832899314597614,0.020832899314597614,0.8958146705276974,0.9999791671006855,0.9999791671006855,0.9999791671006855,0.9999791671006855,0.9999791671006855,0.9999791671006855,0.9999791671006855,0.12499739588758568,0.020832899314597614,0.27082769108976895,0.916647569842295,0.9999791671006855,0.9999791671006855,0.9999791671006855,0.9999791671006855,0.9999791671006855,0.9999791671006855,0.9999791671006855,0.9999791671006855,0.0,0.0,0.9999791671006855
KDP,0.0,0.0,0.0,0.039214917354561674,0.039214917354561674,0.039214917354561674,0.039214917354561674,0.039214917354561674,0.07842983470912335,0.039214917354561674,0.039214917354561674,0.039214917354561674,0.039214917354561674,0.039214917354561674,0.039214917354561674,0.05882237603184252,0.0,0.039214917354561674,0.039214917354561674,0.039214917354561674,0.039214917354561674,0.0,0.039214917354561674,0.0,0.0,0.039214917354561674,0.039214917354561674,0.039214917354561674,0.13725221074096586,0.019607458677280837,0.019607458677280837,0.019607458677280837,0.019607458677280837,0.13725221074096586,0.13725221074096586,0.039214917354561674,0.039214917354561674,0.0,0.039214917354561674,0.039214917354561674,0.47057900825474014,0.13725221074096586,0.0,0.0,0.039214917354561674,0.039214917354561674,0.039214917354561674,0.039214917354561674,0.039214917354561674,0.039214917354561674,0.039214917354561674,0.039214917354561674,0.0,0.0,0.9999803925413228,0.3725417148683359,0.3529342561910551,0.9999803925413228,0.9999803925413228,0.9999803925413228,0.9999803925413228,0.9999803925413228,0.9999803925413228,0.9999803925413228,0.9999803925413228,0.039214917354561674,0.9999803925413228,0.9999803925413228,0.1960745867728084,0.9607654751867611,0.9999803925413228,0.5294013842865827,0.5686163016411443,0.5686163016411443,0.039214917354561674,0.039214917354561674,0.039214917354561674,0.0,0.07842983470912335,0.07842983470912335,0.039214917354561674,0.039214917354561674,0.9999803925413228,0.039214917354561674,0.5686163016411443,0.9999803925413228,0.9999803925413228,0.43136409090017847,0.43136409090017847,0.43136409090017847,0.9999803925413228,0.9999803925413228,0.9999803925413228,0.8431207231230761,0.9999803925413228,0.9999803925413228,0.9999803925413228,0.9999803925413228,0.9999803925413228,0.9999803925413228,0.9999803925413228,0.9999803925413228,0.9999803925413228,0.0,0.0,0.9999803925413228
KEY,0.0,0.0,0.0,0.3518453361974778,0.0,0.9999814818244107,0.9999814818244107,0.3518453361974778,0.0,0.0,0.9999814818244107,0.0,0.0,0.9999814818244107,0.0,0.05555452676802282,0.0,0.0,0.49999074091220536,0.0,0.0,0.9999814818244107,0.9999814818244107,0.0,0.0,0.0,0.01851817558934094,0.0,0.09259087794670469,0.4073998629655007,0.0,0.9999814818244107,0.05555452676802282,0.4073998629655007,0.03703635117868188,0.9999814818244107,0.9999814818244107,0.0,0.0,0.0,0.9999814818244107,0.3518453361974778,0.0,0.01851817558934094,0.01851817558934094,0.0,0.0,0.0,0.0,0.9999814818244107,0.9999814818244107,0.9999814818244107,0.01851817558934094,0.01851817558934094,0.0,0.0,0.0,0.0,0.0,0.9999814818244107,0.9999814818244107,0.9999814818244107,0.9999814818244107,0.9999814818244107,0.25925445825077315,0.01851817558934094,0.9999814818244107,0.4073998629655007,0.0,0.9999814818244107,0.9999814818244107,0.9999814818244107,0.5555452676802282,0.5740634432695692,0.9999814818244107,0.9999814818244107,0.9999814818244107,0.3518453361974778,0.4814725653228644,0.4814725653228644,0.0,0.0,0.11110905353604564,0.25925445825077315,0.25925445825077315,0.12962722912538657,0.9999814818244107,0.49999074091220536,0.9999814818244107,0.9999814818244107,0.9999814818244107,0.0,0.0,0.18518175589340938,0.9999814818244107,0.9999814818244107,0.9999814818244107,0.9999814818244107,0.9999814818244107,0.9999814818244107,0.9999814818244107,0.9999814818244107,0.9999814818244107,0.0,0.0,0.9999814818244107
KEYS,0.0,0.0,0.0,0.0,0.0,0.0,0.0,0.0,0.0,0.06451404793393761,0.0,0.0,0.0,0.0,0.0,0.09677107190090642,0.0,0.06451404793393761,0.41934131157059445,0.06451404793393761,0.06451404793393761,0.06451404793393761,0.06451404793393761,0.0,0.06451404793393761,0.0,0.0,0.0,0.0,0.0,0.0,0.0,0.0,0.06451404793393761,0.06451404793393761,0.0,0.0,0.0,0.0,0.0,0.0,0.0,0.032257023966968806,0.032257023966968806,0.032257023966968806,0.032257023966968806,0.032257023966968806,0.0,0.0,0.0,0.0,0.0,0.0,0.032257023966968806,0.999967742976033,0.999967742976033,0.999967742976033,0.999967742976033,0.999967742976033,0.999967742976033,0.999967742976033,0.999967742976033,0.999967742976033,0.999967742976033,0.677397503306345,0.032257023966968806,0.999967742976033,0.5483694074384697,0.25805619173575045,0.999967742976033,0.999967742976033,0.999967742976033,0.48385535950453207,0.999967742976033,0.06451404793393761,0.06451404793393761,0.06451404793393761,0.06451404793393761,0.06451404793393761,0.06451404793393761,0.06451404793393761,0.06451404793393761,0.19354214380181284,0.06451404793393761,0.999967742976033,0.8386826231411889,0.06451404793393761,0.06451404793393761,0.06451404793393761,0.06451404793393761,0.4515983355375633,0.999967742976033,0.999967742976033,0.999967742976033,0.999967742976033,0.999967742976033,0.999967742976033,0.999967742976033,0.999967742976033,0.999967742976033,0.999967742976033,0.999967742976033,0.999967742976033,0.0,0.0,0.999967742976033
KHC,0.0,0.0,0.0,0.18517832672863968,0.0,0.18517832672863968,0.18517832672863968,0.18517832672863968,0.037035665345727935,0.037035665345727935,0.0,0.037035665345727935,0.037035665345727935,0.037035665345727935,0.037035665345727935,0.07407133069145587,0.0,0.037035665345727935,0.14814266138291174,0.037035665345727935,0.037035665345727935,0.037035665345727935,0.037035665345727935,0.037035665345727935,0.037035665345727935,0.037035665345727935,0.037035665345727935,0.0,0.037035665345727935,0.2222139920743676,0.0,0.037035665345727935,0.037035665345727935,0.18517832672863968,0.0,0.037035665345727935,0.0,0.0,0.037035665345727935,0.037035665345727935,0.25924965742009554,0.07407133069145587,0.0,0.0,0.0,0.0,0.0,0.037035665345727935,0.037035665345727935,0.037035665345727935,0.037035665345727935,0.037035665345727935,0.0,0.0,0.9999629643346543,0.9999629643346543,0.9999629643346543,0.9999629643346543,0.9999629643346543,0.9999629643346543,0.9999629643346543,0.9999629643346543,0.9999629643346543,0.9999629643346543,0.9999629643346543,0.0,0.9999629643346543,0.037035665345727935,0.037035665345727935,0.9999629643346543,0.9999629643346543,0.4073923188030073,0.3333209881115514,0.3333209881115514,0.037035665345727935,0.037035665345727935,0.9258916336431984,0.5184993148401911,0.5555349801859191,0.5555349801859191,0.037035665345727935,0.037035665345727935,0.037035665345727935,0.8518203029517425,0.07407133069145587,0.9999629643346543,0.9999629643346543,0.9999629643346543,0.9999629643346543,0.9999629643346543,0.9999629643346543,0.9999629643346543,0.9999629643346543,0.9999629643346543,0.9999629643346543,0.9999629643346543,0.9999629643346543,0.9999629643346543,0.9999629643346543,0.9999629643346543,0.9999629643346543,0.9999629643346543,0.9999629643346543,0.0,0.0,0.9999629643346543
KIM,0.0,0.0,0.0,0.11764475206368503,0.0,0.9999803925413228,0.11764475206368503,0.11764475206368503,0.0,0.0,0.11764475206368503,0.0,0.0,0.9999803925413228,0.0,0.039214917354561674,0.0,0.3921491735456168,0.9999803925413228,0.0,0.0,0.9999803925413228,0.9999803925413228,0.9999803925413228,0.0,0.0,0.05882237603184252,0.0,0.0,0.13725221074096586,0.0,0.13725221074096586,0.0,0.1960745867728084,0.019607458677280837,0.9999803925413228,0.9999803925413228,0.0,0.0,0.0,0.9999803925413228,0.9999803925413228,0.0,0.0,0.0,0.0,0.0,0.0,0.0,0.9999803925413228,0.0,0.0,0.0,0.0,0.9999803925413228,0.9999803925413228,0.17646712809552756,0.9999803925413228,0.9999803925413228,0.9999803925413228,0.9999803925413228,0.9999803925413228,0.9999803925413228,0.9999803925413228,0.0,0.0,0.9999803925413228,0.0,0.3921491735456168,0.9999803925413228,0.0,0.9999803925413228,0.607831218995706,0.8431207231230761,0.9999803925413228,0.9999803925413228,0.8627281818003569,0.8627281818003569,0.8627281818003569,0.8039058057685143,0.9215505578321994,0.7450834297366719,0.9999803925413228,0.0980372933864042,0.0,0.9999803925413228,0.9999803925413228,0.8431207231230761,0.9999803925413228,0.9999803925413228,0.9999803925413228,0.9999803925413228,0.9999803925413228,0.7646908884139527,0.9999803925413228,0.9999803925413228,0.9999803925413228,0.0,0.11764475206368503,0.9999803925413228,0.9999803925413228,0.9999803925413228,0.9999803925413228,0.0,0.0,0.9999803925413228
KKR,0.0,0.0,0.0,0.40475226780314755,0.0,0.9999761910430705,0.9999761910430705,0.40475226780314755,0.47617913859193833,0.47617913859193833,0.9999761910430705,0.0,0.0,0.9999761910430705,0.47617913859193833,0.04761791385919383,0.0,0.2618985262255661,0.9999761910430705,0.2618985262255661,0.04761791385919383,0.9999761910430705,0.9999761910430705,0.4285612247327445,0.0,0.9999761910430705,0.0,0.023808956929596916,0.0,0.40475226780314755,0.0,0.9999761910430705,0.023808956929596916,0.47617913859193833,0.04761791385919383,0.9999761910430705,0.9999761910430705,0.9999761910430705,0.0,0.0,0.0,0.38094331087355066,0.0,0.023808956929596916,0.023808956929596916,0.0,0.0,0.0,0.0,0.9999761910430705,0.9999761910430705,0.9999761910430705,0.023808956929596916,0.023808956929596916,0.9999761910430705,0.9999761910430705,0.9285493202542797,0.9999761910430705,0.0,0.7142687078879074,0.9999761910430705,0.7142687078879074,0.7142687078879074,0.7142687078879074,0.9999761910430705,0.023808956929596916,0.9999761910430705,0.571414966310326,0.2618985262255661,0.9999761910430705,0.9999761910430705,0.9999761910430705,0.7142687078879074,0.9999761910430705,0.9999761910430705,0.9999761910430705,0.9999761910430705,0.3333253970143568,0.3333253970143568,0.3333253970143568,0.4285612247327445,0.47617913859193833,0.9999761910430705,0.8095045356062951,0.47617913859193833,0.9999761910430705,0.9999761910430705,0.3095164400847599,0.9999761910430705,0.9999761910430705,0.9999761910430705,0.7142687078879074,0.9999761910430705,0.833313492535892,0.9999761910430705,0.6428418370991167,0.6190328801695199,0.9999761910430705,0.9999761910430705,0.9999761910430705,0.9999761910430705,0.9999761910430705,0.9999761910430705,0.0,0.0,0.9999761910430705
KLAC,0.0,0.0,0.0,0.0,0.0,0.0,0.0,0.0,0.0,0.0,0.0,0.0,0.0,0.0,0.0,0.0,0.0,0.1860421850654636,0.1860421850654636,0.1860421850654636,0.0,0.0,0.0,0.0,0.0,0.0,0.0,0.0,0.0,0.0,0.0,0.7441687402618544,0.0,0.0,0.0,0.0,0.0,0.0,0.0,0.0,0.0,0.0,0.0,0.0,0.0,0.0,0.0,0.0,0.0,0.0,0.0,0.0,0.0,0.0,0.9999767447268668,0.9999767447268668,0.8604451059277691,0.9999767447268668,0.9999767447268668,0.9999767447268668,0.9999767447268668,0.9999767447268668,0.9999767447268668,0.9999767447268668,0.9999767447268668,0.0,0.9999767447268668,0.0,0.1860421850654636,0.6278923745959397,0.9999767447268668,0.9999767447268668,0.5581265551963908,0.9999767447268668,0.0,0.0,0.0,0.0,0.0,0.0,0.0,0.0,0.9999767447268668,0.0,0.6278923745959397,0.9999767447268668,0.930210925327318,0.465105462663659,0.930210925327318,0.465105462663659,0.465105462663659,0.9999767447268668,0.9999767447268668,0.9999767447268668,0.9999767447268668,0.9999767447268668,0.9999767447268668,0.9999767447268668,0.9999767447268668,0.9999767447268668,0.9999767447268668,0.9999767447268668,0.9999767447268668,0.0,0.0,0.9999767447268668
KMB,0.0,0.0,0.0,0.040815493561355894,0.040815493561355894,0.040815493561355894,0.040815493561355894,0.040815493561355894,0.16326197424542357,0.16326197424542357,0.040815493561355894,0.040815493561355894,0.040815493561355894,0.040815493561355894,0.040815493561355894,0.06122324034203384,0.0,0.06122324034203384,0.040815493561355894,0.040815493561355894,0.040815493561355894,0.040815493561355894,0.040815493561355894,0.040815493561355894,0.040815493561355894,0.9999795922532194,0.040815493561355894,0.040815493561355894,0.040815493561355894,0.0,0.0,0.0,0.020407746780677947,0.06122324034203384,0.06122324034203384,0.040815493561355894,0.040815493561355894,0.040815493561355894,0.040815493561355894,0.040815493561355894,0.040815493561355894,0.4897859227362707,0.040815493561355894,0.040815493561355894,0.06122324034203384,0.040815493561355894,0.040815493561355894,0.040815493561355894,0.040815493561355894,0.040815493561355894,0.040815493561355894,0.040815493561355894,0.06122324034203384,0.06122324034203384,0.9999795922532194,0.9999795922532194,0.9999795922532194,0.9999795922532194,0.9999795922532194,0.9999795922532194,0.9999795922532194,0.9999795922532194,0.9999795922532194,0.9999795922532194,0.9999795922532194,0.06122324034203384,0.9999795922532194,0.36733944205220304,0.06122324034203384,0.9999795922532194,0.9999795922532194,0.9999795922532194,0.775494377665762,0.7346788841044061,0.040815493561355894,0.040815493561355894,0.14285422746474563,0.040815493561355894,0.040815493561355894,0.040815493561355894,0.3061162017101692,0.040815493561355894,0.040815493561355894,0.040815493561355894,0.040815493561355894,0.9999795922532194,0.9999795922532194,0.9999795922532194,0.9999795922532194,0.9999795922532194,0.9999795922532194,0.9999795922532194,0.9999795922532194,0.9999795922532194,0.9999795922532194,0.9999795922532194,0.9999795922532194,0.9999795922532194,0.9999795922532194,0.9999795922532194,0.9999795922532194,0.9999795922532194,0.9999795922532194,0.0,0.0,0.9999795922532194
KMI,0.0,0.0,0.0,0.01886756853644271,0.01886756853644271,0.07547027414577084,0.01886756853644271,0.01886756853644271,0.01886756853644271,0.01886756853644271,0.01886756853644271,0.01886756853644271,0.01886756853644271,0.9999811324314636,0.01886756853644271,0.24527839097375523,0.0,0.01886756853644271,0.01886756853644271,0.01886756853644271,0.01886756853644271,0.01886756853644271,0.01886756853644271,0.01886756853644271,0.01886756853644271,0.01886756853644271,0.6792324673119375,0.01886756853644271,0.6792324673119375,0.01886756853644271,0.01886756853644271,0.01886756853644271,0.01886756853644271,0.07547027414577084,0.07547027414577084,0.07547027414577084,0.07547027414577084,0.2264108224373125,0.01886756853644271,0.01886756853644271,0.7735703099941511,0.01886756853644271,0.01886756853644271,0.03773513707288542,0.03773513707288542,0.03773513707288542,0.03773513707288542,0.01886756853644271,0.01886756853644271,0.01886756853644271,0.01886756853644271,0.01886756853644271,0.01886756853644271,0.03773513707288542,0.9999811324314636,0.2264108224373125,0.9999811324314636,0.9999811324314636,0.9999811324314636,0.9999811324314636,0.9999811324314636,0.9999811324314636,0.9999811324314636,0.9999811324314636,0.47168921341106773,0.03773513707288542,0.9999811324314636,0.01886756853644271,0.6226297617026094,0.8679081526763647,0.9999811324314636,0.9999811324314636,0.49055678194751046,0.716967604384823,0.5094243504839532,0.01886756853644271,0.01886756853644271,0.01886756853644271,0.5094243504839532,0.5094243504839532,0.01886756853644271,0.01886756853644271,0.9999811324314636,0.49055678194751046,0.01886756853644271,0.9999811324314636,0.01886756853644271,0.24527839097375523,0.6414973302390521,0.8490405841399219,0.47168921341106773,0.9999811324314636,0.9999811324314636,0.9999811324314636,0.9999811324314636,0.9999811324314636,0.9999811324314636,0.9999811324314636,0.9999811324314636,0.9999811324314636,0.9999811324314636,0.1509405482915417,0.1509405482915417,0.0,0.0,0.9999811324314636
KO,0.0,0.0,0.0,0.4736759004227996,0.0,0.4736759004227996,0.4736759004227996,0.4736759004227996,0.0350871037350222,0.0350871037350222,0.0,0.0,0.0,0.9999824564481326,0.0,0.0701742074700444,0.0,0.0350871037350222,0.0350871037350222,0.0350871037350222,0.0350871037350222,0.0350871037350222,0.0350871037350222,0.0350871037350222,0.0350871037350222,0.0,0.0,0.0175435518675111,0.0,0.5263065560253329,0.0,0.0,0.0175435518675111,0.543850107892844,0.05263065560253329,0.0,0.0,0.0,0.0,0.08771775933755549,0.0,0.12280486307257768,0.0,0.0,0.0,0.0175435518675111,0.0175435518675111,0.0,0.0,0.0350871037350222,0.0350871037350222,0.0350871037350222,0.0175435518675111,0.0175435518675111,0.9999824564481326,0.9999824564481326,0.9999824564481326,0.9999824564481326,0.9999824564481326,0.9999824564481326,0.9999824564481326,0.9999824564481326,0.9999824564481326,0.9999824564481326,0.9999824564481326,0.0175435518675111,0.9999824564481326,0.0,0.08771775933755549,0.9999824564481326,0.9999824564481326,0.08771775933755549,0.5789372116278662,0.9999824564481326,0.0350871037350222,0.0350871037350222,0.0350871037350222,0.0350871037350222,0.0350871037350222,0.35087103735022196,0.17543551867511098,0.0350871037350222,0.0350871037350222,0.9999824564481326,0.0350871037350222,0.9999824564481326,0.9999824564481326,0.9999824564481326,0.9999824564481326,0.9999824564481326,0.9999824564481326,0.9999824564481326,0.9999824564481326,0.9999824564481326,0.9999824564481326,0.9999824564481326,0.9999824564481326,0.9999824564481326,0.9999824564481326,0.9999824564481326,0.9999824564481326,0.9999824564481326,0.9999824564481326,0.0,0.0,0.9999824564481326
KR,0.0,0.0,0.0,0.4821342476027214,0.0,0.4821342476027214,0.4821342476027214,0.4821342476027214,0.0,0.03571364797057196,0.0,0.0,0.0,0.9999821431760147,0.0,0.053570471955857936,0.0,0.03571364797057196,0.053570471955857936,0.03571364797057196,0.03571364797057196,0.03571364797057196,0.03571364797057196,0.03571364797057196,0.03571364797057196,0.9999821431760147,0.0,0.0,0.08928411992642989,0.4999910715880074,0.0,0.0,0.01785682398528598,0.5535615435438653,0.053570471955857936,0.0,0.4821342476027214,0.0,0.0,0.0,0.821413903323155,0.17856823985285977,0.0,0.0,0.0,0.0,0.01785682398528598,0.0,0.0,0.9999821431760147,0.0,0.0,0.01785682398528598,0.01785682398528598,0.9999821431760147,0.9999821431760147,0.9999821431760147,0.9999821431760147,0.9999821431760147,0.9999821431760147,0.9999821431760147,0.9999821431760147,0.9999821431760147,0.9999821431760147,0.9999821431760147,0.01785682398528598,0.9999821431760147,0.0,0.03571364797057196,0.9999821431760147,0.9999821431760147,0.9999821431760147,0.5714183675291513,0.5714183675291513,0.03571364797057196,0.874984375279013,0.874984375279013,0.28570918376457566,0.35713647970571955,0.35713647970571955,0.2321387118087177,0.03571364797057196,0.03571364797057196,0.874984375279013,0.03571364797057196,0.9999821431760147,0.9999821431760147,0.4999910715880074,0.9999821431760147,0.9999821431760147,0.9999821431760147,0.9999821431760147,0.9999821431760147,0.9999821431760147,0.9999821431760147,0.9999821431760147,0.9999821431760147,0.9999821431760147,0.9999821431760147,0.9999821431760147,0.9999821431760147,0.9999821431760147,0.9999821431760147,0.0,0.0,0.9999821431760147
KVUE,0.0,0.0,0.0,0.0,0.0,0.0,0.0,0.0,0.0,0.0909008271975275,0.0,0.0,0.0,0.0,0.0,0.181801654395055,0.0,0.545404963185165,0.0909008271975275,0.0909008271975275,0.0909008271975275,0.0909008271975275,0.0909008271975275,0.0,0.0909008271975275,0.0,0.0,0.0,0.4545041359876375,0.0,0.0,0.0,0.0,0.0909008271975275,0.0909008271975275,0.0,0.0,0.0,0.0,0.0,0.9999090991728026,0.0,0.0,0.0,0.0,0.0,0.0,0.0,0.0,0.0,0.0,0.0,0.0,0.0,0.9999090991728026,0.4545041359876375,0.0,0.9999090991728026,0.9999090991728026,0.9999090991728026,0.9999090991728026,0.9999090991728026,0.9999090991728026,0.9999090991728026,0.9999090991728026,0.0,0.9999090991728026,0.0,0.545404963185165,0.0909008271975275,0.9999090991728026,0.0909008271975275,0.0909008271975275,0.181801654395055,0.0909008271975275,0.0909008271975275,0.0909008271975275,0.0909008271975275,0.0909008271975275,0.0909008271975275,0.0909008271975275,0.0909008271975275,0.0909008271975275,0.0909008271975275,0.9999090991728026,0.9999090991728026,0.9999090991728026,0.9999090991728026,0.9999090991728026,0.9999090991728026,0.9999090991728026,0.9999090991728026,0.9999090991728026,0.9999090991728026,0.9999090991728026,0.9999090991728026,0.9999090991728026,0.9999090991728026,0.9999090991728026,0.9999090991728026,0.9999090991728026,0.9999090991728026,0.9999090991728026,0.0,0.0,0.9999090991728026
L,0.0,0.0,0.0,0.0,0.0,0.7842983470912336,0.7842983470912336,0.0,0.0,0.0,0.7842983470912336,0.0,0.0,0.9999803925413228,0.0,0.039214917354561674,0.0,0.0,0.5097939256093018,0.0,0.0,0.9999803925413228,0.9999803925413228,0.0,0.0,0.9999803925413228,0.0,0.0,0.0,0.0,0.0,0.9999803925413228,0.0,0.019607458677280837,0.019607458677280837,0.7842983470912336,0.7842983470912336,0.0,0.0,0.1960745867728084,0.9999803925413228,0.4117566322228976,0.0,0.0,0.0,0.0,0.0,0.0,0.0,0.9999803925413228,0.2941118801592126,0.9999803925413228,0.0,0.0,0.9999803925413228,0.9215505578321994,0.8431207231230761,0.9999803925413228,0.9999803925413228,0.0,0.9999803925413228,0.0,0.47057900825474014,0.0,0.9999803925413228,0.0,0.9999803925413228,0.0,0.0,0.9999803925413228,0.9999803925413228,0.9999803925413228,0.5490088429638634,0.9999803925413228,0.9999803925413228,0.9999803925413228,0.9999803925413228,0.0,0.9999803925413228,0.9999803925413228,0.9999803925413228,0.0,0.0,0.7842983470912336,0.0,0.3137193388364934,0.9999803925413228,0.5294013842865827,0.9999803925413228,0.9999803925413228,0.5294013842865827,0.9999803925413228,0.9999803925413228,0.6274386776729868,0.9999803925413228,0.0,0.0,0.9999803925413228,0.9999803925413228,0.9999803925413228,0.9999803925413228,0.9999803925413228,0.9999803925413228,0.0,0.0,0.9999803925413228
LDOS,0.0,0.0,0.0,0.0,0.0,0.0681802686302584,0.0,0.0,0.0,0.0,0.0,0.0681802686302584,0.0681802686302584,0.0681802686302584,0.0,0.022726756210086137,0.0,0.0,0.0,0.0,0.0,0.0,0.0,0.0,0.0,0.24999431831094748,0.0681802686302584,0.0,0.34090134315129206,0.0,0.0,0.0,0.0,0.0,0.0,0.0681802686302584,0.0681802686302584,0.0,0.0681802686302584,0.0681802686302584,0.7045294425126702,0.0681802686302584,0.0,0.0,0.0,0.0,0.0,0.0681802686302584,0.0681802686302584,0.9999772732437899,0.0681802686302584,0.47726188041180884,0.0,0.0,0.9999772732437899,0.40908161178155045,0.47726188041180884,0.9999772732437899,0.9999772732437899,0.9999772732437899,0.9999772732437899,0.9999772732437899,0.9999772732437899,0.9999772732437899,0.5681689052521534,0.0,0.9999772732437899,0.0681802686302584,0.0,0.659075930092498,0.9999772732437899,0.659075930092498,0.5227153928319811,0.5227153928319811,0.0,0.04545351242017227,0.0,0.20454080589077522,0.40908161178155045,0.40908161178155045,0.0,0.0,0.9999772732437899,0.1818140496806891,0.34090134315129206,0.9999772732437899,0.9999772732437899,0.34090134315129206,0.4318083679916366,0.4318083679916366,0.4318083679916366,0.9999772732437899,0.9999772732437899,0.9999772732437899,0.9999772732437899,0.8181632235631009,0.9999772732437899,0.9999772732437899,0.9999772732437899,0.9999772732437899,0.9999772732437899,0.9999772732437899,0.9999772732437899,0.0,0.0,0.9999772732437899
LEN,0.0,0.0,0.0,0.0,0.0,0.7999771435101855,0.37141795948687184,0.0,0.0,0.05714122453644182,0.37141795948687184,0.0,0.0,0.9999714293877319,0.0,0.05714122453644182,0.0,0.6856946944373018,0.9999714293877319,0.3999885717550927,0.05714122453644182,0.9999714293877319,0.9999714293877319,0.42855918402331367,0.05714122453644182,0.08571183680466272,0.0,0.05714122453644182,0.5999828576326391,0.02857061226822091,0.02857061226822091,0.37141795948687184,0.05714122453644182,0.05714122453644182,0.05714122453644182,0.9999714293877319,0.7999771435101855,0.05714122453644182,0.0,0.05714122453644182,0.9999714293877319,0.9999714293877319,0.0,0.0,0.0,0.05714122453644182,0.05714122453644182,0.0,0.0,0.0,0.0,0.0,0.0,0.05714122453644182,0.9999714293877319,0.9999714293877319,0.9999714293877319,0.9999714293877319,0.9999714293877319,0.9999714293877319,0.9999714293877319,0.9999714293877319,0.9999714293877319,0.9999714293877319,0.9999714293877319,0.05714122453644182,0.9999714293877319,0.6856946944373018,0.6856946944373018,0.8856889803148482,0.7142653067055228,0.9999714293877319,0.5428416330961973,0.9999714293877319,0.9999714293877319,0.9999714293877319,0.9999714293877319,0.05714122453644182,0.05714122453644182,0.05714122453644182,0.6856946944373018,0.05714122453644182,0.05714122453644182,0.14285306134110454,0.05714122453644182,0.9999714293877319,0.9999714293877319,0.9999714293877319,0.9999714293877319,0.9999714293877319,0.9999714293877319,0.7999771435101855,0.9999714293877319,0.9999714293877319,0.9999714293877319,0.9999714293877319,0.9999714293877319,0.9999714293877319,0.9999714293877319,0.9999714293877319,0.9999714293877319,0.9999714293877319,0.9999714293877319,0.0,0.0,0.9999714293877319
LH,0.0,0.0,0.0,0.0,0.0,0.0,0.0,0.0,0.0,0.01851817558934094,0.0,0.0,0.0,0.9999814818244107,0.0,0.03703635117868188,0.0,0.01851817558934094,0.01851817558934094,0.01851817558934094,0.01851817558934094,0.01851817558934094,0.01851817558934094,0.01851817558934094,0.01851817558934094,0.0,0.0,0.0,0.0,0.0,0.0,0.0,0.0,0.03703635117868188,0.03703635117868188,0.0,0.0,0.01851817558934094,0.0,0.9999814818244107,0.9999814818244107,0.0,0.0,0.0,0.0,0.0,0.0,0.0,0.0,0.0,0.0,0.0,0.0,0.0,0.9999814818244107,0.9999814818244107,0.1481454047147275,0.9999814818244107,0.9999814818244107,0.9999814818244107,0.9999814818244107,0.9999814818244107,0.9999814818244107,0.9999814818244107,0.9999814818244107,0.0,0.9999814818244107,0.0,0.611099794448251,0.9999814818244107,0.6666543212162738,0.9999814818244107,0.5740634432695692,0.5740634432695692,0.01851817558934094,0.01851817558934094,0.01851817558934094,0.01851817558934094,0.05555452676802282,0.05555452676802282,0.01851817558934094,0.01851817558934094,0.31480898501879595,0.9999814818244107,0.8703542526990241,0.9999814818244107,0.9999814818244107,0.05555452676802282,0.3888816873761597,0.5740634432695692,0.6481361456269329,0.9999814818244107,0.9999814818244107,0.9999814818244107,0.9999814818244107,0.9999814818244107,0.9999814818244107,0.9999814818244107,0.9999814818244107,0.9999814818244107,0.9999814818244107,0.9999814818244107,0.9999814818244107,0.0,0.0,0.9999814818244107
LHX,0.0,0.0,0.0,0.0,0.0,0.019607458677280837,0.019607458677280837,0.019607458677280837,0.0,0.0,0.0,0.0,0.0,0.9999803925413228,0.0,0.0,0.0,0.0,0.0,0.0,0.0,0.0,0.0,0.0,0.0,0.5097939256093018,0.0,0.0,0.2548969628046509,0.0,0.0,0.6862610537048294,0.0,0.0,0.0,0.0,0.0,0.0,0.0,0.0,0.2548969628046509,0.05882237603184252,0.0,0.0,0.0,0.0,0.0,0.0,0.0,0.0,0.0,0.0,0.0,0.0,0.9999803925413228,0.4117566322228976,0.9999803925413228,0.9999803925413228,0.9999803925413228,0.9999803925413228,0.9999803925413228,0.9999803925413228,0.9999803925413228,0.9999803925413228,0.9999803925413228,0.0,0.9999803925413228,0.039214917354561674,0.0,0.9999803925413228,0.8235132644457952,0.5097939256093018,0.607831218995706,0.607831218995706,0.0,0.0,0.0,0.1960745867728084,0.1960745867728084,0.1960745867728084,0.0,0.0,0.9999803925413228,0.019607458677280837,0.0,0.9999803925413228,0.9999803925413228,0.47057900825474014,0.47057900825474014,0.47057900825474014,0.5294013842865827,0.9999803925413228,0.9999803925413228,0.9999803925413228,0.9999803925413228,0.9999803925413228,0.9999803925413228,0.9999803925413228,0.9999803925413228,0.9999803925413228,0.9999803925413228,0.9999803925413228,0.9999803925413228,0.0,0.0,0.9999803925413228
LII,0.0,0.0,0.0,0.0,0.0,0.0,0.0,0.0,0.34614718947712547,0.38460798830791715,0.0,0.0,0.0,0.03846079883079172,0.0,0.07692159766158344,0.0,0.03846079883079172,0.03846079883079172,0.03846079883079172,0.03846079883079172,0.03846079883079172,0.03846079883079172,0.03846079883079172,0.03846079883079172,0.0,0.0,0.01923039941539586,0.0,0.0,0.0,0.0,0.01923039941539586,0.057691198246187576,0.057691198246187576,0.0,0.0,0.0,0.0,0.09615199707697929,0.03846079883079172,0.5192207842156882,0.0,0.0,0.01923039941539586,0.01923039941539586,0.0,0.0,0.0,0.0,0.0,0.0,0.0,0.0,0.9999807696005847,0.9999807696005847,0.0,0.9999807696005847,0.9999807696005847,0.9999807696005847,0.9999807696005847,0.9999807696005847,0.9999807696005847,0.9999807696005847,0.9999807696005847,0.01923039941539586,0.9999807696005847,0.9999807696005847,0.03846079883079172,0.9999807696005847,0.9999807696005847,0.8076767754466261,0.5192207842156882,0.5192207842156882,0.03846079883079172,0.03846079883079172,0.03846079883079172,0.03846079883079172,0.09615199707697929,0.09615199707697929,0.48075998538489645,0.03846079883079172,0.03846079883079172,0.03846079883079172,0.6730639795388551,0.5192207842156882,0.9999807696005847,0.134612795907771,0.134612795907771,0.49999038480029234,0.9999807696005847,0.9999807696005847,0.9999807696005847,0.9999807696005847,0.9999807696005847,0.9999807696005847,0.9999807696005847,0.9999807696005847,0.9999807696005847,0.9999807696005847,0.9999807696005847,0.9999807696005847,0.9999807696005847,0.0,0.0,0.9999807696005847
LIN,0.0,0.0,0.0,0.0,0.0,0.0,0.0,0.0,0.083329861255781,0.083329861255781,0.0,0.0,0.0,0.0,0.0,0.0,0.0,0.0,0.0,0.0,0.0,0.0,0.0,0.0,0.0,0.0,0.0,0.0,0.0,0.0,0.0,0.0,0.0416649306278905,0.0,0.0,0.0,0.0,0.0,0.0,0.0,0.999958335069372,0.0,0.0,0.0,0.0,0.0,0.0,0.0,0.0,0.0,0.0,0.0,0.0,0.0,0.999958335069372,0.4583142369067955,0.0,0.999958335069372,0.999958335069372,0.999958335069372,0.999958335069372,0.999958335069372,0.999958335069372,0.999958335069372,0.999958335069372,0.0,0.999958335069372,0.999958335069372,0.0,0.0,0.999958335069372,0.0,0.166659722511562,0.166659722511562,0.0,0.0,0.0,0.0,0.666638890046248,0.666638890046248,0.0,0.0,0.0,0.999958335069372,0.0,0.999958335069372,0.999958335069372,0.0,0.0,0.0,0.2083246531394525,0.999958335069372,0.999958335069372,0.999958335069372,0.999958335069372,0.999958335069372,0.999958335069372,0.999958335069372,0.999958335069372,0.999958335069372,0.999958335069372,0.999958335069372,0.999958335069372,0.0,0.0,0.999958335069372
LITE,0.0,0.0,0.0,0.0,0.033332222259258026,0.0,0.0,0.033332222259258026,0.033332222259258026,0.033332222259258026,0.0,0.0,0.0,0.0,0.0,0.09999666677777407,0.0,0.2666577780740642,0.6666444451851604,0.2666577780740642,0.033332222259258026,0.033332222259258026,0.033332222259258026,0.0,0.033332222259258026,0.0,0.0,0.0,0.0,0.033332222259258026,0.06666444451851605,0.033332222259258026,0.06666444451851605,0.033332222259258026,0.09999666677777407,0.0,0.0,0.033332222259258026,0.0,0.4333188893703543,0.39998666711109626,0.0,0.033332222259258026,0.033332222259258026,0.033332222259258026,0.033332222259258026,0.033332222259258026,0.0,0.0,0.0,0.0,0.0,0.033332222259258026,0.033332222259258026,0.9999666677777407,0.9999666677777407,0.7333088897036765,0.9999666677777407,0.9999666677777407,0.9999666677777407,0.9999666677777407,0.9999666677777407,0.9999666677777407,0.9999666677777407,0.9999666677777407,0.033332222259258026,0.9999666677777407,0.9999666677777407,0.4333188893703543,0.8333055564814505,0.9999666677777407,0.9999666677777407,0.49998333388887034,0.8333055564814505,0.5333155561481284,0.033332222259258026,0.033332222259258026,0.23332555581480616,0.1333288890370321,0.1333288890370321,0.033332222259258026,0.09999666677777407,0.9999666677777407,0.8999700009999666,0.9999666677777407,0.19999333355554813,0.9999666677777407,0.19999333355554813,0.7999733342221925,0.8999700009999666,0.7666411119629345,0.9999666677777407,0.9999666677777407,0.9999666677777407,0.9999666677777407,0.9999666677777407,0.9999666677777407,0.9999666677777407,0.9999666677777407,0.9999666677777407,0.9999666677777407,0.9999666677777407,0.9999666677777407,0.0,0.0,0.9999666677777407
LLY,0.0,0.0,0.0,0.03703635117868188,0.03703635117868188,0.03703635117868188,0.03703635117868188,0.03703635117868188,0.03703635117868188,0.03703635117868188,0.03703635117868188,0.03703635117868188,0.03703635117868188,0.03703635117868188,0.03703635117868188,0.09259087794670469,0.0,0.03703635117868188,0.03703635117868188,0.03703635117868188,0.03703635117868188,0.03703635117868188,0.03703635117868188,0.09259087794670469,0.03703635117868188,0.03703635117868188,0.03703635117868188,0.03703635117868188,0.03703635117868188,0.0,0.0,0.9999814818244107,0.01851817558934094,0.09259087794670469,0.09259087794670469,0.03703635117868188,0.03703635117868188,0.03703635117868188,0.03703635117868188,0.03703635117868188,0.05555452676802282,0.1481454047147275,0.03703635117868188,0.05555452676802282,0.05555452676802282,0.03703635117868188,0.03703635117868188,0.03703635117868188,0.03703635117868188,0.03703635117868188,0.03703635117868188,0.03703635117868188,0.03703635117868188,0.03703635117868188,0.9999814818244107,0.9999814818244107,0.9999814818244107,0.9999814818244107,0.9999814818244107,0.9999814818244107,0.9999814818244107,0.9999814818244107,0.9999814818244107,0.9999814818244107,0.9999814818244107,0.05555452676802282,0.9999814818244107,0.03703635117868188,0.25925445825077315,0.3333271606081369,0.11110905353604564,0.3333271606081369,0.611099794448251,0.9999814818244107,0.03703635117868188,0.03703635117868188,0.03703635117868188,0.03703635117868188,0.03703635117868188,0.03703635117868188,0.25925445825077315,0.03703635117868188,0.03703635117868188,0.9999814818244107,0.03703635117868188,0.03703635117868188,0.03703635117868188,0.5370270920908873,0.9999814818244107,0.9999814818244107,0.9999814818244107,0.9999814818244107,0.9999814818244107,0.9999814818244107,0.9999814818244107,0.9999814818244107,0.9999814818244107,0.9999814818244107,0.9999814818244107,0.9999814818244107,0.9999814818244107,0.9999814818244107,0.9999814818244107,0.0,0.0,0.9999814818244107
LMT,0.0,0.0,0.0,0.0,0.0,0.01851817558934094,0.0,0.0,0.0,0.0,0.0,0.01851817558934094,0.01851817558934094,0.01851817558934094,0.0,0.01851817558934094,0.0,0.0,0.09259087794670469,0.0,0.0,0.0,0.0,0.0,0.0,0.9999814818244107,0.01851817558934094,0.0,0.01851817558934094,0.0,0.0,0.0,0.01851817558934094,0.01851817558934094,0.01851817558934094,0.01851817558934094,0.01851817558934094,0.0,0.01851817558934094,0.07407270235736375,0.9999814818244107,0.09259087794670469,0.0,0.0,0.0,0.0,0.0,0.01851817558934094,0.01851817558934094,0.01851817558934094,0.01851817558934094,0.01851817558934094,0.0,0.0,0.9999814818244107,0.9999814818244107,0.9999814818244107,0.9999814818244107,0.9999814818244107,0.9999814818244107,0.9999814818244107,0.9999814818244107,0.9999814818244107,0.9999814818244107,0.9999814818244107,0.0,0.9999814818244107,0.9999814818244107,0.07407270235736375,0.925908779467047,0.9999814818244107,0.7036906723949556,0.4814725653228644,0.9999814818244107,0.0,0.25925445825077315,0.0,0.0,0.07407270235736375,0.07407270235736375,0.16666358030406844,0.0,0.9999814818244107,0.9999814818244107,0.611099794448251,0.8333179015203422,0.9999814818244107,0.4814725653228644,0.4814725653228644,0.9999814818244107,0.4814725653228644,0.9999814818244107,0.9999814818244107,0.9999814818244107,0.9999814818244107,0.9999814818244107,0.9999814818244107,0.9999814818244107,0.9999814818244107,0.9999814818244107,0.9999814818244107,0.9999814818244107,0.9999814818244107,0.0,0.0,0.9999814818244107
LNT,0.0,0.0,0.0,0.0,0.0,0.5319035765196486,0.0,0.0,0.0,0.042552286121571886,0.0,0.0,0.0,0.9999787238569393,0.0,0.08510457224314377,0.0,0.042552286121571886,0.042552286121571886,0.042552286121571886,0.042552286121571886,0.042552286121571886,0.042552286121571886,0.9999787238569393,0.042552286121571886,0.9999787238569393,0.042552286121571886,0.021276143060785943,0.0,0.0,0.0,0.0,0.021276143060785943,0.06382842918235783,0.06382842918235783,0.5319035765196486,0.5319035765196486,0.0,0.0,0.042552286121571886,0.9999787238569393,0.7659411501882939,0.0,0.021276143060785943,0.021276143060785943,0.0,0.0,0.0,0.0,0.9999787238569393,0.0,0.5106274334588626,0.021276143060785943,0.021276143060785943,0.9999787238569393,0.9999787238569393,0.8084934363098658,0.9999787238569393,0.9999787238569393,0.9999787238569393,0.9999787238569393,0.9999787238569393,0.9999787238569393,0.9999787238569393,0.9999787238569393,0.021276143060785943,0.9999787238569393,0.5319035765196486,0.702112721005936,0.9999787238569393,0.9999787238569393,0.042552286121571886,0.5531797195804344,0.702112721005936,0.042552286121571886,0.9999787238569393,0.042552286121571886,0.042552286121571886,0.9999787238569393,0.9999787238569393,0.9999787238569393,0.042552286121571886,0.9999787238569393,0.6595604348843642,0.5531797195804344,0.8935980085530095,0.042552286121571886,0.9999787238569393,0.9999787238569393,0.9999787238569393,0.9999787238569393,0.9999787238569393,0.9999787238569393,0.9999787238569393,0.9999787238569393,0.9999787238569393,0.9999787238569393,0.9999787238569393,0.9999787238569393,0.9999787238569393,0.9999787238569393,0.042552286121571886,0.042552286121571886,0.0,0.0,0.9999787238569393
LOW,0.0,0.0,0.0,0.0,0.0,0.0,0.0,0.0,0.2826025521184322,0.2826025521184322,0.0,0.0,0.0,0.9999782613421447,0.0,0.08695463142105607,0.0,0.0,0.06521597356579205,0.0,0.0,0.0,0.0,0.30434120997369624,0.0,0.0,0.0,0.021738657855264017,0.8260689985000327,0.0,0.0,0.4782504728158084,0.021738657855264017,0.06521597356579205,0.06521597356579205,0.0,0.0,0.0,0.0,0.0,0.9999782613421447,0.6738983935131845,0.0,0.0,0.021738657855264017,0.0,0.0,0.0,0.0,0.0,0.9999782613421447,0.0,0.021738657855264017,0.021738657855264017,0.9999782613421447,0.9999782613421447,0.9999782613421447,0.9999782613421447,0.9999782613421447,0.9999782613421447,0.9999782613421447,0.9999782613421447,0.9999782613421447,0.9999782613421447,0.9999782613421447,0.021738657855264017,0.9999782613421447,0.3695571835394883,0.043477315710528035,0.9999782613421447,0.17390926284211214,0.3912958413947523,0.6086824199473925,0.6086824199473925,0.9130236299210888,0.0,0.0,0.021738657855264017,0.19564792069737616,0.19564792069737616,0.7825916827895046,0.0,0.9999782613421447,0.0,0.8043303406447686,0.0,0.6956370513684486,0.0,0.0,0.6086824199473925,0.9999782613421447,0.9999782613421447,0.9999782613421447,0.9999782613421447,0.9999782613421447,0.9999782613421447,0.9999782613421447,0.9999782613421447,0.9999782613421447,0.9999782613421447,0.9999782613421447,0.9999782613421447,0.9999782613421447,0.0,0.0,0.9999782613421447
LRCX,0.0,0.0,0.0,0.0,0.0,0.0,0.0,0.0,0.0,0.07407270235736375,0.0,0.0,0.0,0.0,0.0,0.09259087794670469,0.0,0.07407270235736375,0.12962722912538657,0.07407270235736375,0.07407270235736375,0.07407270235736375,0.07407270235736375,0.07407270235736375,0.07407270235736375,0.0,0.0,0.0,0.0,0.03703635117868188,0.03703635117868188,0.03703635117868188,0.03703635117868188,0.07407270235736375,0.07407270235736375,0.0,0.0,0.0,0.0,0.0,0.0,0.12962722912538657,0.03703635117868188,0.0,0.0,0.0,0.03703635117868188,0.0,0.0,0.0,0.0,0.0,0.0,0.0,0.9999814818244107,0.9999814818244107,0.9999814818244107,0.9999814818244107,0.9999814818244107,0.9999814818244107,0.9999814818244107,0.9999814818244107,0.9999814818244107,0.9999814818244107,0.9999814818244107,0.03703635117868188,0.9999814818244107,0.9999814818244107,0.07407270235736375,0.9999814818244107,0.9999814818244107,0.9999814818244107,0.5740634432695692,0.6296179700375919,0.07407270235736375,0.07407270235736375,0.07407270235736375,0.07407270235736375,0.07407270235736375,0.07407270235736375,0.07407270235736375,0.07407270235736375,0.07407270235736375,0.296290809429455,0.9999814818244107,0.6296179700375919,0.9999814818244107,0.49999074091220536,0.49999074091220536,0.9999814818244107,0.49999074091220536,0.9999814818244107,0.9999814818244107,0.9999814818244107,0.9999814818244107,0.9999814818244107,0.9999814818244107,0.9999814818244107,0.9999814818244107,0.9999814818244107,0.9999814818244107,0.9999814818244107,0.9999814818244107,0.0,0.0,0.9999814818244107
LULU,0.0,0.0,0.0,0.0,0.0,0.0,0.0,0.0,0.0,0.01999960000799984,0.0,0.0,0.0,0.999980000399992,0.0,0.03999920001599968,0.0,0.999980000399992,0.5999880002399952,0.5999880002399952,0.01999960000799984,0.01999960000799984,0.01999960000799984,0.05999880002399952,0.01999960000799984,0.0,0.0,0.0,0.999980000399992,0.01999960000799984,0.01999960000799984,0.01999960000799984,0.01999960000799984,0.01999960000799984,0.01999960000799984,0.0,0.0,0.0,0.0,0.0,0.999980000399992,0.0999980000399992,0.01999960000799984,0.01999960000799984,0.01999960000799984,0.01999960000799984,0.01999960000799984,0.0,0.0,0.01999960000799984,0.5999880002399952,0.01999960000799984,0.01999960000799984,0.01999960000799984,0.999980000399992,0.999980000399992,0.999980000399992,0.999980000399992,0.999980000399992,0.999980000399992,0.999980000399992,0.999980000399992,0.999980000399992,0.999980000399992,0.999980000399992,0.01999960000799984,0.999980000399992,0.0,0.999980000399992,0.999980000399992,0.999980000399992,0.999980000399992,0.5799884002319954,0.999980000399992,0.01999960000799984,0.01999960000799984,0.01999960000799984,0.01999960000799984,0.05999880002399952,0.05999880002399952,0.05999880002399952,0.01999960000799984,0.999980000399992,0.01999960000799984,0.759984800303994,0.999980000399992,0.999980000399992,0.8399832003359933,0.8399832003359933,0.999980000399992,0.999980000399992,0.999980000399992,0.999980000399992,0.999980000399992,0.999980000399992,0.999980000399992,0.999980000399992,0.999980000399992,0.999980000399992,0.999980000399992,0.999980000399992,0.999980000399992,0.999980000399992,0.0,0.0,0.999980000399992
LUV,0.0,0.0,0.0,0.0,0.0,0.9999777782715941,0.0,0.0,0.0,0.0,0.0,0.0,0.0,0.9999777782715941,0.0,0.0,0.0,0.0,0.5999866669629564,0.0,0.0,0.0,0.0,0.15555209884224797,0.0,0.9999777782715941,0.0,0.0,0.5110997533388147,0.0,0.0,0.0,0.0,0.0,0.0,0.9999777782715941,0.9999777782715941,0.0,0.0,0.0,0.0,0.4666562965267439,0.0,0.0,0.0,0.0,0.0,0.0,0.0,0.9999777782715941,0.0,0.0,0.0,0.0,0.9999777782715941,0.9999777782715941,0.9999777782715941,0.9999777782715941,0.9999777782715941,0.9999777782715941,0.9999777782715941,0.9999777782715941,0.9999777782715941,0.9999777782715941,0.9999777782715941,0.0,0.9999777782715941,0.9999777782715941,0.24443901246638966,0.9999777782715941,0.9999777782715941,0.9999777782715941,0.733317037399169,0.577764938556921,0.577764938556921,0.9999777782715941,0.15555209884224797,0.0,0.0,0.0,0.15555209884224797,0.0,0.0,0.9999777782715941,0.9999777782715941,0.0,0.9999777782715941,0.5110997533388147,0.6666518521810627,0.6666518521810627,0.9999777782715941,0.9999777782715941,0.9999777782715941,0.9999777782715941,0.9999777782715941,0.9999777782715941,0.9999777782715941,0.9999777782715941,0.9999777782715941,0.9999777782715941,0.9999777782715941,0.9999777782715941,0.9999777782715941,0.0,0.0,0.9999777782715941
LVS,0.0,0.0,0.0,0.0,0.0,0.9999777782715941,0.0,0.0,0.0,0.0,0.0,0.0,0.0,0.0,0.0,0.06666518521810627,0.0,0.022221728406035424,0.9999777782715941,0.022221728406035424,0.0,0.022221728406035424,0.022221728406035424,0.7999822226172753,0.0,0.0,0.0,0.022221728406035424,0.0,0.0,0.0,0.0,0.022221728406035424,0.022221728406035424,0.022221728406035424,0.9999777782715941,0.9999777782715941,0.0,0.0,0.022221728406035424,0.733317037399169,0.0,0.022221728406035424,0.022221728406035424,0.0,0.0,0.022221728406035424,0.0,0.0,0.5555432101508856,0.0,0.0,0.0,0.022221728406035424,0.9999777782715941,0.9999777782715941,0.0,0.9999777782715941,0.9999777782715941,0.9999777782715941,0.9999777782715941,0.9999777782715941,0.9999777782715941,0.9999777782715941,0.9999777782715941,0.0,0.9999777782715941,0.9999777782715941,0.022221728406035424,0.4888780249327793,0.9999777782715941,0.9999777782715941,0.5110997533388147,0.5110997533388147,0.022221728406035424,0.022221728406035424,0.022221728406035424,0.022221728406035424,0.022221728406035424,0.022221728406035424,0.022221728406035424,0.022221728406035424,0.1999955556543188,0.2666607408724251,0.022221728406035424,0.9999777782715941,0.9999777782715941,0.9999777782715941,0.9999777782715941,0.9999777782715941,0.9999777782715941,0.7777604942112398,0.9999777782715941,0.9999777782715941,0.9999777782715941,0.9999777782715941,0.9999777782715941,0.9999777782715941,0.9999777782715941,0.9999777782715941,0.9999777782715941,0.9999777782715941,0.9999777782715941,0.0,0.0,0.9999777782715941
LYB,0.0,0.0,0.0,0.09677107190090642,0.09677107190090642,0.09677107190090642,0.09677107190090642,0.09677107190090642,0.09677107190090642,0.0,0.09677107190090642,0.09677107190090642,0.09677107190090642,0.09677107190090642,0.0,0.06451404793393761,0.0,0.0,0.0,0.0,0.0,0.0,0.0,0.0,0.0,0.09677107190090642,0.22579916776878164,0.06451404793393761,0.09677107190090642,0.032257023966968806,0.032257023966968806,0.032257023966968806,0.032257023966968806,0.09677107190090642,0.09677107190090642,0.09677107190090642,0.09677107190090642,0.032257023966968806,0.09677107190090642,0.09677107190090642,0.09677107190090642,0.999967742976033,0.06451404793393761,0.06451404793393761,0.06451404793393761,0.06451404793393761,0.06451404793393761,0.09677107190090642,0.09677107190090642,0.09677107190090642,0.09677107190090642,0.09677107190090642,0.06451404793393761,0.06451404793393761,0.999967742976033,0.999967742976033,0.7419115512402825,0.999967742976033,0.999967742976033,0.999967742976033,0.999967742976033,0.999967742976033,0.999967742976033,0.999967742976033,0.999967742976033,0.06451404793393761,0.999967742976033,0.09677107190090642,0.0,0.9354536950420954,0.999967742976033,0.999967742976033,0.5161123834715009,0.999967742976033,0.16128511983484403,0.0,0.9677107190090641,0.0,0.09677107190090642,0.09677107190090642,0.0,0.0,0.0,0.999967742976033,0.0,0.35482726363665684,0.999967742976033,0.09677107190090642,0.16128511983484403,0.999967742976033,0.999967742976033,0.999967742976033,0.999967742976033,0.999967742976033,0.999967742976033,0.999967742976033,0.999967742976033,0.999967742976033,0.999967742976033,0.999967742976033,0.999967742976033,0.999967742976033,0.999967742976033,0.0,0.0,0.999967742976033
LYV,0.0,0.0,0.0,0.0,0.0,0.9999803925413228,0.0,0.0,0.2548969628046509,0.2548969628046509,0.0,0.0,0.0,0.9999803925413228,0.0,0.0,0.0,0.0,0.9999803925413228,0.0,0.0,0.0,0.0,0.0,0.0,0.0,0.0,0.0,0.0,0.0,0.0,0.0,0.0,0.0,0.0,0.9999803925413228,0.9999803925413228,0.0,0.0,0.0,0.0,0.0,0.0,0.0,0.0,0.0,0.0,0.0,0.0,0.9999803925413228,0.0,0.9999803925413228,0.0,0.0,0.9999803925413228,0.9999803925413228,0.0,0.9999803925413228,0.9999803925413228,0.9999803925413228,0.9999803925413228,0.9999803925413228,0.9999803925413228,0.9999803925413228,0.9999803925413228,0.0,0.9999803925413228,0.9999803925413228,0.0,0.019607458677280837,0.9999803925413228,0.9999803925413228,0.5490088429638634,0.9999803925413228,0.0,0.0,0.0,0.0,0.0,0.0,0.0,0.0,0.0,0.8431207231230761,0.0,0.9999803925413228,0.9999803925413228,0.0,0.0,0.0,0.9999803925413228,0.9999803925413228,0.9999803925413228,0.9999803925413228,0.9999803925413228,0.9999803925413228,0.9999803925413228,0.9999803925413228,0.9999803925413228,0.9999803925413228,0.9999803925413228,0.9999803925413228,0.9999803925413228,0.0,0.0,0.9999803925413228
MA,0.0,0.0,0.0,0.0,0.0,0.9999814818244107,0.0,0.0,0.0,0.01851817558934094,0.0,0.0,0.0,0.9999814818244107,0.0,0.05555452676802282,0.0,0.07407270235736375,0.3888816873761597,0.07407270235736375,0.01851817558934094,0.01851817558934094,0.01851817558934094,0.01851817558934094,0.01851817558934094,0.0,0.0,0.0,0.0,0.0,0.0,0.0,0.01851817558934094,0.03703635117868188,0.03703635117868188,0.9999814818244107,0.9999814818244107,0.0,0.0,0.0,0.8333179015203422,0.01851817558934094,0.0,0.0,0.01851817558934094,0.01851817558934094,0.01851817558934094,0.0,0.0,0.9999814818244107,0.0,0.0,0.0,0.01851817558934094,0.9999814818244107,0.9999814818244107,0.9999814818244107,0.9999814818244107,0.9999814818244107,0.9999814818244107,0.9999814818244107,0.9999814818244107,0.9999814818244107,0.9999814818244107,0.9999814818244107,0.01851817558934094,0.9999814818244107,0.9999814818244107,0.8518360771096832,0.4814725653228644,0.9999814818244107,0.9999814818244107,0.5555452676802282,0.9999814818244107,0.01851817558934094,0.9999814818244107,0.01851817558934094,0.01851817558934094,0.01851817558934094,0.01851817558934094,0.01851817558934094,0.01851817558934094,0.01851817558934094,0.9999814818244107,0.01851817558934094,0.9999814818244107,0.9999814818244107,0.611099794448251,0.611099794448251,0.9999814818244107,0.7407270235736375,0.9999814818244107,0.9999814818244107,0.9999814818244107,0.9999814818244107,0.9999814818244107,0.9999814818244107,0.9999814818244107,0.9999814818244107,0.9999814818244107,0.9999814818244107,0.9999814818244107,0.9999814818244107,0.0,0.0,0.9999814818244107
MAA,0.0,0.0,0.0,0.025640368195687293,0.025640368195687293,0.9999743596318044,0.615368836696495,0.025640368195687293,0.025640368195687293,0.051280736391374586,0.615368836696495,0.025640368195687293,0.025640368195687293,0.9999743596318044,0.0,0.12820184097843645,0.0,0.9999743596318044,0.9999743596318044,0.051280736391374586,0.051280736391374586,0.9999743596318044,0.9999743596318044,0.6410092048921823,0.051280736391374586,0.025640368195687293,0.051280736391374586,0.025640368195687293,0.025640368195687293,0.025640368195687293,0.025640368195687293,0.6410092048921823,0.07692110458706188,0.10256147278274917,0.10256147278274917,0.9999743596318044,0.9999743596318044,0.0,0.4102458911309967,0.025640368195687293,0.9999743596318044,0.9999743596318044,0.0,0.0,0.0,0.025640368195687293,0.025640368195687293,0.025640368195687293,0.025640368195687293,0.9999743596318044,0.9999743596318044,0.615368836696495,0.025640368195687293,0.025640368195687293,0.9999743596318044,0.9999743596318044,0.9999743596318044,0.9999743596318044,0.9999743596318044,0.9999743596318044,0.9999743596318044,0.9999743596318044,0.9999743596318044,0.9999743596318044,0.615368836696495,0.025640368195687293,0.9999743596318044,0.025640368195687293,0.9999743596318044,0.9999743596318044,0.051280736391374586,0.9999743596318044,0.4102458911309967,0.9999743596318044,0.9999743596318044,0.9999743596318044,0.9999743596318044,0.9999743596318044,0.9999743596318044,0.9999743596318044,0.9999743596318044,0.9999743596318044,0.9999743596318044,0.3076844183482475,0.6410092048921823,0.9999743596318044,0.9999743596318044,0.9999743596318044,0.9999743596318044,0.9999743596318044,0.9999743596318044,0.9999743596318044,0.9999743596318044,0.9999743596318044,0.9999743596318044,0.9999743596318044,0.9999743596318044,0.051280736391374586,0.051280736391374586,0.9999743596318044,0.9999743596318044,0.9999743596318044,0.9999743596318044,0.0,0.0,0.9999743596318044
MAR,0.0,0.0,0.0,0.0,0.0,0.9999824564481326,0.0,0.0,0.4561323485552885,0.4912194522903107,0.0,0.0,0.0,0.9999824564481326,0.0,0.0701742074700444,0.0,0.0350871037350222,0.7894598340379994,0.0350871037350222,0.0350871037350222,0.0350871037350222,0.0350871037350222,0.0350871037350222,0.0350871037350222,0.0,0.0350871037350222,0.0175435518675111,0.0,0.0,0.0,0.0,0.0350871037350222,0.05263065560253329,0.05263065560253329,0.9999824564481326,0.9999824564481326,0.0350871037350222,0.0,0.10526131120506659,0.0,0.40350169295275523,0.0,0.0,0.0,0.0,0.0,0.0,0.0,0.9999824564481326,0.9999824564481326,0.9999824564481326,0.0,0.0,0.9999824564481326,0.9999824564481326,0.6841985228329328,0.9999824564481326,0.9999824564481326,0.9999824564481326,0.9999824564481326,0.9999824564481326,0.9999824564481326,0.9999824564481326,0.9999824564481326,0.0175435518675111,0.9999824564481326,0.7719162821704882,0.1403484149400888,0.9999824564481326,0.9999824564481326,0.9999824564481326,0.5613936597603552,0.5613936597603552,0.9999824564481326,0.7543727303029771,0.8070033859055105,0.0350871037350222,0.10526131120506659,0.10526131120506659,0.0350871037350222,0.0350871037350222,0.0350871037350222,0.9999824564481326,0.8420904896405327,0.9999824564481326,0.9999824564481326,0.8245469377730216,0.9999824564481326,0.9999824564481326,0.9999824564481326,0.9999824564481326,0.9999824564481326,0.42104524482026634,0.9999824564481326,0.6140243153628884,0.9999824564481326,0.9999824564481326,0.9999824564481326,0.9999824564481326,0.9999824564481326,0.9999824564481326,0.9999824564481326,0.0,0.0,0.9999824564481326
MAS,0.0,0.0,0.0,0.0,0.0,0.0,0.0,0.0,0.5576815830464799,0.6153727812926675,0.0,0.0,0.0,0.9999807696005847,0.0,0.07692159766158344,0.0,0.057691198246187576,0.7499855772004385,0.057691198246187576,0.057691198246187576,0.057691198246187576,0.057691198246187576,0.057691198246187576,0.057691198246187576,0.0,0.0,0.0,0.0,0.01923039941539586,0.01923039941539586,0.01923039941539586,0.03846079883079172,0.057691198246187576,0.057691198246187576,0.0,0.0,0.057691198246187576,0.0,0.0,0.9999807696005847,0.11538239649237515,0.0,0.0,0.0,0.0,0.0,0.0,0.0,0.0,0.0,0.0,0.03846079883079172,0.03846079883079172,0.9999807696005847,0.9999807696005847,0.9999807696005847,0.9999807696005847,0.9999807696005847,0.9999807696005847,0.9999807696005847,0.9999807696005847,0.9999807696005847,0.9999807696005847,0.9999807696005847,0.03846079883079172,0.9999807696005847,0.057691198246187576,0.07692159766158344,0.7884463760312302,0.9999807696005847,0.9999807696005847,0.5576815830464799,0.5576815830464799,0.057691198246187576,0.057691198246187576,0.057691198246187576,0.07692159766158344,0.15384319532316687,0.15384319532316687,0.057691198246187576,0.057691198246187576,0.9999807696005847,0.2307647929847503,0.057691198246187576,0.5769119824618758,0.5576815830464799,0.5192207842156882,0.9999807696005847,0.9999807696005847,0.9999807696005847,0.9999807696005847,0.9999807696005847,0.6153727812926675,0.9999807696005847,0.9999807696005847,0.9999807696005847,0.9999807696005847,0.9999807696005847,0.9999807696005847,0.9999807696005847,0.9999807696005847,0.9999807696005847,0.0,0.0,0.9999807696005847
MCD,0.0,0.0,0.0,0.0,0.0,0.9999811324314636,0.0,0.0,0.5660270560932813,0.5660270560932813,0.0,0.0,0.0,0.9999811324314636,0.0,0.01886756853644271,0.0,0.0,0.0,0.0,0.0,0.0,0.0,0.0,0.0,0.13207297975509896,0.0,0.0,0.0,0.0,0.0,0.0,0.0,0.01886756853644271,0.01886756853644271,0.9999811324314636,0.9999811324314636,0.0,0.0,0.9999811324314636,0.9999811324314636,0.9999811324314636,0.0,0.0,0.0,0.0,0.0,0.0,0.0,0.9999811324314636,0.0,0.0,0.0,0.0,0.9999811324314636,0.9999811324314636,0.9999811324314636,0.9999811324314636,0.9999811324314636,0.9999811324314636,0.9999811324314636,0.9999811324314636,0.9999811324314636,0.9999811324314636,0.9999811324314636,0.0,0.9999811324314636,0.6037621931661667,0.056602705609328126,0.9999811324314636,0.9999811324314636,0.7735703099941511,0.6981000358483802,0.8679081526763647,0.9999811324314636,0.0,0.0,0.0,0.0,0.0,0.9999811324314636,0.0,0.0,0.056602705609328126,0.9999811324314636,0.90564328974925,0.9999811324314636,0.5282919190203959,0.9999811324314636,0.5282919190203959,0.9999811324314636,0.9999811324314636,0.9999811324314636,0.9999811324314636,0.9999811324314636,0.9999811324314636,0.9999811324314636,0.9999811324314636,0.9999811324314636,0.9999811324314636,0.9999811324314636,0.9999811324314636,0.9999811324314636,0.0,0.0,0.9999811324314636
MCHP,0.0,0.0,0.0,0.0,0.0,0.0,0.0,0.0,0.0,0.056602705609328126,0.0,0.0,0.0,0.0,0.0,0.09433784268221354,0.0,0.49055678194751046,0.32074866511952604,0.32074866511952604,0.056602705609328126,0.056602705609328126,0.056602705609328126,0.056602705609328126,0.056602705609328126,0.0,0.0,0.01886756853644271,0.0,0.0,0.0,0.0,0.0,0.056602705609328126,0.056602705609328126,0.0,0.0,0.0,0.0,0.0,0.0,0.13207297975509896,0.01886756853644271,0.0,0.0,0.01886756853644271,0.01886756853644271,0.0,0.0,0.0,0.0,0.0,0.01886756853644271,0.01886756853644271,0.9999811324314636,0.9999811324314636,0.9999811324314636,0.9999811324314636,0.9999811324314636,0.9999811324314636,0.9999811324314636,0.9999811324314636,0.9999811324314636,0.9999811324314636,0.9999811324314636,0.01886756853644271,0.9999811324314636,0.0,0.49055678194751046,0.9999811324314636,0.9999811324314636,0.9999811324314636,0.6414973302390521,0.9999811324314636,0.056602705609328126,0.056602705609328126,0.18867568536442708,0.056602705609328126,0.13207297975509896,0.13207297975509896,0.056602705609328126,0.056602705609328126,0.056602705609328126,0.056602705609328126,0.7924378785305938,0.13207297975509896,0.4150865078017396,0.18867568536442708,0.18867568536442708,0.9999811324314636,0.9999811324314636,0.9999811324314636,0.9999811324314636,0.9999811324314636,0.9999811324314636,0.9999811324314636,0.9999811324314636,0.9999811324314636,0.9999811324314636,0.9999811324314636,0.9999811324314636,0.9999811324314636,0.9999811324314636,0.0,0.0,0.9999811324314636
MCK,0.0,0.0,0.0,0.0,0.020407746780677947,0.0,0.0,0.020407746780677947,0.32652394849084715,0.32652394849084715,0.0,0.0,0.0,0.3061162017101692,0.0,0.020407746780677947,0.0,0.020407746780677947,0.040815493561355894,0.020407746780677947,0.020407746780677947,0.020407746780677947,0.020407746780677947,0.020407746780677947,0.020407746780677947,0.0,0.0,0.0,0.0,0.020407746780677947,0.020407746780677947,0.020407746780677947,0.020407746780677947,0.020407746780677947,0.08163098712271179,0.0,0.0,0.0,0.0,0.020407746780677947,0.020407746780677947,0.14285422746474563,0.0,0.020407746780677947,0.0,0.020407746780677947,0.0,0.0,0.0,0.0,0.0,0.0,0.020407746780677947,0.020407746780677947,0.9999795922532194,0.9999795922532194,0.4897859227362707,0.9999795922532194,0.9999795922532194,0.9999795922532194,0.9999795922532194,0.9999795922532194,0.9999795922532194,0.9999795922532194,0.9999795922532194,0.020407746780677947,0.9999795922532194,0.5918246566396604,0.020407746780677947,0.9999795922532194,0.9999795922532194,0.9999795922532194,0.5918246566396604,0.5918246566396604,0.020407746780677947,0.020407746780677947,0.020407746780677947,0.020407746780677947,0.08163098712271179,0.08163098712271179,0.020407746780677947,0.020407746780677947,0.020407746780677947,0.020407746780677947,0.24489296136813535,0.9999795922532194,0.9999795922532194,0.34693169527152506,0.4285626823942369,0.9999795922532194,0.9999795922532194,0.9999795922532194,0.9999795922532194,0.9999795922532194,0.9999795922532194,0.9999795922532194,0.9999795922532194,0.9999795922532194,0.9999795922532194,0.9999795922532194,0.9999795922532194,0.9999795922532194,0.9999795922532194,0.0,0.0,0.9999795922532194
MCO,0.0,0.0,0.0,0.0,0.0,0.5686163016411443,0.0,0.0,0.43136409090017847,0.43136409090017847,0.0,0.0,0.0,0.43136409090017847,0.0,0.0980372933864042,0.0,0.05882237603184252,0.1568596694182467,0.05882237603184252,0.05882237603184252,0.05882237603184252,0.05882237603184252,0.05882237603184252,0.05882237603184252,0.0,0.0,0.0,0.9999803925413228,0.019607458677280837,0.019607458677280837,0.019607458677280837,0.039214917354561674,0.05882237603184252,0.05882237603184252,0.5686163016411443,0.5686163016411443,0.0,0.0,0.0,0.3725417148683359,0.05882237603184252,0.0,0.0,0.039214917354561674,0.0,0.039214917354561674,0.0,0.0,0.9999803925413228,0.0,0.0,0.039214917354561674,0.0,0.9999803925413228,0.8431207231230761,0.607831218995706,0.9999803925413228,0.9999803925413228,0.9999803925413228,0.9999803925413228,0.9999803925413228,0.9999803925413228,0.9999803925413228,0.9999803925413228,0.039214917354561674,0.9999803925413228,0.6274386776729868,0.4117566322228976,0.8039058057685143,0.9999803925413228,0.5490088429638634,0.6274386776729868,0.9999803925413228,0.05882237603184252,0.9999803925413228,0.05882237603184252,0.05882237603184252,0.05882237603184252,0.05882237603184252,0.05882237603184252,0.05882237603184252,0.05882237603184252,0.33332679751377425,0.05882237603184252,0.05882237603184252,0.3137193388364934,0.05882237603184252,0.05882237603184252,0.05882237603184252,0.9999803925413228,0.9999803925413228,0.9999803925413228,0.9999803925413228,0.9999803925413228,0.9999803925413228,0.9999803925413228,0.9999803925413228,0.9999803925413228,0.9999803925413228,0.9999803925413228,0.9999803925413228,0.9999803925413228,0.0,0.0,0.9999803925413228
MDLZ,0.0,0.0,0.0,0.0,0.0,0.0,0.0,0.0,0.0,0.0,0.0,0.0,0.0,0.0,0.0,0.0,0.1607114158675738,0.0,0.0,0.0,0.0,0.0,0.0,0.0,0.0,0.0,0.0,0.0,0.7499866073820111,0.0,0.0,0.0,0.0,0.0,0.0,0.0,0.0,0.0,0.0,0.0,0.9999821431760147,0.0,0.0,0.0,0.0,0.0,0.0,0.0,0.0,0.0,0.0,0.0,0.0,0.0,0.9999821431760147,0.9999821431760147,0.9999821431760147,0.9999821431760147,0.9999821431760147,0.9999821431760147,0.9999821431760147,0.9999821431760147,0.9999821431760147,0.9999821431760147,0.9999821431760147,0.0,0.9999821431760147,0.9999821431760147,0.0,0.9999821431760147,0.9999821431760147,0.9999821431760147,0.5357047195585793,0.5357047195585793,0.0,0.0,0.0,0.3928501276762915,0.4285637756468635,0.4285637756468635,0.0,0.0,0.0,0.9999821431760147,0.0,0.9999821431760147,0.9999821431760147,0.9999821431760147,0.9999821431760147,0.9999821431760147,0.9999821431760147,0.9999821431760147,0.9999821431760147,0.9999821431760147,0.9999821431760147,0.9999821431760147,0.9999821431760147,0.9999821431760147,0.9999821431760147,0.9999821431760147,0.9999821431760147,0.9999821431760147,0.9999821431760147,0.0,0.0,0.9999821431760147
MDT,0.0,0.0,0.0,0.0,0.0,0.0,0.0,0.0,0.031249023468016626,0.031249023468016626,0.0,0.0,0.0,0.0,0.0,0.1249960938720665,0.0,0.0,0.0,0.0,0.0,0.0,0.0,0.0,0.0,0.0,0.0,0.0,0.0,0.0,0.0,0.031249023468016626,0.031249023468016626,0.0,0.0,0.0,0.0,0.0,0.0,0.0,0.999968750976532,0.0,0.0,0.0,0.0,0.0,0.0,0.0,0.0,0.0,0.0,0.0,0.0,0.0,0.999968750976532,0.5937314458923159,0.0,0.999968750976532,0.999968750976532,0.999968750976532,0.999968750976532,0.999968750976532,0.999968750976532,0.999968750976532,0.999968750976532,0.0,0.999968750976532,0.0,0.0,0.999968750976532,0.999968750976532,0.7187275397643824,0.3749882816161995,0.4062373050842161,0.0,0.0,0.0,0.0,0.18749414080809976,0.18749414080809976,0.0,0.0,0.999968750976532,0.8749726571044656,0.2187431642761164,0.0,0.7812255867004156,0.3437392581481829,0.999968750976532,0.999968750976532,0.3437392581481829,0.999968750976532,0.999968750976532,0.999968750976532,0.999968750976532,0.999968750976532,0.999968750976532,0.999968750976532,0.999968750976532,0.999968750976532,0.999968750976532,0.999968750976532,0.999968750976532,0.0,0.0,0.999968750976532
MET,0.0,0.0,0.0,0.01923039941539586,0.01923039941539586,0.9999807696005847,0.7884463760312302,0.01923039941539586,0.01923039941539586,0.057691198246187576,0.7884463760312302,0.01923039941539586,0.01923039941539586,0.9999807696005847,0.0,0.09615199707697929,0.0,0.7307551777850426,0.057691198246187576,0.057691198246187576,0.057691198246187576,0.9999807696005847,0.9999807696005847,0.01923039941539586,0.057691198246187576,0.4422991865541048,0.057691198246187576,0.01923039941539586,0.057691198246187576,0.01923039941539586,0.01923039941539586,0.8845983731082095,0.03846079883079172,0.07692159766158344,0.07692159766158344,0.9999807696005847,0.9999807696005847,0.057691198246187576,0.01923039941539586,0.11538239649237515,0.9999807696005847,0.17307359473856274,0.01923039941539586,0.01923039941539586,0.01923039941539586,0.01923039941539586,0.01923039941539586,0.01923039941539586,0.01923039941539586,0.9999807696005847,0.17307359473856274,0.9999807696005847,0.03846079883079172,0.03846079883079172,0.9999807696005847,0.9999807696005847,0.4615295859695006,0.9999807696005847,0.9999807696005847,0.01923039941539586,0.9999807696005847,0.01923039941539586,0.01923039941539586,0.057691198246187576,0.7884463760312302,0.03846079883079172,0.9999807696005847,0.9999807696005847,0.7307551777850426,0.9999807696005847,0.9999807696005847,0.21153439356935444,0.6730639795388551,0.7884463760312302,0.9999807696005847,0.9999807696005847,0.9999807696005847,0.9999807696005847,0.2307647929847503,0.2307647929847503,0.01923039941539586,0.057691198246187576,0.057691198246187576,0.057691198246187576,0.057691198246187576,0.057691198246187576,0.9999807696005847,0.9422895713543971,0.9422895713543971,0.9999807696005847,0.9999807696005847,0.2884559912309379,0.6730639795388551,0.5961423818772716,0.9999807696005847,0.057691198246187576,0.11538239649237515,0.3653775888925213,0.8076767754466261,0.9999807696005847,0.9999807696005847,0.9999807696005847,0.9999807696005847,0.0,0.0,0.9999807696005847
META,0.0,0.0,0.0,0.0,0.0,0.0,0.0,0.0,0.0,0.0,0.0,0.0,0.0,0.0,0.0,0.0,0.0,0.4523701816623414,0.9999761910430705,0.4523701816623414,0.0,0.0,0.0,0.0,0.0,0.0,0.0,0.0,0.07142687078879074,0.0,0.0,0.0,0.0,0.04761791385919383,0.04761791385919383,0.0,0.0,0.0,0.0,0.0,0.11904478464798458,0.0,0.0,0.0,0.0,0.0,0.0,0.0,0.0,0.9999761910430705,0.0,0.0,0.0,0.0,0.9999761910430705,0.9999761910430705,0.5237970524511322,0.9999761910430705,0.9999761910430705,0.9999761910430705,0.9999761910430705,0.9999761910430705,0.9999761910430705,0.9999761910430705,0.9999761910430705,0.0,0.9999761910430705,0.0,0.7618866217471013,0.9999761910430705,0.9999761910430705,0.9999761910430705,0.5237970524511322,0.4999880955215352,0.0,0.9999761910430705,0.3095164400847599,0.3095164400847599,0.3095164400847599,0.3095164400847599,0.0,0.0,0.9999761910430705,0.857122449465489,0.9999761910430705,0.9999761910430705,0.9999761910430705,0.0,0.023808956929596916,0.9999761910430705,0.9999761910430705,0.9999761910430705,0.9999761910430705,0.9999761910430705,0.9999761910430705,0.9999761910430705,0.9999761910430705,0.9999761910430705,0.9999761910430705,0.9999761910430705,0.9999761910430705,0.9999761910430705,0.9999761910430705,0.0,0.0,0.9999761910430705
MGM,0.0,0.0,0.0,0.0,0.0,0.9999795922532194,0.0,0.0,0.0,0.0,0.0,0.0,0.0,0.9999795922532194,0.0,0.040815493561355894,0.0,0.0,0.10203873390338973,0.0,0.0,0.0,0.0,0.0,0.0,0.0,0.0,0.0,0.0,0.0,0.0,0.0,0.0,0.020407746780677947,0.020407746780677947,0.9999795922532194,0.9999795922532194,0.0,0.0,0.06122324034203384,0.9999795922532194,0.06122324034203384,0.0,0.0,0.0,0.0,0.0,0.0,0.0,0.0,0.0,0.0,0.0,0.0,0.9999795922532194,0.9999795922532194,0.0,0.9999795922532194,0.9999795922532194,0.9999795922532194,0.9999795922532194,0.9999795922532194,0.9999795922532194,0.9999795922532194,0.9999795922532194,0.0,0.9999795922532194,0.9999795922532194,0.06122324034203384,0.9999795922532194,0.9999795922532194,0.9999795922532194,0.5918246566396604,0.5918246566396604,0.0,0.0,0.0,0.0,0.06122324034203384,0.06122324034203384,0.0,0.0,0.9999795922532194,0.9999795922532194,0.08163098712271179,0.9999795922532194,0.9999795922532194,0.9999795922532194,0.9999795922532194,0.9999795922532194,0.9999795922532194,0.9999795922532194,0.9999795922532194,0.9999795922532194,0.9999795922532194,0.9999795922532194,0.9999795922532194,0.9999795922532194,0.9999795922532194,0.9999795922532194,0.9999795922532194,0.9999795922532194,0.9999795922532194,0.0,0.0,0.9999795922532194
MKC,0.0,0.0,0.0,0.0,0.0,0.0,0.0,0.0,0.0,0.01923039941539586,0.0,0.0,0.0,0.03846079883079172,0.0,0.01923039941539586,0.0,0.01923039941539586,0.01923039941539586,0.01923039941539586,0.01923039941539586,0.01923039941539586,0.01923039941539586,0.01923039941539586,0.01923039941539586,0.0,0.0,0.03846079883079172,0.0,0.01923039941539586,0.01923039941539586,0.01923039941539586,0.03846079883079172,0.057691198246187576,0.057691198246187576,0.0,0.0,0.01923039941539586,0.0,0.0,0.9999807696005847,0.03846079883079172,0.0,0.0,0.03846079883079172,0.03846079883079172,0.0,0.0,0.0,0.0,0.0,0.0,0.03846079883079172,0.0,0.9999807696005847,0.9999807696005847,0.9999807696005847,0.9999807696005847,0.9999807696005847,0.9999807696005847,0.9999807696005847,0.9999807696005847,0.9999807696005847,0.9999807696005847,0.9999807696005847,0.03846079883079172,0.9999807696005847,0.0,0.057691198246187576,0.9999807696005847,0.9999807696005847,0.134612795907771,0.538451183631084,0.5576815830464799,0.01923039941539586,0.40383838772331304,0.9999807696005847,0.01923039941539586,0.01923039941539586,0.01923039941539586,0.01923039941539586,0.01923039941539586,0.9999807696005847,0.9999807696005847,0.01923039941539586,0.9999807696005847,0.057691198246187576,0.9999807696005847,0.9999807696005847,0.9999807696005847,0.9999807696005847,0.9999807696005847,0.9999807696005847,0.9999807696005847,0.9999807696005847,0.9999807696005847,0.9999807696005847,0.9999807696005847,0.9999807696005847,0.9999807696005847,0.9999807696005847,0.9999807696005847,0.9999807696005847,0.0,0.0,0.9999807696005847
MLM,0.0,0.0,0.0,0.0,0.0,0.0,0.0,0.0,0.0,0.0,0.0,0.0,0.0,0.8571253647884738,0.0,0.08163098712271179,0.0,0.0,0.0,0.0,0.0,0.0,0.0,0.0,0.0,0.0,0.0,0.0,0.0,0.0,0.0,0.0,0.020407746780677947,0.06122324034203384,0.06122324034203384,0.0,0.0,0.0,0.0,0.0,0.9999795922532194,0.08163098712271179,0.0,0.0,0.0,0.0,0.0,0.0,0.0,0.0,0.0,0.0,0.020407746780677947,0.020407746780677947,0.9999795922532194,0.9999795922532194,0.9999795922532194,0.9999795922532194,0.9999795922532194,0.9999795922532194,0.9999795922532194,0.9999795922532194,0.9999795922532194,0.9999795922532194,0.9999795922532194,0.020407746780677947,0.9999795922532194,0.0,0.08163098712271179,0.9999795922532194,0.9999795922532194,0.9999795922532194,0.5101936695169487,0.5101936695169487,0.0,0.0,0.0,0.0,0.0,0.0,0.0,0.0,0.9999795922532194,0.4285626823942369,0.0,0.9999795922532194,0.8979408583498296,0.4693781759555928,0.9999795922532194,0.9999795922532194,0.4285626823942369,0.9999795922532194,0.9999795922532194,0.9999795922532194,0.9999795922532194,0.9999795922532194,0.9999795922532194,0.9999795922532194,0.9999795922532194,0.9999795922532194,0.9999795922532194,0.9999795922532194,0.9999795922532194,0.0,0.0,0.9999795922532194
MMM,0.0,0.0,0.0,0.0,0.0,0.0,0.0,0.0,0.0,0.057691198246187576,0.0,0.0,0.0,0.07692159766158344,0.0,0.07692159766158344,0.0,0.057691198246187576,0.057691198246187576,0.057691198246187576,0.057691198246187576,0.057691198246187576,0.057691198246187576,0.057691198246187576,0.057691198246187576,0.0,0.0,0.0,0.0,0.01923039941539586,0.01923039941539586,0.01923039941539586,0.03846079883079172,0.057691198246187576,0.057691198246187576,0.0,0.0,0.0,0.0,0.0,0.8076767754466261,0.134612795907771,0.0,0.0,0.01923039941539586,0.01923039941539586,0.01923039941539586,0.0,0.0,0.0,0.0,0.0,0.01923039941539586,0.01923039941539586,0.9999807696005847,0.9999807696005847,0.9999807696005847,0.9999807696005847,0.9999807696005847,0.9999807696005847,0.9999807696005847,0.9999807696005847,0.9999807696005847,0.9999807696005847,0.7884463760312302,0.01923039941539586,0.9999807696005847,0.0,0.07692159766158344,0.9999807696005847,0.9999807696005847,0.9230591719390012,0.5769119824618758,0.5769119824618758,0.057691198246187576,0.057691198246187576,0.057691198246187576,0.057691198246187576,0.057691198246187576,0.057691198246187576,0.057691198246187576,0.057691198246187576,0.057691198246187576,0.9999807696005847,0.057691198246187576,0.9999807696005847,0.538451183631084,0.09615199707697929,0.09615199707697929,0.49999038480029234,0.9999807696005847,0.9999807696005847,0.9999807696005847,0.9999807696005847,0.9999807696005847,0.9999807696005847,0.9999807696005847,0.9999807696005847,0.9999807696005847,0.9999807696005847,0.9999807696005847,0.9999807696005847,0.9999807696005847,0.0,0.0,0.9999807696005847
MNST,0.0,0.0,0.0,0.47168921341106773,0.3018810965830834,0.47168921341106773,0.47168921341106773,0.47168921341106773,0.3018810965830834,0.01886756853644271,0.01886756853644271,0.01886756853644271,0.01886756853644271,0.9999811324314636,0.0,0.03773513707288542,0.0,0.8679081526763647,0.8679081526763647,0.8679081526763647,0.01886756853644271,0.01886756853644271,0.01886756853644271,0.33961623365596877,0.01886756853644271,0.01886756853644271,0.01886756853644271,0.01886756853644271,0.9999811324314636,0.49055678194751046,0.4150865078017396,0.01886756853644271,0.01886756853644271,0.5282919190203959,0.3584838021924115,0.01886756853644271,0.01886756853644271,0.01886756853644271,0.01886756853644271,0.01886756853644271,0.9999811324314636,0.01886756853644271,0.01886756853644271,0.01886756853644271,0.01886756853644271,0.01886756853644271,0.01886756853644271,0.01886756853644271,0.01886756853644271,0.01886756853644271,0.01886756853644271,0.01886756853644271,0.01886756853644271,0.01886756853644271,0.9999811324314636,0.9999811324314636,0.6603648987754949,0.9999811324314636,0.9999811324314636,0.9999811324314636,0.9999811324314636,0.9999811324314636,0.9999811324314636,0.9999811324314636,0.9999811324314636,0.01886756853644271,0.9999811324314636,0.01886756853644271,0.8679081526763647,0.9999811324314636,0.9999811324314636,0.9999811324314636,0.5471594875568385,0.5471594875568385,0.01886756853644271,0.01886756853644271,0.01886756853644271,0.01886756853644271,0.056602705609328126,0.056602705609328126,0.01886756853644271,0.01886756853644271,0.01886756853644271,0.9999811324314636,0.9999811324314636,0.01886756853644271,0.01886756853644271,0.01886756853644271,0.01886756853644271,0.01886756853644271,0.9999811324314636,0.9999811324314636,0.9999811324314636,0.9999811324314636,0.9999811324314636,0.9999811324314636,0.9999811324314636,0.9999811324314636,0.9999811324314636,0.9999811324314636,0.9999811324314636,0.9999811324314636,0.9999811324314636,0.0,0.0,0.9999811324314636
MO,0.0,0.0,0.0,0.0,0.0,0.0,0.0,0.0,0.28570845492949126,0.3061162017101692,0.0,0.0,0.0,0.020407746780677947,0.0,0.040815493561355894,0.0,0.020407746780677947,0.020407746780677947,0.020407746780677947,0.020407746780677947,0.020407746780677947,0.020407746780677947,0.020407746780677947,0.020407746780677947,0.9999795922532194,0.9999795922532194,0.0,0.020407746780677947,0.0,0.0,0.0,0.020407746780677947,0.020407746780677947,0.020407746780677947,0.0,0.0,0.020407746780677947,0.0,0.020407746780677947,0.9999795922532194,0.0,0.0,0.0,0.0,0.0,0.0,0.0,0.0,0.0,0.0,0.0,0.020407746780677947,0.0,0.9999795922532194,0.12244648068406767,0.755086630885084,0.9999795922532194,0.9999795922532194,0.9999795922532194,0.9999795922532194,0.9999795922532194,0.9999795922532194,0.9999795922532194,0.9999795922532194,0.020407746780677947,0.9999795922532194,0.0,0.020407746780677947,0.9999795922532194,0.9999795922532194,0.9999795922532194,0.9999795922532194,0.9999795922532194,0.020407746780677947,0.020407746780677947,0.020407746780677947,0.020407746780677947,0.020407746780677947,0.020407746780677947,0.020407746780677947,0.020407746780677947,0.020407746780677947,0.9999795922532194,0.020407746780677947,0.9999795922532194,0.9999795922532194,0.4897859227362707,0.9999795922532194,0.9999795922532194,0.9999795922532194,0.9999795922532194,0.9999795922532194,0.5714169098589825,0.9999795922532194,0.9999795922532194,0.9999795922532194,0.9999795922532194,0.9999795922532194,0.9999795922532194,0.9999795922532194,0.9999795922532194,0.9999795922532194,0.0,0.0,0.9999795922532194
MOS,0.0,0.0,0.0,0.5636261158888021,0.0,0.5636261158888021,0.5636261158888021,0.5636261158888021,0.0,0.05454446282794859,0.0,0.0,0.0,0.9999818185123908,0.0,0.07272595043726478,0.0,0.05454446282794859,0.05454446282794859,0.05454446282794859,0.05454446282794859,0.05454446282794859,0.05454446282794859,0.05454446282794859,0.05454446282794859,0.0,0.03636297521863239,0.018181487609316194,0.03636297521863239,0.3999927274049563,0.0,0.0,0.0,0.6181705787167506,0.05454446282794859,0.0,0.0,0.0,0.0,0.0,0.9999818185123908,0.3999927274049563,0.0,0.018181487609316194,0.018181487609316194,0.0,0.0,0.0,0.0,0.03636297521863239,0.03636297521863239,0.03636297521863239,0.018181487609316194,0.018181487609316194,0.9999818185123908,0.4545371902329049,0.9999818185123908,0.9999818185123908,0.9999818185123908,0.9999818185123908,0.9999818185123908,0.9999818185123908,0.9999818185123908,0.9999818185123908,0.9999818185123908,0.018181487609316194,0.9999818185123908,0.03636297521863239,0.05454446282794859,0.9999818185123908,0.9999818185123908,0.9999818185123908,0.5636261158888021,0.5818076034981182,0.05454446282794859,0.05454446282794859,0.05454446282794859,0.05454446282794859,0.05454446282794859,0.05454446282794859,0.9999818185123908,0.05454446282794859,0.9999818185123908,0.05454446282794859,0.05454446282794859,0.9999818185123908,0.9999818185123908,0.49090016545153725,0.49090016545153725,0.9999818185123908,0.9999818185123908,0.9999818185123908,0.9999818185123908,0.9999818185123908,0.9999818185123908,0.9999818185123908,0.9999818185123908,0.9999818185123908,0.9999818185123908,0.9999818185123908,0.9999818185123908,0.9999818185123908,0.9999818185123908,0.0,0.0,0.9999818185123908
MPC,0.0,0.0,0.0,0.0,0.0,0.43749088560654986,0.0,0.0,0.0,0.020832899314597614,0.0,0.0,0.0,0.9999791671006855,0.0,0.06249869794379284,0.0,0.020832899314597614,0.020832899314597614,0.020832899314597614,0.020832899314597614,0.020832899314597614,0.020832899314597614,0.0,0.020832899314597614,0.0,0.0,0.0,0.12499739588758568,0.0,0.0,0.0,0.020832899314597614,0.020832899314597614,0.020832899314597614,0.43749088560654986,0.43749088560654986,0.0,0.0,0.0,0.0,0.2916605904043666,0.0,0.0,0.0,0.0,0.0,0.0,0.0,0.0,0.0,0.0,0.0,0.0,0.9999791671006855,0.6874856773817213,0.9999791671006855,0.9999791671006855,0.9999791671006855,0.9999791671006855,0.9999791671006855,0.9999791671006855,0.9999791671006855,0.9999791671006855,0.20832899314597614,0.0,0.9999791671006855,0.0,0.020832899314597614,0.9999791671006855,0.9999791671006855,0.7083185766963188,0.5624882814941355,0.5416553821795379,0.020832899314597614,0.020832899314597614,0.020832899314597614,0.24999479177517137,0.24999479177517137,0.24999479177517137,0.2916605904043666,0.06249869794379284,0.08333159725839046,0.12499739588758568,0.12499739588758568,0.7083185766963188,0.9999791671006855,0.8958146705276974,0.9999791671006855,0.9999791671006855,0.9999791671006855,0.9999791671006855,0.9999791671006855,0.9999791671006855,0.9999791671006855,0.9999791671006855,0.9999791671006855,0.9999791671006855,0.9999791671006855,0.9999791671006855,0.9999791671006855,0.9999791671006855,0.7708172746401117,0.0,0.0,0.9999791671006855
MPWR,0.0,0.0,0.0,0.020832899314597614,0.020832899314597614,0.020832899314597614,0.020832899314597614,0.020832899314597614,0.020832899314597614,0.06249869794379284,0.020832899314597614,0.020832899314597614,0.020832899314597614,0.020832899314597614,0.0,0.06249869794379284,0.0,0.9999791671006855,0.9999791671006855,0.06249869794379284,0.06249869794379284,0.06249869794379284,0.06249869794379284,0.24999479177517137,0.06249869794379284,0.020832899314597614,0.020832899314597614,0.04166579862919523,0.9999791671006855,0.020832899314597614,0.020832899314597614,0.020832899314597614,0.04166579862919523,0.06249869794379284,0.06249869794379284,0.020832899314597614,0.020832899314597614,0.020832899314597614,0.020832899314597614,0.020832899314597614,0.9374804691568926,0.8541488718985022,0.04166579862919523,0.04166579862919523,0.020832899314597614,0.04166579862919523,0.04166579862919523,0.020832899314597614,0.020832899314597614,0.020832899314597614,0.020832899314597614,0.020832899314597614,0.04166579862919523,0.04166579862919523,0.9999791671006855,0.9999791671006855,0.9999791671006855,0.9999791671006855,0.9999791671006855,0.9999791671006855,0.9999791671006855,0.9999791671006855,0.9999791671006855,0.9999791671006855,0.9999791671006855,0.04166579862919523,0.9999791671006855,0.020832899314597614,0.9999791671006855,0.9999791671006855,0.9999791671006855,0.9999791671006855,0.6874856773817213,0.9999791671006855,0.06249869794379284,0.06249869794379284,0.06249869794379284,0.06249869794379284,0.06249869794379284,0.06249869794379284,0.49998958355034273,0.06249869794379284,0.9999791671006855,0.9999791671006855,0.9999791671006855,0.06249869794379284,0.06249869794379284,0.10416449657298807,0.3124934897189642,0.9999791671006855,0.9999791671006855,0.9999791671006855,0.9999791671006855,0.9999791671006855,0.9999791671006855,0.9999791671006855,0.9999791671006855,0.9999791671006855,0.9999791671006855,0.9999791671006855,0.9999791671006855,0.9999791671006855,0.9999791671006855,0.0,0.0,0.9999791671006855
MRK,0.0,0.0,0.0,0.28570918376457566,0.0,0.28570918376457566,0.28570918376457566,0.28570918376457566,0.0,0.03571364797057196,0.28570918376457566,0.0,0.0,0.0,0.0,0.07142729594114391,0.0,0.03571364797057196,0.03571364797057196,0.03571364797057196,0.03571364797057196,0.03571364797057196,0.03571364797057196,0.03571364797057196,0.03571364797057196,0.0,0.0,0.0,0.03571364797057196,0.35713647970571955,0.0,0.9999821431760147,0.01785682398528598,0.3928501276762915,0.053570471955857936,0.0,0.28570918376457566,0.03571364797057196,0.0,0.10714094391171587,0.03571364797057196,0.14285459188228783,0.0,0.0,0.01785682398528598,0.0,0.0,0.0,0.0,0.0,0.0,0.0,0.01785682398528598,0.0,0.9999821431760147,0.9999821431760147,0.9999821431760147,0.9999821431760147,0.9999821431760147,0.9999821431760147,0.9999821431760147,0.9999821431760147,0.9999821431760147,0.9999821431760147,0.9999821431760147,0.01785682398528598,0.9999821431760147,0.28570918376457566,0.9106980232495848,0.5892751915144373,0.9999821431760147,0.9999821431760147,0.5892751915144373,0.9999821431760147,0.03571364797057196,0.03571364797057196,0.03571364797057196,0.03571364797057196,0.03571364797057196,0.03571364797057196,0.03571364797057196,0.03571364797057196,0.03571364797057196,0.8928411992642988,0.03571364797057196,0.785700255352583,0.9999821431760147,0.9999821431760147,0.9999821431760147,0.9999821431760147,0.9999821431760147,0.9999821431760147,0.9999821431760147,0.9999821431760147,0.9999821431760147,0.9999821431760147,0.9999821431760147,0.9999821431760147,0.9999821431760147,0.9999821431760147,0.9999821431760147,0.9999821431760147,0.9999821431760147,0.0,0.0,0.9999821431760147
MRNA,0.0,0.0,0.0,0.0,0.0,0.1111069960371838,0.0,0.0,0.1111069960371838,0.1111069960371838,0.0,0.0,0.0,0.0,0.0,0.18517832672863968,0.0,0.8147846376060146,0.9999629643346543,0.8147846376060146,0.0,0.0,0.0,0.6296063108773748,0.0,0.0,0.0,0.0,0.9999629643346543,0.037035665345727935,0.07407133069145587,0.037035665345727935,0.07407133069145587,0.0,0.0,0.1111069960371838,0.1111069960371838,0.2962853227658235,0.0,0.0,0.0,0.9999629643346543,0.0,0.0,0.0,0.0,0.0,0.0,0.0,0.1111069960371838,0.0,0.0,0.0,0.0,0.9999629643346543,0.9999629643346543,0.0,0.9999629643346543,0.9999629643346543,0.9999629643346543,0.9999629643346543,0.9999629643346543,0.9999629643346543,0.9999629643346543,0.9999629643346543,0.0,0.9999629643346543,0.0,0.9999629643346543,0.9999629643346543,0.9999629643346543,0.9999629643346543,0.2962853227658235,0.14814266138291174,0.0,0.2962853227658235,0.0,0.592570645531647,0.592570645531647,0.592570645531647,0.6296063108773748,0.0,0.9999629643346543,0.0,0.9999629643346543,0.9999629643346543,0.9999629643346543,0.0,0.0,0.0,0.6296063108773748,0.9999629643346543,0.9999629643346543,0.9999629643346543,0.9999629643346543,0.9999629643346543,0.9999629643346543,0.9999629643346543,0.9999629643346543,0.9999629643346543,0.9999629643346543,0.9999629643346543,0.9999629643346543,0.0,0.0,0.9999629643346543
MRSH,0.0,0.0,0.0,0.4799904001919962,0.0,0.999980000399992,0.4799904001919962,0.4799904001919962,0.0,0.03999920001599968,0.0,0.0,0.0,0.999980000399992,0.0,0.07999840003199936,0.0,0.03999920001599968,0.03999920001599968,0.03999920001599968,0.03999920001599968,0.03999920001599968,0.03999920001599968,0.03999920001599968,0.03999920001599968,0.999980000399992,0.0999980000399992,0.0,0.0,0.499990000199996,0.01999960000799984,0.01999960000799984,0.03999920001599968,0.5399892002159957,0.03999920001599968,0.999980000399992,0.999980000399992,0.0,0.0,0.03999920001599968,0.0,0.0,0.0,0.0,0.03999920001599968,0.0,0.0,0.0,0.0,0.999980000399992,0.0,0.17999640007199857,0.0,0.03999920001599968,0.999980000399992,0.999980000399992,0.03999920001599968,0.999980000399992,0.999980000399992,0.999980000399992,0.999980000399992,0.999980000399992,0.999980000399992,0.999980000399992,0.999980000399992,0.03999920001599968,0.999980000399992,0.1999960000799984,0.03999920001599968,0.999980000399992,0.999980000399992,0.31999360012799744,0.5599888002239956,0.999980000399992,0.03999920001599968,0.999980000399992,0.25999480010399795,0.03999920001599968,0.03999920001599968,0.03999920001599968,0.0999980000399992,0.03999920001599968,0.03999920001599968,0.03999920001599968,0.03999920001599968,0.7999840003199936,0.999980000399992,0.5399892002159957,0.999980000399992,0.999980000399992,0.9199816003679927,0.999980000399992,0.999980000399992,0.999980000399992,0.999980000399992,0.999980000399992,0.999980000399992,0.999980000399992,0.999980000399992,0.999980000399992,0.999980000399992,0.999980000399992,0.999980000399992,0.0,0.0,0.999980000399992
MRVL,0.0,0.0,0.0,0.0,0.0,0.0,0.0,0.0,0.0,0.0,0.0,0.0,0.0,0.0,0.0,0.1111049386145214,0.0,0.0,0.0,0.0,0.0,0.0,0.0,0.0,0.0,0.0,0.0,0.0,0.0,0.0,0.0,0.0,0.0,0.0,0.0,0.0,0.0,0.0,0.0,0.0,0.9999444475306927,0.2222098772290428,0.0,0.0,0.0,0.0,0.0,0.0,0.0,0.0,0.0,0.0,0.0,0.0,0.9999444475306927,0.9999444475306927,0.9999444475306927,0.9999444475306927,0.9999444475306927,0.9999444475306927,0.9999444475306927,0.9999444475306927,0.9999444475306927,0.9999444475306927,0.9999444475306927,0.0,0.9999444475306927,0.9999444475306927,0.0,0.9999444475306927,0.9999444475306927,0.9999444475306927,0.2222098772290428,0.9999444475306927,0.0,0.0,0.0,0.0,0.0,0.0,0.0,0.0,0.9999444475306927,0.0,0.9999444475306927,0.9999444475306927,0.9999444475306927,0.0,0.0,0.9999444475306927,0.9999444475306927,0.9999444475306927,0.9999444475306927,0.9999444475306927,0.9999444475306927,0.9999444475306927,0.9999444475306927,0.9999444475306927,0.9999444475306927,0.9999444475306927,0.9999444475306927,0.9999444475306927,0.9999444475306927,0.0,0.0,0.9999444475306927
MS,0.0,0.0,0.0,0.0,0.0,0.9999814818244107,0.9999814818244107,0.0,0.0,0.0,0.9999814818244107,0.0,0.0,0.9999814818244107,0.0,0.05555452676802282,0.0,0.0,0.296290809429455,0.0,0.0,0.9999814818244107,0.9999814818244107,0.0,0.0,0.0,0.0,0.0,0.09259087794670469,0.01851817558934094,0.01851817558934094,0.9999814818244107,0.01851817558934094,0.0,0.0,0.9999814818244107,0.9999814818244107,0.0,0.0,0.0,0.9999814818244107,0.20369993148275034,0.0,0.0,0.0,0.0,0.0,0.0,0.0,0.9999814818244107,0.0,0.0,0.0,0.0,0.0,0.0,0.296290809429455,0.0,0.0,0.9999814818244107,0.9999814818244107,0.9999814818244107,0.9999814818244107,0.9999814818244107,0.9999814818244107,0.0,0.9999814818244107,0.9999814818244107,0.0,0.44443621414418255,0.9999814818244107,0.6666543212162738,0.5555452676802282,0.9999814818244107,0.9999814818244107,0.9999814818244107,0.9999814818244107,0.5370270920908873,0.5370270920908873,0.5370270920908873,0.0,0.0,0.0,0.6666543212162738,0.7592451991629785,0.9999814818244107,0.9999814818244107,0.907390603877706,0.9999814818244107,0.9999814818244107,0.9999814818244107,0.07407270235736375,0.0,0.37036351178681876,0.12962722912538657,0.9999814818244107,0.9999814818244107,0.9999814818244107,0.9999814818244107,0.9999814818244107,0.9999814818244107,0.9999814818244107,0.9999814818244107,0.0,0.0,0.9999814818244107
MSCI,0.0,0.0,0.0,0.0,0.0,0.0,0.0,0.0,0.4897859227362707,0.4897859227362707,0.0,0.0,0.0,0.2653007081488133,0.0,0.16326197424542357,0.0,0.0,0.36733944205220304,0.0,0.0,0.0,0.0,0.0,0.0,0.0,0.0,0.0,0.0,0.0,0.0,0.0,0.0,0.020407746780677947,0.020407746780677947,0.0,0.0,0.0,0.0,0.0,0.0,0.0,0.0,0.0,0.0,0.0,0.0,0.0,0.0,0.9999795922532194,0.0,0.0,0.0,0.0,0.9999795922532194,0.9999795922532194,0.24489296136813535,0.9999795922532194,0.9999795922532194,0.9999795922532194,0.9999795922532194,0.9999795922532194,0.9999795922532194,0.9999795922532194,0.9999795922532194,0.0,0.9999795922532194,0.0,0.4897859227362707,0.9999795922532194,0.9999795922532194,0.9999795922532194,0.5306014162976266,0.9999795922532194,0.18366972102610152,0.9999795922532194,0.0,0.0,0.0,0.0,0.0,0.0,0.0,0.6938633905430501,0.9999795922532194,0.7142711373237282,0.9999795922532194,0.0,0.0,0.6734556437623722,0.4489704291749148,0.9999795922532194,0.9999795922532194,0.9999795922532194,0.9999795922532194,0.9999795922532194,0.9999795922532194,0.9999795922532194,0.9999795922532194,0.9999795922532194,0.9999795922532194,0.9999795922532194,0.9999795922532194,0.0,0.0,0.9999795922532194
MSFT,0.0,0.0,0.0,0.0,0.0,0.0,0.0,0.0,0.0,0.0,0.0,0.0,0.0,0.0,0.0,0.03636297521863239,0.0,0.0,0.0,0.0,0.0,0.0,0.0,0.0,0.0,0.0,0.0,0.0,0.0,0.0,0.0,0.0,0.0,0.0,0.0,0.0,0.0,0.0,0.0,0.0,0.9999818185123908,0.0,0.0,0.0,0.0,0.0,0.0,0.0,0.0,0.0,0.0,0.0,0.0,0.0,0.9999818185123908,0.9999818185123908,0.9999818185123908,0.9999818185123908,0.9999818185123908,0.9999818185123908,0.9999818185123908,0.9999818185123908,0.9999818185123908,0.9999818185123908,0.9999818185123908,0.0,0.9999818185123908,0.9999818185123908,0.07272595043726478,0.8727114052471774,0.9999818185123908,0.3272667769676915,0.3818112397956401,0.4363557026235887,0.0,0.0,0.0,0.0,0.0,0.0,0.0,0.018181487609316194,0.9999818185123908,0.9999818185123908,0.9999818185123908,0.4545371902329049,0.0,0.0,0.0,0.0,0.4545371902329049,0.9999818185123908,0.9999818185123908,0.9999818185123908,0.9999818185123908,0.9999818185123908,0.9999818185123908,0.9999818185123908,0.9999818185123908,0.9999818185123908,0.9999818185123908,0.9999818185123908,0.9999818185123908,0.0,0.0,0.9999818185123908
MSI,0.0,0.0,0.0,0.05454446282794859,0.05454446282794859,0.05454446282794859,0.05454446282794859,0.05454446282794859,0.4181742150142725,0.3999927274049563,0.05454446282794859,0.09090743804658097,0.09090743804658097,0.05454446282794859,0.03636297521863239,0.07272595043726478,0.0,0.03636297521863239,0.03636297521863239,0.03636297521863239,0.03636297521863239,0.03636297521863239,0.03636297521863239,0.03636297521863239,0.03636297521863239,0.05454446282794859,0.09090743804658097,0.05454446282794859,0.09090743804658097,0.03636297521863239,0.03636297521863239,0.03636297521863239,0.05454446282794859,0.10908892565589717,0.10908892565589717,0.05454446282794859,0.05454446282794859,0.0,0.09090743804658097,0.09090743804658097,0.9999818185123908,0.09090743804658097,0.03636297521863239,0.03636297521863239,0.03636297521863239,0.05454446282794859,0.03636297521863239,0.09090743804658097,0.09090743804658097,0.09090743804658097,0.49090016545153725,0.49090016545153725,0.03636297521863239,0.03636297521863239,0.9999818185123908,0.9999818185123908,0.9454373556844421,0.9999818185123908,0.9999818185123908,0.9999818185123908,0.9999818185123908,0.9999818185123908,0.9999818185123908,0.9999818185123908,0.9999818185123908,0.05454446282794859,0.9999818185123908,0.09090743804658097,0.7999854548099126,0.9999818185123908,0.9999818185123908,0.9999818185123908,0.5999890911074345,0.7272595043726477,0.03636297521863239,0.03636297521863239,0.03636297521863239,0.03636297521863239,0.09090743804658097,0.09090743804658097,0.09090743804658097,0.03636297521863239,0.9272558680751259,0.03636297521863239,0.03636297521863239,0.9272558680751259,0.03636297521863239,0.09090743804658097,0.09090743804658097,0.09090743804658097,0.5454446282794858,0.9999818185123908,0.9999818185123908,0.9999818185123908,0.9999818185123908,0.9999818185123908,0.9999818185123908,0.9999818185123908,0.9999818185123908,0.9999818185123908,0.9999818185123908,0.9999818185123908,0.9999818185123908,0.0,0.0,0.9999818185123908
MTB,0.0,0.0,0.0,0.1568596694182467,0.0,0.9999803925413228,0.9999803925413228,0.1568596694182467,0.0,0.019607458677280837,0.9999803925413228,0.0,0.0,0.9999803925413228,0.0,0.05882237603184252,0.0,0.019607458677280837,0.019607458677280837,0.019607458677280837,0.019607458677280837,0.9999803925413228,0.9999803925413228,0.019607458677280837,0.019607458677280837,0.05882237603184252,0.019607458677280837,0.0,0.07842983470912335,0.8431207231230761,0.0,0.9999803925413228,0.0,0.1960745867728084,0.039214917354561674,0.9999803925413228,0.9999803925413228,0.0,0.0,0.05882237603184252,0.9999803925413228,0.0,0.0,0.0,0.0,0.0,0.0,0.0,0.0,0.9999803925413228,0.9999803925413228,0.9999803925413228,0.0,0.0,0.0,0.0,0.07842983470912335,0.0,0.0,0.9999803925413228,0.9999803925413228,0.9999803925413228,0.9999803925413228,0.9999803925413228,0.8235132644457952,0.0,0.9999803925413228,0.8235132644457952,0.019607458677280837,0.9999803925413228,0.9999803925413228,0.9999803925413228,0.5294013842865827,0.9999803925413228,0.9999803925413228,0.9999803925413228,0.9999803925413228,0.019607458677280837,0.05882237603184252,0.05882237603184252,0.019607458677280837,0.019607458677280837,0.21568204545008923,0.019607458677280837,0.9999803925413228,0.9999803925413228,0.9999803925413228,0.9215505578321994,0.9999803925413228,0.9999803925413228,0.47057900825474014,0.07842983470912335,0.019607458677280837,0.05882237603184252,0.6274386776729868,0.9999803925413228,0.9999803925413228,0.9999803925413228,0.9999803925413228,0.9999803925413228,0.9999803925413228,0.9999803925413228,0.9999803925413228,0.0,0.0,0.9999803925413228
MTD,0.0,0.0,0.0,0.0,0.0,0.0,0.0,0.0,0.24999519240014617,0.24999519240014617,0.0,0.0,0.0,0.0,0.0,0.01923039941539586,0.0,0.0,0.34614718947712547,0.0,0.0,0.0,0.0,0.0,0.0,0.0,0.0,0.0,0.0,0.0,0.0,0.9999807696005847,0.0,0.01923039941539586,0.01923039941539586,0.49999038480029234,0.0,0.0,0.0,0.0,0.9999807696005847,0.0,0.0,0.0,0.0,0.0,0.0,0.0,0.0,0.0,0.0,0.0,0.0,0.0,0.9999807696005847,0.9999807696005847,0.9999807696005847,0.9999807696005847,0.9999807696005847,0.9999807696005847,0.9999807696005847,0.9999807696005847,0.9999807696005847,0.9999807696005847,0.9999807696005847,0.0,0.9999807696005847,0.9999807696005847,0.34614718947712547,0.057691198246187576,0.9999807696005847,0.9999807696005847,0.49999038480029234,0.9038287725236054,0.0,0.0,0.0,0.0,0.057691198246187576,0.057691198246187576,0.0,0.0,0.0,0.0,0.9999807696005847,0.9999807696005847,0.9999807696005847,0.48075998538489645,0.9999807696005847,0.9999807696005847,0.9999807696005847,0.9999807696005847,0.9999807696005847,0.9999807696005847,0.9999807696005847,0.9999807696005847,0.9999807696005847,0.9999807696005847,0.9999807696005847,0.9999807696005847,0.9999807696005847,0.9999807696005847,0.9999807696005847,0.0,0.0,0.9999807696005847
MU,0.0,0.0,0.0,0.0,0.0,0.0,0.0,0.0,0.0,0.0,0.0,0.0,0.0,0.0,0.0,0.021276143060785943,0.0,0.0,0.0,0.0,0.0,0.0,0.0,0.4042467181549329,0.0,0.0,0.0,0.021276143060785943,0.0,0.021276143060785943,0.021276143060785943,0.021276143060785943,0.021276143060785943,0.021276143060785943,0.021276143060785943,0.0,0.0,0.0,0.0,0.0,0.723388864066722,0.08510457224314377,0.021276143060785943,0.0,0.0,0.0,0.0,0.0,0.0,0.0,0.0,0.0,0.0,0.0,0.9999787238569393,0.9999787238569393,0.9999787238569393,0.9999787238569393,0.9999787238569393,0.9999787238569393,0.9999787238569393,0.9999787238569393,0.9999787238569393,0.9999787238569393,0.8510457224314377,0.0,0.9999787238569393,0.0,0.021276143060785943,0.9999787238569393,0.9999787238569393,0.9999787238569393,0.5744558626412204,0.5744558626412204,0.0,0.0,0.0,0.3404182889725751,0.361694432033361,0.361694432033361,0.0,0.0,0.2553137167294313,0.9999787238569393,0.3404182889725751,0.9999787238569393,0.9999787238569393,0.021276143060785943,0.10638071530392972,0.9999787238569393,0.8723218654922236,0.9999787238569393,0.9999787238569393,0.9999787238569393,0.9999787238569393,0.9999787238569393,0.9999787238569393,0.9999787238569393,0.9999787238569393,0.9999787238569393,0.9999787238569393,0.9999787238569393,0.9999787238569393,0.0,0.0,0.9999787238569393
NCLH,0.0,0.0,0.0,0.0,0.0,0.25580800446501245,0.0,0.0,0.02325527313318295,0.0465105462663659,0.0,0.0,0.0,0.9999767447268668,0.0,0.0465105462663659,0.0,0.02325527313318295,0.9999767447268668,0.02325527313318295,0.02325527313318295,0.02325527313318295,0.02325527313318295,0.0930210925327318,0.02325527313318295,0.0,0.0,0.02325527313318295,0.20929745819864656,0.0,0.0,0.0,0.0,0.02325527313318295,0.02325527313318295,0.25580800446501245,0.25580800446501245,0.0,0.0,0.0,0.9999767447268668,0.5813818283295737,0.02325527313318295,0.02325527313318295,0.02325527313318295,0.0,0.0,0.0,0.0,0.0,0.0,0.0,0.02325527313318295,0.02325527313318295,0.9999767447268668,0.6046371014627567,0.9999767447268668,0.9999767447268668,0.9999767447268668,0.9999767447268668,0.9999767447268668,0.9999767447268668,0.9999767447268668,0.9999767447268668,0.8604451059277691,0.02325527313318295,0.9999767447268668,0.0,0.02325527313318295,0.9999767447268668,0.9999767447268668,0.9999767447268668,0.39533964326411014,0.6976581939954886,0.02325527313318295,0.02325527313318295,0.02325527313318295,0.02325527313318295,0.02325527313318295,0.02325527313318295,0.1860421850654636,0.02325527313318295,0.5581265551963908,0.9999767447268668,0.7906792865282203,0.8604451059277691,0.9999767447268668,0.3720843701309272,0.3720843701309272,0.9999767447268668,0.9999767447268668,0.9999767447268668,0.9999767447268668,0.9999767447268668,0.9999767447268668,0.9999767447268668,0.9999767447268668,0.9999767447268668,0.9999767447268668,0.9999767447268668,0.9999767447268668,0.9999767447268668,0.9999767447268668,0.0,0.0,0.9999767447268668
NDAQ,0.0,0.0,0.0,0.0,0.0,0.0,0.0,0.0,0.0,0.06122324034203384,0.0,0.0,0.0,0.9999795922532194,0.0,0.10203873390338973,0.0,0.06122324034203384,0.08163098712271179,0.06122324034203384,0.06122324034203384,0.06122324034203384,0.06122324034203384,0.06122324034203384,0.06122324034203384,0.0,0.0,0.0,0.0,0.020407746780677947,0.020407746780677947,0.020407746780677947,0.040815493561355894,0.06122324034203384,0.06122324034203384,0.0,0.0,0.06122324034203384,0.0,0.06122324034203384,0.0,0.12244648068406767,0.040815493561355894,0.040815493561355894,0.0,0.0,0.0,0.0,0.0,0.9999795922532194,0.0,0.0,0.0,0.040815493561355894,0.9999795922532194,0.755086630885084,0.6734556437623722,0.9999795922532194,0.9999795922532194,0.9999795922532194,0.9999795922532194,0.9999795922532194,0.9999795922532194,0.9999795922532194,0.9999795922532194,0.040815493561355894,0.9999795922532194,0.06122324034203384,0.12244648068406767,0.4489704291749148,0.9999795922532194,0.9999795922532194,0.5714169098589825,0.9999795922532194,0.06122324034203384,0.9999795922532194,0.06122324034203384,0.06122324034203384,0.12244648068406767,0.12244648068406767,0.06122324034203384,0.06122324034203384,0.06122324034203384,0.9999795922532194,0.24489296136813535,0.9999795922532194,0.9999795922532194,0.06122324034203384,0.06122324034203384,0.4693781759555928,0.6734556437623722,0.9999795922532194,0.9999795922532194,0.9999795922532194,0.9999795922532194,0.9999795922532194,0.9999795922532194,0.9999795922532194,0.9999795922532194,0.9999795922532194,0.9999795922532194,0.9999795922532194,0.9999795922532194,0.0,0.0,0.9999795922532194
NDSN,0.0,0.0,0.0,0.0,0.0,0.0,0.0,0.0,0.0,0.023808956929596916,0.0,0.0,0.0,0.023808956929596916,0.0,0.04761791385919383,0.0,0.04761791385919383,0.023808956929596916,0.023808956929596916,0.023808956929596916,0.023808956929596916,0.023808956929596916,0.023808956929596916,0.023808956929596916,0.0,0.0,0.0,0.0,0.0,0.0,0.0,0.023808956929596916,0.04761791385919383,0.04761791385919383,0.0,0.0,0.0,0.0,0.0,0.0,0.1428537415775815,0.0,0.0,0.0,0.04761791385919383,0.04761791385919383,0.0,0.0,0.0,0.0,0.0,0.023808956929596916,0.04761791385919383,0.9999761910430705,0.9999761910430705,0.0,0.9999761910430705,0.9999761910430705,0.9999761910430705,0.9999761910430705,0.9999761910430705,0.9999761910430705,0.9999761910430705,0.9999761910430705,0.04761791385919383,0.9999761910430705,0.6428418370991167,0.04761791385919383,0.9999761910430705,0.7856955786766983,0.9999761910430705,0.571414966310326,0.571414966310326,0.023808956929596916,0.023808956929596916,0.023808956929596916,0.023808956929596916,0.04761791385919383,0.04761791385919383,0.023808956929596916,0.023808956929596916,0.023808956929596916,0.4523701816623414,0.9999761910430705,0.9999761910430705,0.9999761910430705,0.9999761910430705,0.9999761910430705,0.9999761910430705,0.9999761910430705,0.9999761910430705,0.9999761910430705,0.9999761910430705,0.9999761910430705,0.9999761910430705,0.9999761910430705,0.9999761910430705,0.9999761910430705,0.9999761910430705,0.9999761910430705,0.9999761910430705,0.9999761910430705,0.0,0.0,0.9999761910430705
NEE,0.0,0.0,0.0,0.0,0.03448216410061895,0.9999827589179497,0.0,0.03448216410061895,0.03448216410061895,0.03448216410061895,0.0,0.0,0.0,0.9999827589179497,0.0,0.05172324615092844,0.0,0.03448216410061895,0.03448216410061895,0.03448216410061895,0.03448216410061895,0.03448216410061895,0.03448216410061895,0.08620541025154739,0.03448216410061895,0.9999827589179497,0.03448216410061895,0.017241082050309477,0.9999827589179497,0.0,0.05172324615092844,0.0,0.017241082050309477,0.05172324615092844,0.08620541025154739,0.9999827589179497,0.9999827589179497,0.0,0.0,0.08620541025154739,0.9999827589179497,0.03448216410061895,0.0,0.017241082050309477,0.0,0.0,0.0,0.0,0.0,0.5689557076602128,0.5689557076602128,0.5689557076602128,0.017241082050309477,0.017241082050309477,0.9999827589179497,0.9999827589179497,0.6206789538111412,0.9999827589179497,0.9999827589179497,0.9999827589179497,0.9999827589179497,0.9999827589179497,0.9999827589179497,0.9999827589179497,0.9999827589179497,0.017241082050309477,0.9999827589179497,0.9999827589179497,0.9999827589179497,0.9999827589179497,0.9999827589179497,0.03448216410061895,0.4827502974086654,0.4827502974086654,0.03448216410061895,0.12068757435216634,0.9999827589179497,0.03448216410061895,0.08620541025154739,0.8103308563645455,0.08620541025154739,0.03448216410061895,0.9999827589179497,0.9999827589179497,0.2586162307546422,0.9999827589179497,0.9999827589179497,0.6034378717608317,0.6034378717608317,0.9999827589179497,0.9999827589179497,0.9999827589179497,0.9999827589179497,0.9999827589179497,0.9999827589179497,0.9999827589179497,0.9999827589179497,0.9999827589179497,0.9999827589179497,0.9999827589179497,0.9999827589179497,0.36206272305649906,0.36206272305649906,0.0,0.0,0.9999827589179497
NEM,0.0,0.0,0.0,0.17646712809552756,0.0,0.17646712809552756,0.17646712809552756,0.17646712809552756,0.0,0.05882237603184252,0.07842983470912335,0.0,0.0,0.0,0.0,0.07842983470912335,0.0,0.05882237603184252,0.05882237603184252,0.05882237603184252,0.05882237603184252,0.05882237603184252,0.05882237603184252,0.17646712809552756,0.05882237603184252,0.0,0.05882237603184252,0.0,0.725475971059391,0.49018646693202095,0.0,0.9999803925413228,0.0,0.23528950412737007,0.05882237603184252,0.607831218995706,0.07842983470912335,0.0,0.0,0.0,0.05882237603184252,0.9999803925413228,0.0,0.019607458677280837,0.0,0.0,0.0,0.0,0.0,0.05882237603184252,0.05882237603184252,0.05882237603184252,0.0,0.019607458677280837,0.9999803925413228,0.9999803925413228,0.9999803925413228,0.9999803925413228,0.9999803925413228,0.9999803925413228,0.9999803925413228,0.9999803925413228,0.9999803925413228,0.9999803925413228,0.9999803925413228,0.019607458677280837,0.607831218995706,0.2548969628046509,0.6274386776729868,0.9999803925413228,0.9999803925413228,0.9999803925413228,0.607831218995706,0.607831218995706,0.05882237603184252,0.6274386776729868,0.05882237603184252,0.05882237603184252,0.5490088429638634,0.5490088429638634,0.5097939256093018,0.05882237603184252,0.5490088429638634,0.8235132644457952,0.05882237603184252,0.05882237603184252,0.23528950412737007,0.9999803925413228,0.9999803925413228,0.9999803925413228,0.9999803925413228,0.9999803925413228,0.9999803925413228,0.9999803925413228,0.9999803925413228,0.9999803925413228,0.9999803925413228,0.9999803925413228,0.9999803925413228,0.9999803925413228,0.9999803925413228,0.9999803925413228,0.9999803925413228,0.0,0.0,0.9999803925413228
NFLX,0.0,0.0,0.0,0.0,0.0,0.0,0.0,0.0,0.0,0.0,0.0,0.0,0.0,0.0,0.0,0.0,0.0,0.09755859613180166,0.48779298065900834,0.09755859613180166,0.0,0.0,0.0,0.9999756103509672,0.0,0.0,0.0,0.0,0.0,0.0,0.0,0.0,0.0,0.0,0.0,0.0,0.0,0.0,0.0,0.0,0.9999756103509672,0.9999756103509672,0.0,0.0,0.0,0.0,0.0,0.0,0.0,0.9999756103509672,0.9999756103509672,0.0,0.0,0.0,0.9999756103509672,0.9999756103509672,0.9999756103509672,0.9999756103509672,0.9999756103509672,0.9999756103509672,0.9999756103509672,0.9999756103509672,0.9999756103509672,0.9999756103509672,0.9999756103509672,0.0,0.9999756103509672,0.21950684129655376,0.7560791200214629,0.9999756103509672,0.5121826296919587,0.9999756103509672,0.4634033316260579,0.9999756103509672,0.9999756103509672,0.9999756103509672,0.0,0.0,0.14633789419770252,0.14633789419770252,0.878027365186215,0.0,0.4390136825931075,0.0,0.9999756103509672,0.6341308748567108,0.9999756103509672,0.0,0.0,0.9999756103509672,0.9999756103509672,0.9999756103509672,0.9999756103509672,0.9999756103509672,0.9999756103509672,0.9999756103509672,0.9999756103509672,0.9999756103509672,0.9999756103509672,0.9999756103509672,0.9999756103509672,0.9999756103509672,0.9999756103509672,0.0,0.0,0.9999756103509672
NI,0.0,0.0,0.0,0.0,0.0,0.0,0.0,0.0,0.0,0.06382842918235783,0.0,0.0,0.0,0.9999787238569393,0.0,0.10638071530392972,0.0,0.06382842918235783,0.06382842918235783,0.06382842918235783,0.06382842918235783,0.06382842918235783,0.06382842918235783,0.06382842918235783,0.06382842918235783,0.9999787238569393,0.0,0.042552286121571886,0.0,0.021276143060785943,0.021276143060785943,0.021276143060785943,0.042552286121571886,0.08510457224314377,0.08510457224314377,0.06382842918235783,0.0,0.0,0.0,0.9999787238569393,0.9999787238569393,0.2978660028510032,0.0,0.042552286121571886,0.0,0.0,0.0,0.0,0.0,0.0,0.0,0.0,0.0,0.042552286121571886,0.9999787238569393,0.9999787238569393,0.6382842918235783,0.9999787238569393,0.9999787238569393,0.9999787238569393,0.9999787238569393,0.9999787238569393,0.9999787238569393,0.9999787238569393,0.9999787238569393,0.042552286121571886,0.9999787238569393,0.0,0.06382842918235783,0.9999787238569393,0.9999787238569393,0.06382842918235783,0.723388864066722,0.5957320057020064,0.06382842918235783,0.9999787238569393,0.06382842918235783,0.06382842918235783,0.06382842918235783,0.06382842918235783,0.2553137167294313,0.06382842918235783,0.06382842918235783,0.5744558626412204,0.5106274334588626,0.9999787238569393,0.9148741516137955,0.19148528754707347,0.19148528754707347,0.6595604348843642,0.9999787238569393,0.9999787238569393,0.9999787238569393,0.6382842918235783,0.9999787238569393,0.9999787238569393,0.9999787238569393,0.9999787238569393,0.9999787238569393,0.9999787238569393,0.9999787238569393,0.06382842918235783,0.06382842918235783,0.0,0.0,0.9999787238569393
NKE,0.0,0.0,0.0,0.0,0.0,0.0,0.0,0.0,0.0,0.0,0.0,0.0,0.0,0.9999795922532194,0.0,0.020407746780677947,0.0,0.0,0.0,0.0,0.0,0.0,0.0,0.0,0.0,0.0,0.0,0.0,0.9999795922532194,0.0,0.0,0.9999795922532194,0.0,0.0,0.0,0.0,0.0,0.0,0.0,0.0,0.387747188832881,0.8163098712271178,0.0,0.0,0.0,0.0,0.0,0.0,0.0,0.0,0.0,0.08163098712271179,0.0,0.0,0.9999795922532194,0.9999795922532194,0.9999795922532194,0.9999795922532194,0.9999795922532194,0.9999795922532194,0.9999795922532194,0.9999795922532194,0.9999795922532194,0.9999795922532194,0.9999795922532194,0.0,0.9999795922532194,0.8163098712271178,0.08163098712271179,0.9999795922532194,0.9999795922532194,0.6938633905430501,0.5918246566396604,0.9999795922532194,0.0,0.8367176180077958,0.0,0.0,0.0,0.0,0.0,0.0,0.9999795922532194,0.9999795922532194,0.9999795922532194,0.8367176180077958,0.9999795922532194,0.9999795922532194,0.9999795922532194,0.9999795922532194,0.9999795922532194,0.9999795922532194,0.9999795922532194,0.9999795922532194,0.9999795922532194,0.9999795922532194,0.9999795922532194,0.9999795922532194,0.9999795922532194,0.9999795922532194,0.9999795922532194,0.9999795922532194,0.9999795922532194,0.0,0.0,0.9999795922532194
NOC,0.0,0.0,0.0,0.0,0.0,0.38297057509414695,0.0,0.0,0.0,0.0,0.0,0.0,0.0,0.0,0.0,0.021276143060785943,0.0,0.0,0.21276143060785943,0.0,0.0,0.0,0.0,0.0,0.0,0.0,0.0,0.0,0.0,0.0,0.0,0.0,0.0,0.0,0.0,0.38297057509414695,0.38297057509414695,0.0,0.0,0.0,0.9999787238569393,0.12765685836471566,0.0,0.0,0.0,0.0,0.0,0.0,0.0,0.0,0.0,0.0,0.0,0.0,0.9999787238569393,0.9999787238569393,0.9999787238569393,0.9999787238569393,0.9999787238569393,0.9999787238569393,0.9999787238569393,0.9999787238569393,0.9999787238569393,0.9999787238569393,0.9999787238569393,0.0,0.9999787238569393,0.042552286121571886,0.0,0.9999787238569393,0.9999787238569393,0.9361502946745814,0.6170081487627923,0.9999787238569393,0.5531797195804344,0.4042467181549329,0.0,0.0,0.0,0.0,0.0,0.0,0.9999787238569393,0.21276143060785943,0.9999787238569393,0.9999787238569393,0.9999787238569393,0.5531797195804344,0.5531797195804344,0.9999787238569393,0.5531797195804344,0.9999787238569393,0.9999787238569393,0.9999787238569393,0.9999787238569393,0.9999787238569393,0.9999787238569393,0.9999787238569393,0.9999787238569393,0.9999787238569393,0.9999787238569393,0.9999787238569393,0.9999787238569393,0.0,0.0,0.9999787238569393
NOW,0.0,0.0,0.0,0.0,0.0,0.0,0.0,0.0,0.08510457224314377,0.08510457224314377,0.0,0.021276143060785943,0.021276143060785943,0.0,0.0,0.08510457224314377,0.0,0.7659411501882939,0.8084934363098658,0.723388864066722,0.042552286121571886,0.042552286121571886,0.042552286121571886,0.10638071530392972,0.042552286121571886,0.0,0.021276143060785943,0.021276143060785943,0.38297057509414695,0.0,0.0,0.0,0.021276143060785943,0.042552286121571886,0.042552286121571886,0.0,0.0,0.0,0.0,0.0,0.7872172932490799,0.021276143060785943,0.021276143060785943,0.021276143060785943,0.0,0.021276143060785943,0.021276143060785943,0.021276143060785943,0.021276143060785943,0.9999787238569393,0.021276143060785943,0.021276143060785943,0.021276143060785943,0.021276143060785943,0.9999787238569393,0.9999787238569393,0.4042467181549329,0.9999787238569393,0.9999787238569393,0.9999787238569393,0.9999787238569393,0.9999787238569393,0.9999787238569393,0.9999787238569393,0.9999787238569393,0.0,0.9999787238569393,0.021276143060785943,0.9999787238569393,0.9999787238569393,0.9999787238569393,0.9999787238569393,0.4893512903980767,0.9999787238569393,0.042552286121571886,0.9999787238569393,0.042552286121571886,0.042552286121571886,0.042552286121571886,0.042552286121571886,0.10638071530392972,0.042552286121571886,0.7659411501882939,0.042552286121571886,0.9999787238569393,0.9999787238569393,0.9999787238569393,0.0,0.042552286121571886,0.10638071530392972,0.42552286121571886,0.9999787238569393,0.9999787238569393,0.9999787238569393,0.9999787238569393,0.9999787238569393,0.9999787238569393,0.9999787238569393,0.9999787238569393,0.9999787238569393,0.9999787238569393,0.9999787238569393,0.9999787238569393,0.0,0.0,0.9999787238569393
NRG,0.0,0.0,0.0,0.0,0.0,0.0,0.0,0.0,0.08510457224314377,0.08510457224314377,0.0,0.0,0.0,0.5106274334588626,0.0,0.042552286121571886,0.0,0.0,0.6808365779451502,0.0,0.0,0.0,0.0,0.0,0.0,0.0,0.0,0.0,0.0,0.0,0.0,0.0,0.0,0.021276143060785943,0.021276143060785943,0.0,0.0,0.0,0.0,0.06382842918235783,0.9999787238569393,0.12765685836471566,0.0,0.0,0.0,0.0,0.0,0.0,0.0,0.0,0.0,0.0,0.0,0.0,0.9999787238569393,0.9999787238569393,0.0,0.9999787238569393,0.9999787238569393,0.9999787238569393,0.9999787238569393,0.9999787238569393,0.9999787238569393,0.9999787238569393,0.7659411501882939,0.0,0.9999787238569393,0.0,0.0,0.9999787238569393,0.9999787238569393,0.9999787238569393,0.6170081487627923,0.5957320057020064,0.0,0.0,0.0,0.23403757366864536,0.23403757366864536,0.0,0.0,0.0,0.0,0.702112721005936,0.2978660028510032,0.9999787238569393,0.9999787238569393,0.5957320057020064,0.8297695793706518,0.8297695793706518,0.9999787238569393,0.9999787238569393,0.9999787238569393,0.9999787238569393,0.9999787238569393,0.9999787238569393,0.9999787238569393,0.9999787238569393,0.9999787238569393,0.9999787238569393,0.9999787238569393,0.9999787238569393,0.9999787238569393,0.0,0.0,0.9999787238569393
NSC,0.0,0.0,0.0,0.0,0.0,0.999980000399992,0.0,0.0,0.0,0.03999920001599968,0.0,0.0,0.0,0.999980000399992,0.0,0.0999980000399992,0.0,0.03999920001599968,0.0999980000399992,0.03999920001599968,0.03999920001599968,0.03999920001599968,0.03999920001599968,0.999980000399992,0.03999920001599968,0.999980000399992,0.11999760004799905,0.03999920001599968,0.0,0.01999960000799984,0.01999960000799984,0.01999960000799984,0.03999920001599968,0.07999840003199936,0.07999840003199936,0.999980000399992,0.999980000399992,0.03999920001599968,0.0,0.17999640007199857,0.45999080018399635,0.999980000399992,0.0,0.03999920001599968,0.03999920001599968,0.0,0.0,0.0,0.0,0.999980000399992,0.0,0.999980000399992,0.03999920001599968,0.03999920001599968,0.999980000399992,0.999980000399992,0.999980000399992,0.999980000399992,0.999980000399992,0.999980000399992,0.999980000399992,0.999980000399992,0.999980000399992,0.999980000399992,0.999980000399992,0.0,0.999980000399992,0.499990000199996,0.03999920001599968,0.6399872002559949,0.999980000399992,0.999980000399992,0.5799884002319954,0.6799864002719946,0.03999920001599968,0.999980000399992,0.03999920001599968,0.03999920001599968,0.11999760004799905,0.11999760004799905,0.999980000399992,0.03999920001599968,0.11999760004799905,0.999980000399992,0.999980000399992,0.5999880002399952,0.03999920001599968,0.619987600247995,0.999980000399992,0.999980000399992,0.999980000399992,0.999980000399992,0.999980000399992,0.999980000399992,0.999980000399992,0.7799844003119938,0.999980000399992,0.999980000399992,0.999980000399992,0.999980000399992,0.999980000399992,0.999980000399992,0.999980000399992,0.0,0.0,0.999980000399992
NTAP,0.0,0.0,0.0,0.0,0.0,0.0,0.0,0.0,0.0,0.05882237603184252,0.0,0.0,0.0,0.0,0.0,0.05882237603184252,0.0,0.13725221074096586,0.13725221074096586,0.13725221074096586,0.05882237603184252,0.05882237603184252,0.05882237603184252,0.0,0.05882237603184252,0.0,0.0,0.0,0.0,0.0,0.0,0.0,0.0,0.05882237603184252,0.05882237603184252,0.0,0.0,0.0,0.0,0.0,0.1960745867728084,0.13725221074096586,0.019607458677280837,0.0,0.0,0.0,0.0,0.0,0.0,0.0,0.0,0.0,0.019607458677280837,0.0,0.9999803925413228,0.9999803925413228,0.9999803925413228,0.9999803925413228,0.9999803925413228,0.9999803925413228,0.9999803925413228,0.9999803925413228,0.9999803925413228,0.9999803925413228,0.9999803925413228,0.019607458677280837,0.9999803925413228,0.1960745867728084,0.1960745867728084,0.9999803925413228,0.9999803925413228,0.3529342561910551,0.5097939256093018,0.9999803925413228,0.05882237603184252,0.05882237603184252,0.05882237603184252,0.05882237603184252,0.05882237603184252,0.05882237603184252,0.05882237603184252,0.05882237603184252,0.7646908884139527,0.11764475206368503,0.9999803925413228,0.05882237603184252,0.9999803925413228,0.11764475206368503,0.11764475206368503,0.11764475206368503,0.7058685123821102,0.9999803925413228,0.9999803925413228,0.9999803925413228,0.9999803925413228,0.9999803925413228,0.9999803925413228,0.9999803925413228,0.9999803925413228,0.9999803925413228,0.9999803925413228,0.9999803925413228,0.9999803925413228,0.0,0.0,0.9999803925413228
NTRS,0.0,0.0,0.0,0.03333277778703688,0.0,0.9999833336111065,0.9999833336111065,0.03333277778703688,0.0,0.0,0.9999833336111065,0.0,0.0,0.9999833336111065,0.0,0.06666555557407376,0.0,0.6999883335277746,0.9999833336111065,0.6999883335277746,0.0,0.9999833336111065,0.9999833336111065,0.0,0.0,0.03333277778703688,0.03333277778703688,0.0,0.06666555557407376,0.49999166680555324,0.0,0.9999833336111065,0.01666638889351844,0.06666555557407376,0.049999166680555325,0.9999833336111065,0.9999833336111065,0.0,0.0,0.0,0.9999833336111065,0.18333027782870287,0.0,0.0,0.0,0.0,0.0,0.0,0.0,0.9999833336111065,0.0,0.9999833336111065,0.03333277778703688,0.03333277778703688,0.0,0.0,0.29999500008333196,0.0,0.0,0.9999833336111065,0.9999833336111065,0.9999833336111065,0.9999833336111065,0.9999833336111065,0.9999833336111065,0.03333277778703688,0.9999833336111065,0.9999833336111065,0.6999883335277746,0.9999833336111065,0.9999833336111065,0.9999833336111065,0.5999900001666639,0.9999833336111065,0.9999833336111065,0.9999833336111065,0.9999833336111065,0.0,0.06666555557407376,0.06666555557407376,0.2833286111898135,0.0,0.0,0.6833219446342561,0.9999833336111065,0.9999833336111065,0.9999833336111065,0.9999833336111065,0.9999833336111065,0.9999833336111065,0.9999833336111065,0.06666555557407376,0.0,0.24999583340277662,0.9999833336111065,0.9999833336111065,0.9999833336111065,0.9999833336111065,0.9999833336111065,0.9999833336111065,0.9999833336111065,0.9999833336111065,0.9999833336111065,0.0,0.0,0.9999833336111065
NUE,0.0,0.0,0.0,0.0,0.0,0.0,0.0,0.0,0.0,0.05263019394226468,0.0,0.0,0.0,0.999973684903029,0.0,0.07894529091339703,0.0,0.05263019394226468,0.05263019394226468,0.05263019394226468,0.05263019394226468,0.05263019394226468,0.05263019394226468,0.05263019394226468,0.05263019394226468,0.0,0.0,0.0,0.05263019394226468,0.0,0.0,0.999973684903029,0.02631509697113234,0.07894529091339703,0.07894529091339703,0.0,0.0,0.0,0.0,0.07894529091339703,0.07894529091339703,0.05263019394226468,0.0,0.0,0.0,0.0,0.0,0.0,0.0,0.0,0.0,0.0,0.0,0.02631509697113234,0.8157680061051026,0.7631378121628378,0.999973684903029,0.999973684903029,0.999973684903029,0.999973684903029,0.999973684903029,0.999973684903029,0.999973684903029,0.999973684903029,0.999973684903029,0.02631509697113234,0.999973684903029,0.999973684903029,0.1315754848556617,0.999973684903029,0.999973684903029,0.9210283939896319,0.6578774242783085,0.6052472303360438,0.05263019394226468,0.05263019394226468,0.05263019394226468,0.05263019394226468,0.07894529091339703,0.07894529091339703,0.05263019394226468,0.05263019394226468,0.05263019394226468,0.999973684903029,0.05263019394226468,0.05263019394226468,0.999973684903029,0.5263019394226468,0.5263019394226468,0.999973684903029,0.999973684903029,0.999973684903029,0.999973684903029,0.999973684903029,0.999973684903029,0.999973684903029,0.999973684903029,0.999973684903029,0.999973684903029,0.999973684903029,0.999973684903029,0.999973684903029,0.999973684903029,0.0,0.0,0.999973684903029
NVDA,0.0,0.0,0.0,0.0,0.0,0.0,0.0,0.0,0.0,0.03846079883079172,0.0,0.0,0.0,0.0,0.0,0.07692159766158344,0.0,0.30768639064633374,0.5769119824618758,0.30768639064633374,0.03846079883079172,0.03846079883079172,0.03846079883079172,0.03846079883079172,0.03846079883079172,0.0,0.0,0.0,0.0,0.0,0.0,0.0,0.03846079883079172,0.057691198246187576,0.057691198246187576,0.0,0.0,0.0,0.0,0.03846079883079172,0.0,0.2307647929847503,0.01923039941539586,0.0,0.0,0.01923039941539586,0.01923039941539586,0.0,0.0,0.0,0.0,0.0,0.01923039941539586,0.01923039941539586,0.9999807696005847,0.9999807696005847,0.9999807696005847,0.9999807696005847,0.9999807696005847,0.9999807696005847,0.9999807696005847,0.9999807696005847,0.9999807696005847,0.9999807696005847,0.9999807696005847,0.01923039941539586,0.9999807696005847,0.6538335801234592,0.30768639064633374,0.9999807696005847,0.9999807696005847,0.5961423818772716,0.6346031807080633,0.9999807696005847,0.03846079883079172,0.03846079883079172,0.03846079883079172,0.03846079883079172,0.09615199707697929,0.09615199707697929,0.03846079883079172,0.03846079883079172,0.24999519240014617,0.03846079883079172,0.9999807696005847,0.9999807696005847,0.9999807696005847,0.09615199707697929,0.09615199707697929,0.09615199707697929,0.6153727812926675,0.9999807696005847,0.9999807696005847,0.9999807696005847,0.9999807696005847,0.9999807696005847,0.9999807696005847,0.9999807696005847,0.9999807696005847,0.9999807696005847,0.9999807696005847,0.9999807696005847,0.9999807696005847,0.0,0.0,0.9999807696005847
NVR,0.0,0.0,0.0,0.03773513707288542,0.0,0.9999811324314636,0.9999811324314636,0.03773513707288542,0.0,0.03773513707288542,0.9999811324314636,0.0,0.0,0.9999811324314636,0.0,0.07547027414577084,0.0,0.9622459953585781,0.9999811324314636,0.9622459953585781,0.03773513707288542,0.9999811324314636,0.9999811324314636,0.6792324673119375,0.03773513707288542,0.9999811324314636,0.0,0.01886756853644271,0.056602705609328126,0.07547027414577084,0.0,0.9999811324314636,0.01886756853644271,0.09433784268221354,0.056602705609328126,0.9999811324314636,0.9999811324314636,0.0,0.0,0.9999811324314636,0.9999811324314636,0.9999811324314636,0.01886756853644271,0.01886756853644271,0.01886756853644271,0.01886756853644271,0.01886756853644271,0.0,0.0,0.0,0.0,0.2264108224373125,0.01886756853644271,0.01886756853644271,0.9999811324314636,0.9999811324314636,0.056602705609328126,0.9999811324314636,0.9999811324314636,0.9999811324314636,0.9999811324314636,0.9999811324314636,0.9999811324314636,0.9999811324314636,0.9999811324314636,0.01886756853644271,0.9999811324314636,0.0,0.9622459953585781,0.9999811324314636,0.9999811324314636,0.9999811324314636,0.584894624629724,0.584894624629724,0.9999811324314636,0.9999811324314636,0.9999811324314636,0.9999811324314636,0.9999811324314636,0.9999811324314636,0.6792324673119375,0.03773513707288542,0.03773513707288542,0.9999811324314636,0.9999811324314636,0.9999811324314636,0.9999811324314636,0.9999811324314636,0.9999811324314636,0.9999811324314636,0.9999811324314636,0.9999811324314636,0.9999811324314636,0.9999811324314636,0.9999811324314636,0.9999811324314636,0.9999811324314636,0.9999811324314636,0.9999811324314636,0.9999811324314636,0.9999811324314636,0.9999811324314636,0.9999811324314636,0.0,0.0,0.9999811324314636
NWSA,0.0,0.0,0.0,0.0,0.0,0.9999743596318044,0.9999743596318044,0.0,0.0,0.025640368195687293,0.9999743596318044,0.0,0.0,0.9999743596318044,0.0,0.0,0.0,0.20512294556549834,0.20512294556549834,0.20512294556549834,0.025640368195687293,0.025640368195687293,0.025640368195687293,0.0,0.025640368195687293,0.0,0.0,0.0,0.9999743596318044,0.0,0.0,0.9999743596318044,0.0,0.025640368195687293,0.025640368195687293,0.9999743596318044,0.9999743596318044,0.0,0.0,0.0,0.9999743596318044,0.0,0.0,0.025640368195687293,0.025640368195687293,0.025640368195687293,0.025640368195687293,0.0,0.0,0.0,0.0,0.0,0.0,0.0,0.9999743596318044,0.794851414066306,0.9999743596318044,0.9999743596318044,0.9999743596318044,0.9999743596318044,0.9999743596318044,0.9999743596318044,0.9999743596318044,0.9999743596318044,0.9999743596318044,0.025640368195687293,0.9999743596318044,0.9999743596318044,0.20512294556549834,0.9999743596318044,0.9999743596318044,0.9999743596318044,0.4615266275223712,0.4615266275223712,0.025640368195687293,0.025640368195687293,0.025640368195687293,0.025640368195687293,0.48716699571805855,0.48716699571805855,0.025640368195687293,0.025640368195687293,0.9999743596318044,0.9999743596318044,0.025640368195687293,0.9999743596318044,0.025640368195687293,0.025640368195687293,0.025640368195687293,0.9999743596318044,0.38460552293530936,0.9999743596318044,0.9999743596318044,0.9999743596318044,0.9999743596318044,0.9999743596318044,0.9999743596318044,0.9999743596318044,0.9999743596318044,0.9999743596318044,0.9999743596318044,0.9999743596318044,0.9999743596318044,0.0,0.0,0.9999743596318044
NXPI,0.0,0.0,0.0,0.0,0.0,0.0,0.0,0.0,0.0,0.039998400063997436,0.0,0.0,0.0,0.0,0.0,0.039998400063997436,0.0,0.039998400063997436,0.039998400063997436,0.039998400063997436,0.039998400063997436,0.039998400063997436,0.039998400063997436,0.039998400063997436,0.039998400063997436,0.039998400063997436,0.0,0.039998400063997436,0.039998400063997436,0.23999040038398464,0.23999040038398464,0.23999040038398464,0.23999040038398464,0.07999680012799487,0.07999680012799487,0.0,0.0,0.039998400063997436,0.0,0.0,0.9999600015999359,0.039998400063997436,0.039998400063997436,0.039998400063997436,0.039998400063997436,0.039998400063997436,0.0,0.0,0.0,0.0,0.039998400063997436,0.0,0.039998400063997436,0.039998400063997436,0.9999600015999359,0.8399664013439462,0.9999600015999359,0.9999600015999359,0.9999600015999359,0.9999600015999359,0.9999600015999359,0.9999600015999359,0.9999600015999359,0.9999600015999359,0.9999600015999359,0.039998400063997436,0.9999600015999359,0.0,0.039998400063997436,0.9999600015999359,0.9999600015999359,0.8399664013439462,0.2799888004479821,0.23999040038398464,0.039998400063997436,0.039998400063997436,0.039998400063997436,0.039998400063997436,0.039998400063997436,0.039998400063997436,0.039998400063997436,0.039998400063997436,0.039998400063997436,0.8799648014079436,0.039998400063997436,0.9999600015999359,0.9999600015999359,0.7999680012799487,0.9999600015999359,0.9999600015999359,0.9999600015999359,0.9999600015999359,0.9999600015999359,0.9999600015999359,0.9999600015999359,0.9999600015999359,0.9999600015999359,0.9999600015999359,0.9999600015999359,0.9999600015999359,0.9999600015999359,0.9999600015999359,0.9999600015999359,0.0,0.0,0.9999600015999359
O,0.0,0.0,0.0,0.20832899314597614,0.0,0.9999791671006855,0.9999791671006855,0.20832899314597614,0.0,0.020832899314597614,0.9999791671006855,0.0,0.0,0.9999791671006855,0.0,0.04166579862919523,0.2916605904043666,0.5833211808087332,0.6249869794379284,0.06249869794379284,0.020832899314597614,0.9999791671006855,0.9999791671006855,0.020832899314597614,0.020832899314597614,0.0,0.0,0.020832899314597614,0.08333159725839046,0.27082769108976895,0.0,0.9999791671006855,0.020832899314597614,0.3333263890335618,0.04166579862919523,0.9999791671006855,0.9999791671006855,0.0,0.0,0.6041540801233308,0.9999791671006855,0.6041540801233308,0.0,0.020832899314597614,0.0,0.020832899314597614,0.020832899314597614,0.0,0.0,0.9999791671006855,0.12499739588758568,0.0,0.020832899314597614,0.020832899314597614,0.9999791671006855,0.9999791671006855,0.9999791671006855,0.9999791671006855,0.9999791671006855,0.9999791671006855,0.9999791671006855,0.9999791671006855,0.9999791671006855,0.9999791671006855,0.0,0.0,0.9999791671006855,0.0,0.5833211808087332,0.9999791671006855,0.06249869794379284,0.6249869794379284,0.5624882814941355,0.5624882814941355,0.9999791671006855,0.9999791671006855,0.9999791671006855,0.9999791671006855,0.9999791671006855,0.9999791671006855,0.20832899314597614,0.9999791671006855,0.9999791671006855,0.9999791671006855,0.20832899314597614,0.9583133684714902,0.9999791671006855,0.9999791671006855,0.9999791671006855,0.9999791671006855,0.9999791671006855,0.8749817712130997,0.9999791671006855,0.9999791671006855,0.9999791671006855,0.9999791671006855,0.9999791671006855,0.020832899314597614,0.06249869794379284,0.9999791671006855,0.9999791671006855,0.9999791671006855,0.9999791671006855,0.0,0.0,0.9999791671006855
ODFL,0.0,0.0,0.0,0.45999080018399635,0.0,0.999980000399992,0.45999080018399635,0.45999080018399635,0.0,0.03999920001599968,0.0,0.0,0.0,0.999980000399992,0.0,0.05999880002399952,0.0,0.03999920001599968,0.6399872002559949,0.03999920001599968,0.03999920001599968,0.03999920001599968,0.03999920001599968,0.3399932001359973,0.03999920001599968,0.999980000399992,0.2999940001199976,0.0,0.0,0.4799904001919962,0.0,0.0,0.01999960000799984,0.4799904001919962,0.05999880002399952,0.999980000399992,0.999980000399992,0.0,0.0,0.0,0.999980000399992,0.7999840003199936,0.01999960000799984,0.01999960000799984,0.01999960000799984,0.01999960000799984,0.0,0.0,0.0,0.999980000399992,0.0,0.0,0.01999960000799984,0.01999960000799984,0.999980000399992,0.999980000399992,0.999980000399992,0.999980000399992,0.999980000399992,0.999980000399992,0.999980000399992,0.999980000399992,0.999980000399992,0.999980000399992,0.999980000399992,0.01999960000799984,0.999980000399992,0.999980000399992,0.03999920001599968,0.9799804003919922,0.7999840003199936,0.999980000399992,0.5399892002159957,0.999980000399992,0.03999920001599968,0.999980000399992,0.03999920001599968,0.03999920001599968,0.03999920001599968,0.03999920001599968,0.999980000399992,0.03999920001599968,0.999980000399992,0.999980000399992,0.999980000399992,0.6399872002559949,0.999980000399992,0.999980000399992,0.999980000399992,0.999980000399992,0.999980000399992,0.999980000399992,0.999980000399992,0.999980000399992,0.999980000399992,0.999980000399992,0.999980000399992,0.999980000399992,0.999980000399992,0.999980000399992,0.999980000399992,0.999980000399992,0.999980000399992,0.0,0.0,0.999980000399992
OKE,0.0,0.0,0.0,0.0,0.0,0.0,0.0,0.0,0.0,0.0,0.0,0.0,0.0,0.9999791671006855,0.0,0.020832899314597614,0.0,0.0,0.0,0.0,0.0,0.0,0.0,0.12499739588758568,0.0,0.9999791671006855,0.0,0.0,0.0,0.0,0.0,0.0,0.0,0.0,0.0,0.0,0.0,0.0,0.0,0.04166579862919523,0.9999791671006855,0.04166579862919523,0.0,0.0,0.0,0.0,0.0,0.0,0.0,0.0,0.0,0.0,0.0,0.0,0.9999791671006855,0.9999791671006855,0.8541488718985022,0.9999791671006855,0.9999791671006855,0.9999791671006855,0.9999791671006855,0.9999791671006855,0.9999791671006855,0.9999791671006855,0.9999791671006855,0.0,0.9999791671006855,0.0,0.22916189246057375,0.9999791671006855,0.8749817712130997,0.8333159725839046,0.8958146705276974,0.8749817712130997,0.0,0.0,0.0,0.0,0.0,0.0,0.12499739588758568,0.0,0.0,0.4583237849211475,0.27082769108976895,0.9999791671006855,0.9999791671006855,0.5624882814941355,0.5624882814941355,0.5624882814941355,0.5416553821795379,0.9999791671006855,0.9999791671006855,0.9999791671006855,0.9999791671006855,0.9999791671006855,0.9999791671006855,0.9999791671006855,0.9999791671006855,0.9999791671006855,0.9999791671006855,0.9999791671006855,0.9999791671006855,0.0,0.0,0.9999791671006855
OMC,0.0,0.0,0.0,0.0,0.0,0.40383838772331304,0.0,0.0,0.0,0.01923039941539586,0.0,0.0,0.0,0.9999807696005847,0.0,0.057691198246187576,0.0,0.17307359473856274,0.01923039941539586,0.01923039941539586,0.01923039941539586,0.01923039941539586,0.01923039941539586,0.01923039941539586,0.01923039941539586,0.40383838772331304,0.0,0.0,0.0,0.01923039941539586,0.01923039941539586,0.01923039941539586,0.01923039941539586,0.03846079883079172,0.03846079883079172,0.40383838772331304,0.40383838772331304,0.01923039941539586,0.0,0.0,0.0,0.0,0.0,0.0,0.0,0.0,0.0,0.0,0.0,0.9999807696005847,0.01923039941539586,0.01923039941539586,0.0,0.0,0.9999807696005847,0.9999807696005847,0.5769119824618758,0.9999807696005847,0.9999807696005847,0.9999807696005847,0.9999807696005847,0.9999807696005847,0.9999807696005847,0.9999807696005847,0.9999807696005847,0.0,0.9999807696005847,0.9999807696005847,0.17307359473856274,0.9999807696005847,0.11538239649237515,0.9230591719390012,0.6346031807080633,0.6346031807080633,0.01923039941539586,0.9999807696005847,0.01923039941539586,0.17307359473856274,0.01923039941539586,0.17307359473856274,0.01923039941539586,0.01923039941539586,0.01923039941539586,0.01923039941539586,0.01923039941539586,0.09615199707697929,0.9999807696005847,0.5192207842156882,0.5192207842156882,0.9999807696005847,0.9615199707697929,0.9999807696005847,0.9999807696005847,0.9999807696005847,0.9999807696005847,0.9999807696005847,0.9999807696005847,0.9999807696005847,0.9999807696005847,0.9999807696005847,0.9999807696005847,0.9999807696005847,0.9999807696005847,0.0,0.0,0.9999807696005847
ON,0.0,0.0,0.0,0.0,0.0,0.0,0.0,0.0,0.0,0.05555452676802282,0.0,0.03703635117868188,0.03703635117868188,0.03703635117868188,0.0,0.09259087794670469,0.0,0.05555452676802282,0.07407270235736375,0.05555452676802282,0.05555452676802282,0.05555452676802282,0.05555452676802282,0.05555452676802282,0.05555452676802282,0.03703635117868188,0.03703635117868188,0.0,0.03703635117868188,0.01851817558934094,0.01851817558934094,0.03703635117868188,0.05555452676802282,0.05555452676802282,0.05555452676802282,0.03703635117868188,0.0,0.0,0.03703635117868188,0.03703635117868188,0.03703635117868188,0.03703635117868188,0.03703635117868188,0.0,0.03703635117868188,0.0,0.0,0.03703635117868188,0.03703635117868188,0.03703635117868188,0.03703635117868188,0.03703635117868188,0.0,0.0,0.9999814818244107,0.9999814818244107,0.9999814818244107,0.9999814818244107,0.9999814818244107,0.9999814818244107,0.9999814818244107,0.9999814818244107,0.9999814818244107,0.9999814818244107,0.9999814818244107,0.03703635117868188,0.9999814818244107,0.09259087794670469,0.09259087794670469,0.9999814818244107,0.9999814818244107,0.9999814818244107,0.59258161885891,0.6481361456269329,0.05555452676802282,0.05555452676802282,0.05555452676802282,0.05555452676802282,0.1481454047147275,0.1481454047147275,0.05555452676802282,0.05555452676802282,0.05555452676802282,0.9999814818244107,0.05555452676802282,0.4629543897335235,0.9999814818244107,0.296290809429455,0.296290809429455,0.8888724282883651,0.7962815503416604,0.9999814818244107,0.9999814818244107,0.9999814818244107,0.9999814818244107,0.9999814818244107,0.9999814818244107,0.9999814818244107,0.9999814818244107,0.9999814818244107,0.9999814818244107,0.9999814818244107,0.9999814818244107,0.0,0.0,0.9999814818244107
ORCL,0.0,0.0,0.0,0.0,0.0,0.44826813330804643,0.0,0.0,0.12068757435216634,0.17241082050309478,0.0,0.0,0.0,0.05172324615092844,0.0,0.08620541025154739,0.0,0.9137773486664024,0.18965190255340425,0.18965190255340425,0.05172324615092844,0.05172324615092844,0.05172324615092844,0.05172324615092844,0.05172324615092844,0.0,0.0,0.0,0.0,0.0,0.20689298460371375,0.0,0.0,0.05172324615092844,0.05172324615092844,0.44826813330804643,0.44826813330804643,0.0,0.0,0.6379200358614507,0.05172324615092844,0.0,0.0,0.0,0.017241082050309477,0.0,0.0,0.0,0.0,0.44826813330804643,0.0,0.0,0.017241082050309477,0.0,0.9999827589179497,0.9999827589179497,0.2930983948552611,0.9999827589179497,0.9999827589179497,0.9999827589179497,0.9999827589179497,0.9999827589179497,0.9999827589179497,0.9999827589179497,0.9999827589179497,0.017241082050309477,0.9999827589179497,0.9999827589179497,0.9137773486664024,0.3793038051068085,0.9999827589179497,0.7068843640626886,0.5517146256099033,0.8792951845657834,0.05172324615092844,0.05172324615092844,0.05172324615092844,0.05172324615092844,0.12068757435216634,0.12068757435216634,0.12068757435216634,0.05172324615092844,0.9999827589179497,0.05172324615092844,0.05172324615092844,0.9999827589179497,0.9999827589179497,0.05172324615092844,0.05172324615092844,0.12068757435216634,0.5517146256099033,0.9999827589179497,0.9999827589179497,0.9999827589179497,0.9999827589179497,0.9999827589179497,0.9999827589179497,0.9999827589179497,0.9999827589179497,0.9999827589179497,0.9999827589179497,0.9999827589179497,0.9999827589179497,0.0,0.0,0.9999827589179497
ORLY,0.0,0.0,0.0,0.0,0.0,0.0,0.0,0.0,0.3584838021924115,0.4150865078017396,0.0,0.0,0.0,0.9999811324314636,0.0,0.07547027414577084,0.0,0.056602705609328126,0.5282919190203959,0.056602705609328126,0.056602705609328126,0.056602705609328126,0.056602705609328126,0.0,0.056602705609328126,0.0,0.0,0.0,0.9999811324314636,0.0,0.0,0.0,0.0,0.056602705609328126,0.056602705609328126,0.0,0.0,0.0,0.0,0.0,0.9999811324314636,0.0,0.01886756853644271,0.01886756853644271,0.01886756853644271,0.01886756853644271,0.01886756853644271,0.0,0.0,0.0,0.0,0.0,0.01886756853644271,0.01886756853644271,0.8301730156034792,0.9999811324314636,0.5660270560932813,0.9999811324314636,0.9999811324314636,0.9999811324314636,0.9999811324314636,0.9999811324314636,0.9999811324314636,0.9999811324314636,0.9999811324314636,0.01886756853644271,0.9999811324314636,0.056602705609328126,0.452821644874625,0.9999811324314636,0.9999811324314636,0.9999811324314636,0.5094243504839532,0.9999811324314636,0.056602705609328126,0.056602705609328126,0.056602705609328126,0.056602705609328126,0.056602705609328126,0.056602705609328126,0.1509405482915417,0.056602705609328126,0.9999811324314636,0.056602705609328126,0.9999811324314636,0.9999811324314636,0.9999811324314636,0.9999811324314636,0.9999811324314636,0.9999811324314636,0.9999811324314636,0.9999811324314636,0.9999811324314636,0.9999811324314636,0.9999811324314636,0.9999811324314636,0.9999811324314636,0.9999811324314636,0.9999811324314636,0.9999811324314636,0.9999811324314636,0.9999811324314636,0.9999811324314636,0.0,0.0,0.9999811324314636
OTIS,0.0,0.0,0.0,0.0,0.0,0.7999600019998999,0.0,0.0,0.9499525023748812,0.9499525023748812,0.0,0.0,0.0,0.0,0.0,0.09999500024998749,0.0,0.0,0.0,0.0,0.0,0.0,0.0,0.0,0.0,0.0,0.0,0.0,0.999950002499875,0.0,0.0,0.0,0.0,0.0,0.0,0.999950002499875,0.7999600019998999,0.0,0.0,0.0,0.999950002499875,0.0,0.0,0.0,0.0,0.0,0.0,0.0,0.0,0.0,0.0,0.0,0.0,0.0,0.999950002499875,0.19999000049997498,0.999950002499875,0.999950002499875,0.999950002499875,0.999950002499875,0.999950002499875,0.999950002499875,0.999950002499875,0.999950002499875,0.999950002499875,0.0,0.999950002499875,0.999950002499875,0.0,0.999950002499875,0.999950002499875,0.0,0.0,0.999950002499875,0.0,0.0,0.0,0.0,0.0,0.0,0.0,0.0,0.14999250037498124,0.6999650017499125,0.0,0.999950002499875,0.999950002499875,0.0,0.0,0.0,0.0,0.999950002499875,0.999950002499875,0.999950002499875,0.999950002499875,0.999950002499875,0.999950002499875,0.999950002499875,0.999950002499875,0.999950002499875,0.999950002499875,0.999950002499875,0.999950002499875,0.0,0.0,0.999950002499875
OXY,0.0,0.0,0.0,0.0,0.0,0.5454446282794858,0.5454446282794858,0.0,0.018181487609316194,0.018181487609316194,0.5454446282794858,0.0,0.0,0.9999818185123908,0.0,0.018181487609316194,0.0,0.0,0.05454446282794859,0.0,0.0,0.0,0.0,0.9272558680751259,0.0,0.5999890911074345,0.0,0.0,0.0,0.0,0.0,0.9999818185123908,0.0,0.018181487609316194,0.018181487609316194,0.5454446282794858,0.5454446282794858,0.0,0.0,0.0,0.9999818185123908,0.9999818185123908,0.0,0.0,0.0,0.0,0.0,0.0,0.0,0.0,0.0,0.0,0.0,0.0,0.9999818185123908,0.9999818185123908,0.9999818185123908,0.9999818185123908,0.9999818185123908,0.9999818185123908,0.9999818185123908,0.9999818185123908,0.9999818185123908,0.9999818185123908,0.9999818185123908,0.0,0.0,0.0,0.10908892565589717,0.8908928928564935,0.9999818185123908,0.9636188432937584,0.6181705787167506,0.6181705787167506,0.0,0.0,0.0,0.18181487609316194,0.18181487609316194,0.18181487609316194,0.8727114052471774,0.0,0.0,0.5999890911074345,0.25454082653042676,0.9999818185123908,0.4545371902329049,0.8727114052471774,0.9999818185123908,0.9999818185123908,0.8908928928564935,0.9999818185123908,0.9999818185123908,0.9999818185123908,0.9999818185123908,0.9999818185123908,0.9999818185123908,0.9999818185123908,0.9999818185123908,0.9999818185123908,0.9999818185123908,0.9999818185123908,0.9999818185123908,0.0,0.0,0.9999818185123908
PANW,0.0,0.0,0.0,0.0,0.0,0.0,0.0,0.0,0.07316894709885126,0.07316894709885126,0.0,0.0,0.0,0.0,0.0,0.09755859613180166,0.0,0.29267578839540503,0.9999756103509672,0.29267578839540503,0.07316894709885126,0.07316894709885126,0.07316894709885126,0.09755859613180166,0.07316894709885126,0.0,0.0,0.024389649032950416,0.07316894709885126,0.0,0.0,0.0,0.0,0.07316894709885126,0.07316894709885126,0.0,0.0,0.04877929806590083,0.0,0.0,0.878027365186215,0.07316894709885126,0.024389649032950416,0.0,0.024389649032950416,0.024389649032950416,0.024389649032950416,0.0,0.0,0.9999756103509672,0.0,0.0,0.024389649032950416,0.024389649032950416,0.9999756103509672,0.9999756103509672,0.9999756103509672,0.9999756103509672,0.9999756103509672,0.9999756103509672,0.9999756103509672,0.9999756103509672,0.9999756103509672,0.9999756103509672,0.9999756103509672,0.024389649032950416,0.9999756103509672,0.0,0.29267578839540503,0.9999756103509672,0.9999756103509672,0.9999756103509672,0.4146240335601571,0.9999756103509672,0.07316894709885126,0.8292480671203142,0.07316894709885126,0.07316894709885126,0.07316894709885126,0.07316894709885126,0.09755859613180166,0.07316894709885126,0.9999756103509672,0.07316894709885126,0.9999756103509672,0.3170654374283554,0.3170654374283554,0.07316894709885126,0.07316894709885126,0.07316894709885126,0.3170654374283554,0.9999756103509672,0.9999756103509672,0.9999756103509672,0.9999756103509672,0.9999756103509672,0.9999756103509672,0.9999756103509672,0.9999756103509672,0.9999756103509672,0.9999756103509672,0.9999756103509672,0.9999756103509672,0.0,0.0,0.9999756103509672
PAYX,0.0,0.0,0.0,0.0,0.31914214591178913,0.5106274334588626,0.0,0.31914214591178913,0.31914214591178913,0.06382842918235783,0.0,0.0,0.0,0.9999787238569393,0.0,0.08510457224314377,0.0,0.5319035765196486,0.42552286121571886,0.42552286121571886,0.06382842918235783,0.06382842918235783,0.06382842918235783,0.06382842918235783,0.06382842918235783,0.0,0.0,0.0,0.2978660028510032,0.0,0.42552286121571886,0.0,0.0,0.06382842918235783,0.4680751473372907,0.5106274334588626,0.5106274334588626,0.0,0.0,0.0,0.9999787238569393,0.06382842918235783,0.0,0.0,0.021276143060785943,0.021276143060785943,0.021276143060785943,0.0,0.0,0.9999787238569393,0.0,0.0,0.021276143060785943,0.021276143060785943,0.9999787238569393,0.9999787238569393,0.0,0.9999787238569393,0.9999787238569393,0.9999787238569393,0.9999787238569393,0.9999787238569393,0.9999787238569393,0.9999787238569393,0.9999787238569393,0.021276143060785943,0.9999787238569393,0.1489330014255016,0.5531797195804344,0.9999787238569393,0.9999787238569393,0.9999787238569393,0.5744558626412204,0.9999787238569393,0.5744558626412204,0.9999787238569393,0.06382842918235783,0.06382842918235783,0.1489330014255016,0.1489330014255016,0.06382842918235783,0.06382842918235783,0.9999787238569393,0.9999787238569393,0.9999787238569393,0.9999787238569393,0.9999787238569393,0.06382842918235783,0.06382842918235783,0.9999787238569393,0.702112721005936,0.9999787238569393,0.9999787238569393,0.9999787238569393,0.9999787238569393,0.9999787238569393,0.9999787238569393,0.9999787238569393,0.9999787238569393,0.9999787238569393,0.9999787238569393,0.9999787238569393,0.9999787238569393,0.0,0.0,0.9999787238569393
PCAR,0.0,0.0,0.0,0.06122324034203384,0.0,0.775494377665762,0.775494377665762,0.06122324034203384,0.0,0.06122324034203384,0.775494377665762,0.0,0.0,0.775494377665762,0.0,0.08163098712271179,0.32652394849084715,0.9999795922532194,0.9999795922532194,0.8163098712271178,0.06122324034203384,0.9999795922532194,0.9999795922532194,0.18366972102610152,0.06122324034203384,0.775494377665762,0.06122324034203384,0.06122324034203384,0.9999795922532194,0.08163098712271179,0.020407746780677947,0.9999795922532194,0.040815493561355894,0.10203873390338973,0.06122324034203384,0.775494377665762,0.775494377665762,0.0,0.0,0.0,0.9999795922532194,0.9999795922532194,0.0,0.0,0.06122324034203384,0.0,0.0,0.0,0.0,0.0,0.0,0.0,0.06122324034203384,0.06122324034203384,0.9999795922532194,0.9999795922532194,0.0,0.9999795922532194,0.9999795922532194,0.9999795922532194,0.9999795922532194,0.9999795922532194,0.9999795922532194,0.9999795922532194,0.9999795922532194,0.06122324034203384,0.9999795922532194,0.32652394849084715,0.9999795922532194,0.9999795922532194,0.8163098712271178,0.9999795922532194,0.5510091630783045,0.5510091630783045,0.9999795922532194,0.8163098712271178,0.9999795922532194,0.06122324034203384,0.9999795922532194,0.9999795922532194,0.9999795922532194,0.06122324034203384,0.10203873390338973,0.6122324034203384,0.9999795922532194,0.9999795922532194,0.9999795922532194,0.2653007081488133,0.9999795922532194,0.9999795922532194,0.9999795922532194,0.9999795922532194,0.9999795922532194,0.9999795922532194,0.9999795922532194,0.9999795922532194,0.9999795922532194,0.9999795922532194,0.9999795922532194,0.9999795922532194,0.9999795922532194,0.9999795922532194,0.9999795922532194,0.0,0.0,0.9999795922532194
PCG,0.0,0.0,0.0,0.0,0.0,0.999980000399992,0.0,0.0,0.0,0.05999880002399952,0.0,0.0,0.0,0.999980000399992,0.0,0.07999840003199936,0.0,0.05999880002399952,0.05999880002399952,0.05999880002399952,0.05999880002399952,0.05999880002399952,0.05999880002399952,0.999980000399992,0.05999880002399952,0.999980000399992,0.05999880002399952,0.03999920001599968,0.0,0.01999960000799984,0.01999960000799984,0.01999960000799984,0.03999920001599968,0.05999880002399952,0.05999880002399952,0.999980000399992,0.999980000399992,0.0,0.0,0.0,0.0,0.999980000399992,0.0,0.03999920001599968,0.0,0.03999920001599968,0.0,0.0,0.0,0.0,0.0,0.0,0.03999920001599968,0.03999920001599968,0.999980000399992,0.999980000399992,0.6799864002719946,0.999980000399992,0.999980000399992,0.999980000399992,0.999980000399992,0.999980000399992,0.999980000399992,0.999980000399992,0.999980000399992,0.03999920001599968,0.999980000399992,0.999980000399992,0.6999860002799945,0.999980000399992,0.999980000399992,0.7799844003119938,0.619987600247995,0.8399832003359933,0.05999880002399952,0.05999880002399952,0.3399932001359973,0.21999560008799826,0.11999760004799905,0.21999560008799826,0.9199816003679927,0.05999880002399952,0.7999840003199936,0.5199896002079959,0.05999880002399952,0.999980000399992,0.999980000399992,0.999980000399992,0.999980000399992,0.999980000399992,0.999980000399992,0.999980000399992,0.999980000399992,0.879982400351993,0.999980000399992,0.999980000399992,0.999980000399992,0.999980000399992,0.999980000399992,0.999980000399992,0.999980000399992,0.05999880002399952,0.05999880002399952,0.0,0.0,0.999980000399992
PEG,0.0,0.0,0.0,0.0,0.0,0.5282919190203959,0.0,0.0,0.0,0.0,0.0,0.0,0.0,0.9999811324314636,0.0,0.01886756853644271,0.0,0.0,0.0,0.0,0.0,0.0,0.0,0.24527839097375523,0.0,0.9999811324314636,0.0,0.0,0.0,0.0,0.0,0.0,0.0,0.01886756853644271,0.01886756853644271,0.5282919190203959,0.5282919190203959,0.0,0.0,0.32074866511952604,0.32074866511952604,0.4150865078017396,0.0,0.0,0.0,0.0,0.0,0.0,0.0,0.9999811324314636,0.9999811324314636,0.9999811324314636,0.0,0.0,0.9999811324314636,0.9999811324314636,0.6414973302390521,0.9999811324314636,0.9999811324314636,0.9999811324314636,0.9999811324314636,0.9999811324314636,0.9999811324314636,0.9999811324314636,0.6792324673119375,0.0,0.9999811324314636,0.3018810965830834,0.056602705609328126,0.9999811324314636,0.9999811324314636,0.0,0.6414973302390521,0.9999811324314636,0.0,0.8867757212128073,0.0,0.8490405841399219,0.8490405841399219,0.8490405841399219,0.11320541121865625,0.0,0.0,0.7924378785305938,0.4150865078017396,0.9999811324314636,0.0,0.9999811324314636,0.9999811324314636,0.9999811324314636,0.9999811324314636,0.9999811324314636,0.9999811324314636,0.9999811324314636,0.9999811324314636,0.9999811324314636,0.9999811324314636,0.9999811324314636,0.9999811324314636,0.9999811324314636,0.9999811324314636,0.0,0.0,0.0,0.0,0.9999811324314636
PEP,0.0,0.0,0.0,0.0,0.0,0.0,0.0,0.0,0.0,0.0,0.0,0.0,0.0,0.0,0.0,0.040815493561355894,0.0,0.0,0.0,0.0,0.0,0.0,0.0,0.0,0.0,0.0,0.0,0.0,0.0,0.0,0.0,0.0,0.0,0.020407746780677947,0.020407746780677947,0.0,0.0,0.0,0.0,0.0,0.7959021244464399,0.0,0.0,0.0,0.020407746780677947,0.0,0.0,0.0,0.0,0.0,0.0,0.0,0.020407746780677947,0.020407746780677947,0.9999795922532194,0.9999795922532194,0.9999795922532194,0.9999795922532194,0.9999795922532194,0.9999795922532194,0.9999795922532194,0.9999795922532194,0.9999795922532194,0.9999795922532194,0.9999795922532194,0.020407746780677947,0.9999795922532194,0.0,0.040815493561355894,0.9999795922532194,0.9999795922532194,0.12244648068406767,0.5714169098589825,0.9999795922532194,0.9999795922532194,0.0,0.0,0.0,0.0,0.0,0.0,0.0,0.2653007081488133,0.387747188832881,0.0,0.0,0.9999795922532194,0.9999795922532194,0.9999795922532194,0.9999795922532194,0.9999795922532194,0.9999795922532194,0.9999795922532194,0.9999795922532194,0.9999795922532194,0.9999795922532194,0.9999795922532194,0.9999795922532194,0.9999795922532194,0.9999795922532194,0.9999795922532194,0.9999795922532194,0.9999795922532194,0.0,0.0,0.9999795922532194
PFE,0.0,0.0,0.0,0.11538239649237515,0.0,0.11538239649237515,0.11538239649237515,0.11538239649237515,0.0,0.03846079883079172,0.11538239649237515,0.0,0.0,0.0,0.0,0.09615199707697929,0.0,0.03846079883079172,0.03846079883079172,0.03846079883079172,0.03846079883079172,0.03846079883079172,0.03846079883079172,0.03846079883079172,0.03846079883079172,0.0,0.0,0.0,0.03846079883079172,0.17307359473856274,0.0,0.9999807696005847,0.01923039941539586,0.19230399415395857,0.057691198246187576,0.0,0.11538239649237515,0.0,0.0,0.0,0.269225591815542,0.15384319532316687,0.01923039941539586,0.0,0.01923039941539586,0.0,0.0,0.0,0.0,0.0,0.0,0.0,0.0,0.01923039941539586,0.9999807696005847,0.8461375742774178,0.9999807696005847,0.9999807696005847,0.9999807696005847,0.9999807696005847,0.9999807696005847,0.9999807696005847,0.9999807696005847,0.9999807696005847,0.9999807696005847,0.01923039941539586,0.9999807696005847,0.0,0.6922943789542509,0.9999807696005847,0.9999807696005847,0.3269167900617296,0.538451183631084,0.9999807696005847,0.03846079883079172,0.03846079883079172,0.03846079883079172,0.03846079883079172,0.09615199707697929,0.09615199707697929,0.03846079883079172,0.03846079883079172,0.03846079883079172,0.134612795907771,0.03846079883079172,0.24999519240014617,0.19230399415395857,0.6730639795388551,0.6730639795388551,0.9999807696005847,0.8461375742774178,0.9999807696005847,0.9999807696005847,0.9999807696005847,0.9999807696005847,0.9999807696005847,0.9999807696005847,0.9999807696005847,0.9999807696005847,0.9999807696005847,0.9999807696005847,0.9999807696005847,0.9999807696005847,0.0,0.0,0.9999807696005847
PFG,0.0,0.0,0.0,0.01851817558934094,0.01851817558934094,0.9999814818244107,0.9999814818244107,0.01851817558934094,0.01851817558934094,0.03703635117868188,0.9999814818244107,0.01851817558934094,0.01851817558934094,0.9999814818244107,0.0,0.05555452676802282,0.01851817558934094,0.03703635117868188,0.03703635117868188,0.03703635117868188,0.03703635117868188,0.9999814818244107,0.9999814818244107,0.03703635117868188,0.03703635117868188,0.9999814818244107,0.01851817558934094,0.03703635117868188,0.9999814818244107,0.03703635117868188,0.03703635117868188,0.9999814818244107,0.11110905353604564,0.03703635117868188,0.03703635117868188,0.9999814818244107,0.9999814818244107,0.03703635117868188,0.01851817558934094,0.9999814818244107,0.9999814818244107,0.20369993148275034,0.01851817558934094,0.01851817558934094,0.01851817558934094,0.01851817558934094,0.01851817558934094,0.01851817558934094,0.01851817558934094,0.9999814818244107,0.01851817558934094,0.9999814818244107,0.03703635117868188,0.03703635117868188,0.9999814818244107,0.9999814818244107,0.3888816873761597,0.9999814818244107,0.9999814818244107,0.01851817558934094,0.9999814818244107,0.01851817558934094,0.01851817558934094,0.01851817558934094,0.9999814818244107,0.03703635117868188,0.9999814818244107,0.9999814818244107,0.03703635117868188,0.9999814818244107,0.9999814818244107,0.9999814818244107,0.5185089165015463,0.5185089165015463,0.9999814818244107,0.9999814818244107,0.9999814818244107,0.49999074091220536,0.9999814818244107,0.9999814818244107,0.03703635117868188,0.03703635117868188,0.03703635117868188,0.9999814818244107,0.03703635117868188,0.9999814818244107,0.9999814818244107,0.9999814818244107,0.9999814818244107,0.9999814818244107,0.9999814818244107,0.7777633747523194,0.9999814818244107,0.31480898501879595,0.9999814818244107,0.2407362826614322,0.01851817558934094,0.9999814818244107,0.9999814818244107,0.9999814818244107,0.9999814818244107,0.9999814818244107,0.9999814818244107,0.0,0.0,0.9999814818244107
PG,0.0,0.0,0.0,0.0,0.0,0.0,0.0,0.0,0.0,0.0,0.0,0.0,0.0,0.16326197424542357,0.0,0.08163098712271179,0.0,0.0,0.0,0.0,0.0,0.0,0.0,0.0,0.0,0.0,0.0,0.020407746780677947,0.0,0.020407746780677947,0.020407746780677947,0.020407746780677947,0.020407746780677947,0.06122324034203384,0.06122324034203384,0.0,0.0,0.0,0.0,0.775494377665762,0.16326197424542357,0.0,0.0,0.0,0.020407746780677947,0.0,0.0,0.0,0.0,0.0,0.0,0.0,0.020407746780677947,0.020407746780677947,0.9999795922532194,0.9999795922532194,0.9999795922532194,0.9999795922532194,0.9999795922532194,0.9999795922532194,0.9999795922532194,0.9999795922532194,0.9999795922532194,0.9999795922532194,0.9999795922532194,0.020407746780677947,0.9999795922532194,0.08163098712271179,0.755086630885084,0.9999795922532194,0.9999795922532194,0.08163098712271179,0.6938633905430501,0.9999795922532194,0.0,0.0,0.0,0.0,0.0,0.0,0.0,0.0,0.0,0.08163098712271179,0.0,0.9999795922532194,0.9999795922532194,0.9999795922532194,0.9999795922532194,0.9999795922532194,0.9999795922532194,0.9999795922532194,0.9999795922532194,0.9999795922532194,0.9999795922532194,0.9999795922532194,0.9999795922532194,0.9999795922532194,0.9999795922532194,0.9999795922532194,0.9999795922532194,0.9999795922532194,0.9999795922532194,0.0,0.0,0.9999795922532194
PGR,0.0,0.0,0.0,0.0,0.0,0.9999791671006855,0.9999791671006855,0.0,0.0,0.0,0.9999791671006855,0.0,0.0,0.9999791671006855,0.0,0.020832899314597614,0.0,0.4791566842357451,0.7083185766963188,0.0,0.0,0.9999791671006855,0.9999791671006855,0.37499218766275705,0.0,0.9999791671006855,0.8749817712130997,0.0,0.9999791671006855,0.0,0.0,0.9999791671006855,0.0,0.0,0.0,0.9999791671006855,0.9999791671006855,0.0,0.0,0.0,0.9999791671006855,0.4166579862919523,0.0,0.0,0.0,0.0,0.0,0.0,0.0,0.9999791671006855,0.9999791671006855,0.0,0.0,0.0,0.0,0.9999791671006855,0.9999791671006855,0.9999791671006855,0.9999791671006855,0.0,0.0,0.0,0.0,0.0,0.9999791671006855,0.0,0.9999791671006855,0.9999791671006855,0.4791566842357451,0.3541592883481594,0.9999791671006855,0.9999791671006855,0.5624882814941355,0.9999791671006855,0.9999791671006855,0.9999791671006855,0.9999791671006855,0.0,0.0,0.0,0.4791566842357451,0.0,0.9999791671006855,0.49998958355034273,0.8333159725839046,0.0,0.9999791671006855,0.9999791671006855,0.9999791671006855,0.9999791671006855,0.9999791671006855,0.9999791671006855,0.9999791671006855,0.9999791671006855,0.9999791671006855,0.18749609383137852,0.0,0.9999791671006855,0.9999791671006855,0.9999791671006855,0.9999791671006855,0.9999791671006855,0.9999791671006855,0.0,0.0,0.9999791671006855
PH,0.0,0.0,0.0,0.0,0.0,0.0,0.0,0.0,0.0,0.0,0.0,0.0,0.0,0.0,0.0,0.08163098712271179,0.0,0.06122324034203384,0.06122324034203384,0.06122324034203384,0.0,0.06122324034203384,0.06122324034203384,0.0,0.0,0.0,0.0,0.0,0.0,0.0,0.0,0.12244648068406767,0.0,0.06122324034203384,0.06122324034203384,0.0,0.0,0.0,0.0,0.0,0.9999795922532194,0.14285422746474563,0.0,0.0,0.020407746780677947,0.0,0.0,0.0,0.0,0.0,0.0,0.0,0.020407746780677947,0.0,0.9999795922532194,0.9999795922532194,0.9999795922532194,0.9999795922532194,0.9999795922532194,0.9999795922532194,0.9999795922532194,0.9999795922532194,0.9999795922532194,0.9999795922532194,0.9999795922532194,0.020407746780677947,0.9999795922532194,0.9999795922532194,0.06122324034203384,0.9999795922532194,0.9999795922532194,0.12244648068406767,0.6734556437623722,0.755086630885084,0.7142711373237282,0.06122324034203384,0.06122324034203384,0.06122324034203384,0.06122324034203384,0.06122324034203384,0.06122324034203384,0.06122324034203384,0.06122324034203384,0.14285422746474563,0.06122324034203384,0.34693169527152506,0.9999795922532194,0.5918246566396604,0.5918246566396604,0.5918246566396604,0.5918246566396604,0.9999795922532194,0.9999795922532194,0.9999795922532194,0.9999795922532194,0.9999795922532194,0.9999795922532194,0.9999795922532194,0.9999795922532194,0.9999795922532194,0.9999795922532194,0.9999795922532194,0.9999795922532194,0.0,0.0,0.9999795922532194
PHM,0.0,0.0,0.0,0.0,0.0,0.9999807696005847,0.9999807696005847,0.0,0.0,0.03846079883079172,0.9999807696005847,0.0,0.0,0.9999807696005847,0.0,0.07692159766158344,0.0,0.7499855772004385,0.9999807696005847,0.269225591815542,0.03846079883079172,0.9999807696005847,0.9999807696005847,0.538451183631084,0.03846079883079172,0.0,0.0,0.01923039941539586,0.057691198246187576,0.0,0.0,0.9999807696005847,0.01923039941539586,0.057691198246187576,0.057691198246187576,0.9999807696005847,0.9999807696005847,0.0,0.0,0.9999807696005847,0.6153727812926675,0.03846079883079172,0.0,0.0,0.0,0.01923039941539586,0.01923039941539586,0.0,0.0,0.0,0.9999807696005847,0.0,0.0,0.01923039941539586,0.9999807696005847,0.9999807696005847,0.8653679736928136,0.9999807696005847,0.9999807696005847,0.9999807696005847,0.9999807696005847,0.9999807696005847,0.9999807696005847,0.9999807696005847,0.40383838772331304,0.01923039941539586,0.9999807696005847,0.9999807696005847,0.7499855772004385,0.9999807696005847,0.269225591815542,0.9999807696005847,0.5961423818772716,0.9999807696005847,0.3653775888925213,0.9999807696005847,0.9999807696005847,0.07692159766158344,0.07692159766158344,0.07692159766158344,0.03846079883079172,0.03846079883079172,0.9999807696005847,0.09615199707697929,0.9999807696005847,0.9999807696005847,0.9999807696005847,0.5192207842156882,0.9999807696005847,0.9999807696005847,0.9999807696005847,0.9999807696005847,0.9999807696005847,0.7884463760312302,0.9999807696005847,0.9999807696005847,0.9999807696005847,0.9999807696005847,0.9999807696005847,0.9999807696005847,0.9999807696005847,0.9999807696005847,0.9999807696005847,0.0,0.0,0.9999807696005847
PKG,0.0,0.0,0.0,0.0,0.0,0.0,0.0,0.0,0.0,0.0,0.0,0.0,0.0,0.1999955556543188,0.0,0.06666518521810627,0.0,0.0,0.11110864203017712,0.0,0.0,0.0,0.0,0.0,0.0,0.0,0.0,0.0,0.9999777782715941,0.0,0.0,0.0,0.0,0.022221728406035424,0.022221728406035424,0.0,0.0,0.0,0.0,0.0,0.9999777782715941,0.0888869136241417,0.0,0.0,0.0,0.0,0.0,0.0,0.0,0.0,0.0,0.0,0.0,0.0,0.9999777782715941,0.4888780249327793,0.9999777782715941,0.9999777782715941,0.9999777782715941,0.9999777782715941,0.9999777782715941,0.9999777782715941,0.9999777782715941,0.9999777782715941,0.9999777782715941,0.0,0.9999777782715941,0.0,0.0888869136241417,0.9999777782715941,0.9999777782715941,0.9999777782715941,0.5110997533388147,0.5110997533388147,0.0,0.0,0.0,0.0,0.0888869136241417,0.0888869136241417,0.0,0.0,0.7110953089931336,0.9999777782715941,0.8666474078353815,0.9999777782715941,0.9999777782715941,0.9999777782715941,0.9999777782715941,0.9999777782715941,0.9999777782715941,0.9999777782715941,0.9999777782715941,0.6666518521810627,0.9999777782715941,0.9999777782715941,0.9999777782715941,0.9999777782715941,0.9999777782715941,0.9999777782715941,0.9999777782715941,0.9999777782715941,0.9999777782715941,0.0,0.0,0.9999777782715941
PLD,0.0,0.0,0.0,0.4166579862919523,0.0,0.9999791671006855,0.4166579862919523,0.4166579862919523,0.0,0.020832899314597614,0.0,0.0,0.0,0.9999791671006855,0.0,0.0,0.0,0.08333159725839046,0.9999791671006855,0.08333159725839046,0.020832899314597614,0.9999791671006855,0.9999791671006855,0.8958146705276974,0.020832899314597614,0.0,0.0,0.0,0.0,0.4166579862919523,0.0,0.0,0.0,0.4166579862919523,0.04166579862919523,0.9999791671006855,0.9999791671006855,0.0,0.0,0.020832899314597614,0.9999791671006855,0.9999791671006855,0.0,0.0,0.0,0.0,0.0,0.0,0.0,0.9999791671006855,0.9999791671006855,0.9999791671006855,0.0,0.0,0.9999791671006855,0.9999791671006855,0.9999791671006855,0.9999791671006855,0.9999791671006855,0.9999791671006855,0.9999791671006855,0.9999791671006855,0.9999791671006855,0.9999791671006855,0.27082769108976895,0.0,0.9999791671006855,0.5833211808087332,0.08333159725839046,0.9999791671006855,0.9999791671006855,0.9999791671006855,0.4791566842357451,0.9999791671006855,0.9999791671006855,0.9999791671006855,0.9999791671006855,0.4791566842357451,0.9999791671006855,0.9999791671006855,0.12499739588758568,0.020832899314597614,0.9999791671006855,0.020832899314597614,0.020832899314597614,0.9999791671006855,0.9999791671006855,0.12499739588758568,0.9999791671006855,0.9999791671006855,0.9999791671006855,0.9999791671006855,0.9999791671006855,0.9999791671006855,0.9999791671006855,0.9999791671006855,0.9999791671006855,0.020832899314597614,0.020832899314597614,0.9999791671006855,0.9999791671006855,0.9999791671006855,0.9999791671006855,0.0,0.0,0.9999791671006855
PLTR,0.0,0.0,0.0,0.0,0.0,0.0,0.0,0.0,0.0555524693072607,0.0555524693072607,0.0,0.0,0.0,0.0,0.0,0.0,0.0,0.555524693072607,0.9999444475306927,0.555524693072607,0.0555524693072607,0.0555524693072607,0.0555524693072607,0.7777345703016498,0.0555524693072607,0.0,0.0,0.0,0.2777623465363035,0.0,0.0,0.0,0.0555524693072607,0.0555524693072607,0.0555524693072607,0.0,0.0,0.0,0.0,0.0,0.0,0.49997222376534634,0.0,0.0,0.0,0.0,0.0,0.0,0.0,0.9999444475306927,0.0,0.0,0.0,0.0,0.9999444475306927,0.9999444475306927,0.9999444475306927,0.9999444475306927,0.9999444475306927,0.9999444475306927,0.9999444475306927,0.9999444475306927,0.9999444475306927,0.9999444475306927,0.9999444475306927,0.0,0.9999444475306927,0.0,0.9999444475306927,0.9999444475306927,0.9999444475306927,0.9999444475306927,0.0555524693072607,0.9999444475306927,0.0555524693072607,0.9999444475306927,0.0555524693072607,0.0555524693072607,0.0555524693072607,0.0555524693072607,0.2777623465363035,0.0555524693072607,0.7777345703016498,0.555524693072607,0.2777623465363035,0.9999444475306927,0.9999444475306927,0.0,0.0555524693072607,0.0555524693072607,0.0555524693072607,0.9999444475306927,0.9999444475306927,0.9999444475306927,0.9999444475306927,0.9999444475306927,0.9999444475306927,0.9999444475306927,0.9999444475306927,0.9999444475306927,0.9999444475306927,0.9999444475306927,0.9999444475306927,0.0,0.0,0.9999444475306927
PM,0.0,0.0,0.0,0.0,0.0,0.0,0.0,0.0,0.7646908884139527,0.8039058057685143,0.0,0.0,0.0,0.039214917354561674,0.0,0.0980372933864042,0.0,0.039214917354561674,0.039214917354561674,0.039214917354561674,0.039214917354561674,0.039214917354561674,0.039214917354561674,0.039214917354561674,0.039214917354561674,0.7058685123821102,0.7450834297366719,0.0,0.039214917354561674,0.0,0.0,0.0,0.019607458677280837,0.05882237603184252,0.05882237603184252,0.0,0.0,0.039214917354561674,0.0,0.039214917354561674,0.039214917354561674,0.05882237603184252,0.0,0.0,0.0,0.0,0.0,0.0,0.0,0.0,0.0,0.0,0.019607458677280837,0.0,0.9999803925413228,0.0980372933864042,0.9999803925413228,0.9999803925413228,0.9999803925413228,0.9999803925413228,0.9999803925413228,0.9999803925413228,0.9999803925413228,0.9999803925413228,0.9999803925413228,0.019607458677280837,0.9999803925413228,0.7842983470912336,0.11764475206368503,0.9999803925413228,0.9999803925413228,0.43136409090017847,0.5686163016411443,0.6274386776729868,0.039214917354561674,0.039214917354561674,0.039214917354561674,0.23528950412737007,0.23528950412737007,0.23528950412737007,0.039214917354561674,0.039214917354561674,0.039214917354561674,0.9999803925413228,0.039214917354561674,0.9999803925413228,0.6274386776729868,0.9999803925413228,0.9999803925413228,0.9999803925413228,0.9999803925413228,0.9999803925413228,0.9999803925413228,0.9999803925413228,0.9999803925413228,0.9999803925413228,0.9999803925413228,0.9999803925413228,0.9999803925413228,0.9999803925413228,0.9999803925413228,0.9999803925413228,0.9999803925413228,0.0,0.0,0.9999803925413228
PNC,0.0,0.0,0.0,0.0,0.0,0.9999821431760147,0.9999821431760147,0.0,0.0,0.01785682398528598,0.9999821431760147,0.0,0.0,0.9999821431760147,0.0,0.07142729594114391,0.0,0.803557079337869,0.7142729594114391,0.5178478955732934,0.01785682398528598,0.9999821431760147,0.9999821431760147,0.01785682398528598,0.01785682398528598,0.0,0.4285637756468635,0.01785682398528598,0.07142729594114391,0.053570471955857936,0.053570471955857936,0.9999821431760147,0.12499776789700184,0.03571364797057196,0.03571364797057196,0.9999821431760147,0.9999821431760147,0.0,0.0,0.14285459188228783,0.9999821431760147,0.7142729594114391,0.0,0.0,0.01785682398528598,0.01785682398528598,0.01785682398528598,0.0,0.0,0.9999821431760147,0.9999821431760147,0.9999821431760147,0.01785682398528598,0.01785682398528598,0.0,0.0,0.17856823985285977,0.0,0.0,0.9999821431760147,0.9999821431760147,0.9999821431760147,0.9999821431760147,0.9999821431760147,0.6249888394850093,0.01785682398528598,0.9999821431760147,0.1607114158675738,0.803557079337869,0.9999821431760147,0.9999821431760147,0.7142729594114391,0.6071320154997233,0.9464116712201568,0.9999821431760147,0.9999821431760147,0.9999821431760147,0.08928411992642989,0.08928411992642989,0.08928411992642989,0.4821342476027214,0.01785682398528598,0.01785682398528598,0.2499955357940037,0.01785682398528598,0.9999821431760147,0.9999821431760147,0.9999821431760147,0.9999821431760147,0.9999821431760147,0.9999821431760147,0.01785682398528598,0.01785682398528598,0.1607114158675738,0.857127551293727,0.9999821431760147,0.9999821431760147,0.9999821431760147,0.9999821431760147,0.9999821431760147,0.9999821431760147,0.9999821431760147,0.9999821431760147,0.0,0.0,0.9999821431760147
PNR,0.0,0.0,0.0,0.01999960000799984,0.01999960000799984,0.01999960000799984,0.01999960000799984,0.01999960000799984,0.01999960000799984,0.01999960000799984,0.01999960000799984,0.01999960000799984,0.01999960000799984,0.01999960000799984,0.0,0.0999980000399992,0.0,0.01999960000799984,0.07999840003199936,0.01999960000799984,0.01999960000799984,0.01999960000799984,0.01999960000799984,0.01999960000799984,0.01999960000799984,0.01999960000799984,0.01999960000799984,0.01999960000799984,0.2999940001199976,0.03999920001599968,0.05999880002399952,0.03999920001599968,0.05999880002399952,0.05999880002399952,0.05999880002399952,0.01999960000799984,0.01999960000799984,0.01999960000799984,0.01999960000799984,0.01999960000799984,0.4799904001919962,0.41999160016799664,0.01999960000799984,0.01999960000799984,0.03999920001599968,0.01999960000799984,0.01999960000799984,0.01999960000799984,0.01999960000799984,0.01999960000799984,0.01999960000799984,0.01999960000799984,0.03999920001599968,0.03999920001599968,0.999980000399992,0.2399952000959981,0.5399892002159957,0.999980000399992,0.999980000399992,0.999980000399992,0.999980000399992,0.999980000399992,0.999980000399992,0.999980000399992,0.999980000399992,0.03999920001599968,0.999980000399992,0.999980000399992,0.21999560008799826,0.15999680006399872,0.999980000399992,0.45999080018399635,0.5799884002319954,0.999980000399992,0.999980000399992,0.01999960000799984,0.01999960000799984,0.01999960000799984,0.1399972000559989,0.1399972000559989,0.01999960000799984,0.01999960000799984,0.7399852002959941,0.999980000399992,0.5999880002399952,0.999980000399992,0.999980000399992,0.45999080018399635,0.6399872002559949,0.9199816003679927,0.9199816003679927,0.999980000399992,0.999980000399992,0.999980000399992,0.999980000399992,0.2999940001199976,0.999980000399992,0.999980000399992,0.999980000399992,0.999980000399992,0.999980000399992,0.999980000399992,0.999980000399992,0.0,0.0,0.999980000399992
PNW,0.0,0.0,0.0,0.0,0.0,0.4615295859695006,0.0,0.0,0.0,0.03846079883079172,0.0,0.0,0.0,0.9999807696005847,0.0,0.057691198246187576,0.0,0.03846079883079172,0.03846079883079172,0.03846079883079172,0.03846079883079172,0.03846079883079172,0.03846079883079172,0.9999807696005847,0.03846079883079172,0.9999807696005847,0.03846079883079172,0.03846079883079172,0.0,0.0,0.0,0.0,0.01923039941539586,0.057691198246187576,0.057691198246187576,0.4615295859695006,0.4615295859695006,0.0,0.0,0.4615295859695006,0.03846079883079172,0.057691198246187576,0.0,0.03846079883079172,0.0,0.0,0.0,0.0,0.0,0.0,0.0,0.0,0.03846079883079172,0.03846079883079172,0.9999807696005847,0.9999807696005847,0.5192207842156882,0.9999807696005847,0.9999807696005847,0.9999807696005847,0.9999807696005847,0.9999807696005847,0.9999807696005847,0.9999807696005847,0.9999807696005847,0.03846079883079172,0.9999807696005847,0.0,0.7115247783696468,0.9999807696005847,0.9999807696005847,0.8461375742774178,0.538451183631084,0.9999807696005847,0.9999807696005847,0.9999807696005847,0.03846079883079172,0.03846079883079172,0.03846079883079172,0.03846079883079172,0.03846079883079172,0.03846079883079172,0.03846079883079172,0.9999807696005847,0.03846079883079172,0.9999807696005847,0.9999807696005847,0.48075998538489645,0.48075998538489645,0.48075998538489645,0.9999807696005847,0.9999807696005847,0.9999807696005847,0.9999807696005847,0.9999807696005847,0.9999807696005847,0.9999807696005847,0.9999807696005847,0.9999807696005847,0.9999807696005847,0.9999807696005847,0.03846079883079172,0.03846079883079172,0.0,0.0,0.9999807696005847
PODD,0.0,0.0,0.0,0.0,0.0,0.0,0.0,0.0,0.0,0.04545351242017227,0.0,0.0,0.0,0.0,0.0,0.09090702484034455,0.0,0.04545351242017227,0.3181745869412059,0.04545351242017227,0.04545351242017227,0.04545351242017227,0.04545351242017227,0.04545351242017227,0.04545351242017227,0.0,0.0,0.0,0.0,0.022726756210086137,0.022726756210086137,0.022726756210086137,0.04545351242017227,0.04545351242017227,0.04545351242017227,0.0,0.0,0.4318083679916366,0.09090702484034455,0.0,0.3863548555714643,0.04545351242017227,0.0,0.0,0.0,0.0,0.0,0.0,0.0,0.0,0.0681802686302584,0.5908956614622395,0.0,0.0,0.7272561987227564,0.7272561987227564,0.0,0.9999772732437899,0.9999772732437899,0.9999772732437899,0.9999772732437899,0.9999772732437899,0.9999772732437899,0.9999772732437899,0.9999772732437899,0.0,0.9999772732437899,0.0,0.09090702484034455,0.9999772732437899,0.9999772732437899,0.9999772732437899,0.5908956614622395,0.8181632235631009,0.1363605372605168,0.04545351242017227,0.04545351242017227,0.1363605372605168,0.1818140496806891,0.1818140496806891,0.04545351242017227,0.04545351242017227,0.9090702484034454,0.0681802686302584,0.9999772732437899,0.9999772732437899,0.659075930092498,0.04545351242017227,0.04545351242017227,0.5227153928319811,0.7727097111429286,0.9999772732437899,0.9999772732437899,0.9999772732437899,0.9999772732437899,0.9999772732437899,0.9999772732437899,0.9999772732437899,0.9999772732437899,0.9999772732437899,0.9999772732437899,0.9999772732437899,0.9999772732437899,0.0,0.0,0.9999772732437899
PPG,0.0,0.0,0.0,0.0,0.0,0.49999074091220536,0.07407270235736375,0.0,0.0,0.03703635117868188,0.07407270235736375,0.0,0.0,0.0,0.0,0.03703635117868188,0.0,0.03703635117868188,0.03703635117868188,0.03703635117868188,0.03703635117868188,0.03703635117868188,0.03703635117868188,0.03703635117868188,0.03703635117868188,0.0,0.03703635117868188,0.0,0.0,0.01851817558934094,0.01851817558934094,0.1481454047147275,0.03703635117868188,0.03703635117868188,0.03703635117868188,0.49999074091220536,0.49999074091220536,0.03703635117868188,0.0,0.07407270235736375,0.03703635117868188,0.03703635117868188,0.0,0.0,0.03703635117868188,0.03703635117868188,0.03703635117868188,0.0,0.0,0.0,0.0,0.0,0.03703635117868188,0.0,0.9999814818244107,0.12962722912538657,0.4814725653228644,0.9999814818244107,0.9999814818244107,0.9999814818244107,0.9999814818244107,0.9999814818244107,0.9999814818244107,0.9999814818244107,0.9999814818244107,0.03703635117868188,0.9999814818244107,0.9999814818244107,0.07407270235736375,0.9999814818244107,0.9999814818244107,0.9999814818244107,0.5740634432695692,0.5740634432695692,0.03703635117868188,0.03703635117868188,0.03703635117868188,0.03703635117868188,0.03703635117868188,0.03703635117868188,0.03703635117868188,0.03703635117868188,0.03703635117868188,0.9999814818244107,0.03703635117868188,0.07407270235736375,0.03703635117868188,0.9999814818244107,0.9999814818244107,0.9999814818244107,0.9999814818244107,0.9999814818244107,0.9999814818244107,0.9999814818244107,0.9999814818244107,0.9999814818244107,0.9999814818244107,0.9999814818244107,0.9999814818244107,0.9999814818244107,0.9999814818244107,0.9999814818244107,0.9999814818244107,0.0,0.0,0.9999814818244107
PPL,0.0,0.0,0.0,0.0,0.0,0.9999811324314636,0.0,0.0,0.0,0.0,0.0,0.0,0.0,0.9999811324314636,0.0,0.03773513707288542,0.0,0.0,0.0,0.0,0.0,0.0,0.0,0.0,0.0,0.9999811324314636,0.11320541121865625,0.0,0.0,0.0,0.0,0.0,0.0,0.0,0.0,0.9999811324314636,0.9999811324314636,0.0,0.0,0.0,0.8301730156034792,0.9999811324314636,0.0,0.0,0.0,0.0,0.0,0.0,0.0,0.13207297975509896,0.0,0.0,0.0,0.0,0.9999811324314636,0.9999811324314636,0.5471594875568385,0.9999811324314636,0.9999811324314636,0.9999811324314636,0.9999811324314636,0.9999811324314636,0.9999811324314636,0.9999811324314636,0.6037621931661667,0.0,0.9999811324314636,0.9999811324314636,0.18867568536442708,0.9999811324314636,0.9999811324314636,0.9999811324314636,0.9999811324314636,0.8301730156034792,0.0,0.0,0.0,0.056602705609328126,0.0,0.0,0.0,0.0,0.6792324673119375,0.90564328974925,0.49055678194751046,0.584894624629724,0.6037621931661667,0.49055678194751046,0.9999811324314636,0.9999811324314636,0.9999811324314636,0.9999811324314636,0.9999811324314636,0.9999811324314636,0.9999811324314636,0.9999811324314636,0.9999811324314636,0.9999811324314636,0.9999811324314636,0.9999811324314636,0.9999811324314636,0.0,0.056602705609328126,0.0,0.0,0.9999811324314636
PRU,0.0,0.0,0.0,0.01851817558934094,0.01851817558934094,0.9999814818244107,0.9999814818244107,0.01851817558934094,0.01851817558934094,0.01851817558934094,0.9999814818244107,0.01851817558934094,0.01851817558934094,0.9999814818244107,0.0,0.03703635117868188,0.0,0.01851817558934094,0.01851817558934094,0.01851817558934094,0.01851817558934094,0.9999814818244107,0.9999814818244107,0.01851817558934094,0.01851817558934094,0.2407362826614322,0.01851817558934094,0.01851817558934094,0.1481454047147275,0.01851817558934094,0.01851817558934094,0.9999814818244107,0.01851817558934094,0.01851817558934094,0.01851817558934094,0.9999814818244107,0.9999814818244107,0.4259180385548416,0.01851817558934094,0.3518453361974778,0.9999814818244107,0.11110905353604564,0.01851817558934094,0.01851817558934094,0.01851817558934094,0.01851817558934094,0.01851817558934094,0.01851817558934094,0.01851817558934094,0.9999814818244107,0.9999814818244107,0.9999814818244107,0.01851817558934094,0.01851817558934094,0.9999814818244107,0.9999814818244107,0.9999814818244107,0.9999814818244107,0.9999814818244107,0.01851817558934094,0.9999814818244107,0.01851817558934094,0.01851817558934094,0.01851817558934094,0.907390603877706,0.01851817558934094,0.9999814818244107,0.5185089165015463,0.9999814818244107,0.9999814818244107,0.9999814818244107,0.8333179015203422,0.5740634432695692,0.9999814818244107,0.9999814818244107,0.9999814818244107,0.9999814818244107,0.9999814818244107,0.9999814818244107,0.9999814818244107,0.05555452676802282,0.01851817558934094,0.01851817558934094,0.01851817558934094,0.01851817558934094,0.6851724968056148,0.9999814818244107,0.9999814818244107,0.9999814818244107,0.9999814818244107,0.9999814818244107,0.9999814818244107,0.9999814818244107,0.01851817558934094,0.9999814818244107,0.05555452676802282,0.01851817558934094,0.9999814818244107,0.9999814818244107,0.9999814818244107,0.9999814818244107,0.9999814818244107,0.9999814818244107,0.0,0.0,0.9999814818244107
PSA,0.0,0.0,0.0,0.0,0.0,0.7115247783696468,0.49999038480029234,0.0,0.0,0.03846079883079172,0.49999038480029234,0.0,0.0,0.9999807696005847,0.0,0.07692159766158344,0.0,0.40383838772331304,0.9230591719390012,0.03846079883079172,0.03846079883079172,0.9999807696005847,0.9999807696005847,0.03846079883079172,0.03846079883079172,0.0,0.3653775888925213,0.01923039941539586,0.0,0.0,0.0,0.6153727812926675,0.01923039941539586,0.057691198246187576,0.057691198246187576,0.7115247783696468,0.7115247783696468,0.0,0.5192207842156882,0.5192207842156882,0.9999807696005847,0.19230399415395857,0.01923039941539586,0.0,0.0,0.01923039941539586,0.01923039941539586,0.0,0.0,0.9999807696005847,0.9999807696005847,0.9999807696005847,0.01923039941539586,0.01923039941539586,0.9999807696005847,0.9999807696005847,0.9999807696005847,0.9999807696005847,0.9999807696005847,0.9999807696005847,0.9999807696005847,0.9999807696005847,0.9999807696005847,0.9999807696005847,0.4422991865541048,0.01923039941539586,0.9999807696005847,0.3653775888925213,0.40383838772331304,0.9999807696005847,0.5192207842156882,0.9999807696005847,0.9038287725236054,0.9999807696005847,0.9999807696005847,0.9999807696005847,0.9999807696005847,0.9999807696005847,0.9999807696005847,0.9999807696005847,0.269225591815542,0.03846079883079172,0.9999807696005847,0.03846079883079172,0.03846079883079172,0.9999807696005847,0.9999807696005847,0.9999807696005847,0.9999807696005847,0.9999807696005847,0.9999807696005847,0.9999807696005847,0.9999807696005847,0.9999807696005847,0.9999807696005847,0.9999807696005847,0.9999807696005847,0.03846079883079172,0.03846079883079172,0.9999807696005847,0.9999807696005847,0.9999807696005847,0.9999807696005847,0.0,0.0,0.9999807696005847
PSKY,0.0,0.0,0.0,0.7498125468632841,0.7498125468632841,0.9997500624843788,0.7498125468632841,0.7498125468632841,0.9997500624843788,0.2499375156210947,0.7498125468632841,0.7498125468632841,0.7498125468632841,0.9997500624843788,0.0,0.0,0.0,0.0,0.0,0.0,0.0,0.0,0.0,0.0,0.0,0.7498125468632841,0.7498125468632841,0.0,0.7498125468632841,0.2499375156210947,0.2499375156210947,0.2499375156210947,0.2499375156210947,0.7498125468632841,0.7498125468632841,0.9997500624843788,0.9997500624843788,0.0,0.7498125468632841,0.7498125468632841,0.7498125468632841,0.7498125468632841,0.0,0.0,0.0,0.0,0.0,0.7498125468632841,0.7498125468632841,0.9997500624843788,0.9997500624843788,0.7498125468632841,0.0,0.0,0.9997500624843788,0.9997500624843788,0.7498125468632841,0.9997500624843788,0.9997500624843788,0.9997500624843788,0.9997500624843788,0.9997500624843788,0.9997500624843788,0.9997500624843788,0.7498125468632841,0.0,0.9997500624843788,0.9997500624843788,0.0,0.9997500624843788,0.0,0.0,0.2499375156210947,0.0,0.0,0.9997500624843788,0.0,0.0,0.2499375156210947,0.2499375156210947,0.0,0.0,0.0,0.9997500624843788,0.0,0.9997500624843788,0.9997500624843788,0.0,0.0,0.9997500624843788,0.2499375156210947,0.9997500624843788,0.9997500624843788,0.9997500624843788,0.9997500624843788,0.9997500624843788,0.9997500624843788,0.9997500624843788,0.9997500624843788,0.9997500624843788,0.9997500624843788,0.9997500624843788,0.9997500624843788,0.0,0.0,0.9997500624843788
PSX,0.0,0.0,0.0,0.0,0.0,0.3863548555714643,0.3863548555714643,0.0,0.0,0.0,0.3863548555714643,0.0,0.0,0.0,0.0,0.0681802686302584,0.0,0.0681802686302584,0.0681802686302584,0.0681802686302584,0.0,0.0681802686302584,0.0681802686302584,0.0681802686302584,0.0,0.0,0.0,0.022726756210086137,0.0,0.0,0.0,0.9999772732437899,0.0,0.0681802686302584,0.0681802686302584,0.3863548555714643,0.3863548555714643,0.0,0.0,0.3181745869412059,0.3863548555714643,0.3181745869412059,0.0,0.0,0.0,0.022726756210086137,0.022726756210086137,0.0,0.0,0.0,0.0,0.0,0.0,0.022726756210086137,0.9999772732437899,0.9999772732437899,0.9999772732437899,0.9999772732437899,0.9999772732437899,0.9999772732437899,0.9999772732437899,0.9999772732437899,0.9999772732437899,0.9999772732437899,0.9999772732437899,0.022726756210086137,0.9999772732437899,0.5227153928319811,0.0681802686302584,0.3636280993613782,0.9999772732437899,0.6136224176723256,0.5227153928319811,0.5227153928319811,0.29544783073111974,0.0681802686302584,0.3181745869412059,0.47726188041180884,0.47726188041180884,0.47726188041180884,0.0681802686302584,0.0681802686302584,0.0681802686302584,0.9999772732437899,0.0681802686302584,0.9999772732437899,0.9999772732437899,0.5454421490420672,0.9999772732437899,0.9999772732437899,0.6363491738824117,0.9999772732437899,0.9999772732437899,0.9999772732437899,0.9999772732437899,0.9999772732437899,0.9999772732437899,0.9999772732437899,0.9999772732437899,0.9999772732437899,0.9999772732437899,0.9999772732437899,0.9999772732437899,0.0,0.0,0.9999772732437899
PTC,0.0,0.0,0.0,0.0,0.0,0.0,0.0,0.0,0.0,0.021276143060785943,0.0,0.0,0.0,0.0,0.0,0.042552286121571886,0.0,0.5319035765196486,0.6808365779451502,0.5319035765196486,0.021276143060785943,0.021276143060785943,0.021276143060785943,0.021276143060785943,0.021276143060785943,0.0,0.0,0.0,0.0,0.0,0.0,0.0,0.021276143060785943,0.042552286121571886,0.042552286121571886,0.0,0.0,0.0,0.0,0.0,0.4042467181549329,0.1489330014255016,0.021276143060785943,0.0,0.0,0.021276143060785943,0.021276143060785943,0.0,0.0,0.9999787238569393,0.0,0.0,0.021276143060785943,0.0,0.9999787238569393,0.9999787238569393,0.1489330014255016,0.9999787238569393,0.9999787238569393,0.9999787238569393,0.9999787238569393,0.9999787238569393,0.9999787238569393,0.9999787238569393,0.9999787238569393,0.021276143060785943,0.9999787238569393,0.0,0.5319035765196486,0.7659411501882939,0.9999787238569393,0.9999787238569393,0.5957320057020064,0.9999787238569393,0.021276143060785943,0.9999787238569393,0.021276143060785943,0.021276143060785943,0.08510457224314377,0.08510457224314377,0.021276143060785943,0.021276143060785943,0.9999787238569393,0.1489330014255016,0.9999787238569393,0.9999787238569393,0.9999787238569393,0.021276143060785943,0.021276143060785943,0.021276143060785943,0.5531797195804344,0.9999787238569393,0.9999787238569393,0.7659411501882939,0.9999787238569393,0.9999787238569393,0.9999787238569393,0.9999787238569393,0.9999787238569393,0.9999787238569393,0.9999787238569393,0.9999787238569393,0.9999787238569393,0.0,0.0,0.9999787238569393
PWR,0.0,0.0,0.0,0.5094243504839532,0.0,0.5094243504839532,0.5094243504839532,0.5094243504839532,0.0,0.0,0.0,0.0,0.0,0.9999811324314636,0.0,0.01886756853644271,0.0,0.16980811682798438,0.18867568536442708,0.11320541121865625,0.0,0.0,0.0,0.0,0.0,0.0,0.0,0.0,0.0,0.5094243504839532,0.0,0.0,0.0,0.5471594875568385,0.0,0.0,0.0,0.0,0.0,0.0,0.0,0.0,0.0,0.0,0.0,0.0,0.0,0.0,0.0,0.0,0.0,0.0,0.0,0.0,0.9999811324314636,0.9999811324314636,0.0,0.9999811324314636,0.9999811324314636,0.9999811324314636,0.9999811324314636,0.9999811324314636,0.9999811324314636,0.9999811324314636,0.9999811324314636,0.0,0.9999811324314636,0.9999811324314636,0.16980811682798438,0.9999811324314636,0.9999811324314636,0.9999811324314636,0.6226297617026094,0.6226297617026094,0.0,0.0,0.0,0.32074866511952604,0.32074866511952604,0.2264108224373125,0.0,0.0,0.0,0.9999811324314636,0.0,0.9999811324314636,0.9245108582856928,0.11320541121865625,0.11320541121865625,0.6414973302390521,0.5660270560932813,0.9999811324314636,0.9999811324314636,0.9999811324314636,0.9999811324314636,0.6037621931661667,0.9999811324314636,0.9999811324314636,0.7735703099941511,0.9999811324314636,0.9999811324314636,0.9999811324314636,0.9999811324314636,0.0,0.0,0.9999811324314636
PYPL,0.0,0.0,0.0,0.0,0.0,0.9999714293877319,0.0,0.0,0.0,0.05714122453644182,0.0,0.0,0.0,0.5999828576326391,0.0,0.08571183680466272,0.0,0.31427673495043,0.8571183680466273,0.31427673495043,0.05714122453644182,0.05714122453644182,0.05714122453644182,0.0,0.05714122453644182,0.0,0.0,0.0,0.17142367360932545,0.0,0.0,0.0,0.02857061226822091,0.05714122453644182,0.05714122453644182,0.9999714293877319,0.9999714293877319,0.0,0.0,0.22856489814576728,0.9999714293877319,0.0,0.0,0.0,0.0,0.0,0.0,0.0,0.0,0.9999714293877319,0.0,0.0,0.0,0.0,0.9999714293877319,0.9999714293877319,0.5999828576326391,0.9999714293877319,0.9999714293877319,0.9999714293877319,0.9999714293877319,0.9999714293877319,0.9999714293877319,0.9999714293877319,0.9999714293877319,0.0,0.9999714293877319,0.0,0.971400817119511,0.9999714293877319,0.62855346990086,0.9999714293877319,0.31427673495043,0.7714065312419646,0.05714122453644182,0.9999714293877319,0.05714122453644182,0.05714122453644182,0.05714122453644182,0.05714122453644182,0.05714122453644182,0.05714122453644182,0.08571183680466272,0.31427673495043,0.62855346990086,0.05714122453644182,0.05714122453644182,0.9999714293877319,0.9999714293877319,0.9999714293877319,0.9999714293877319,0.9999714293877319,0.9999714293877319,0.8571183680466273,0.9999714293877319,0.9999714293877319,0.9999714293877319,0.9999714293877319,0.9999714293877319,0.9999714293877319,0.9999714293877319,0.9999714293877319,0.9999714293877319,0.0,0.0,0.9999714293877319
Q,0.0,0.0,0.0,0.0,0.0,0.0,0.0,0.0,0.0,0.0,0.0,0.0,0.0,0.0,0.0,0.6664445184938355,0.0,0.0,0.0,0.0,0.0,0.0,0.0,0.0,0.0,0.0,0.0,0.0,0.0,0.0,0.0,0.9996667777407531,0.33322225924691773,0.33322225924691773,0.33322225924691773,0.0,0.0,0.0,0.0,0.0,0.0,0.0,0.0,0.0,0.0,0.0,0.0,0.0,0.0,0.9996667777407531,0.0,0.0,0.0,0.0,0.9996667777407531,0.9996667777407531,0.9996667777407531,0.9996667777407531,0.9996667777407531,0.9996667777407531,0.9996667777407531,0.9996667777407531,0.9996667777407531,0.9996667777407531,0.9996667777407531,0.0,0.9996667777407531,0.0,0.0,0.9996667777407531,0.9996667777407531,0.9996667777407531,0.0,0.9996667777407531,0.0,0.0,0.0,0.9996667777407531,0.9996667777407531,0.0,0.0,0.0,0.9996667777407531,0.0,0.0,0.9996667777407531,0.9996667777407531,0.0,0.0,0.0,0.9996667777407531,0.9996667777407531,0.9996667777407531,0.9996667777407531,0.9996667777407531,0.9996667777407531,0.9996667777407531,0.9996667777407531,0.9996667777407531,0.9996667777407531,0.9996667777407531,0.9996667777407531,0.9996667777407531,0.0,0.0,0.9996667777407531
QCOM,0.0,0.0,0.0,0.0,0.0,0.0,0.0,0.0,0.0,0.01886756853644271,0.0,0.0,0.0,0.0,0.0,0.09433784268221354,0.0,0.3584838021924115,0.24527839097375523,0.24527839097375523,0.01886756853644271,0.01886756853644271,0.01886756853644271,0.01886756853644271,0.01886756853644271,0.0,0.0,0.01886756853644271,0.01886756853644271,0.0,0.0,0.0,0.01886756853644271,0.056602705609328126,0.056602705609328126,0.0,0.0,0.0,0.0,0.09433784268221354,0.9999811324314636,0.01886756853644271,0.0,0.0,0.0,0.01886756853644271,0.01886756853644271,0.0,0.0,0.0,0.0,0.0,0.01886756853644271,0.01886756853644271,0.9999811324314636,0.9999811324314636,0.9999811324314636,0.9999811324314636,0.9999811324314636,0.9999811324314636,0.9999811324314636,0.9999811324314636,0.9999811324314636,0.9999811324314636,0.9999811324314636,0.01886756853644271,0.9999811324314636,0.3584838021924115,0.3584838021924115,0.43395407633818234,0.9999811324314636,0.6603648987754949,0.5660270560932813,0.9999811324314636,0.01886756853644271,0.01886756853644271,0.01886756853644271,0.01886756853644271,0.09433784268221354,0.09433784268221354,0.01886756853644271,0.01886756853644271,0.9999811324314636,0.01886756853644271,0.584894624629724,0.9999811324314636,0.9999811324314636,0.01886756853644271,0.01886756853644271,0.01886756853644271,0.7358351729212657,0.9999811324314636,0.9999811324314636,0.9999811324314636,0.9999811324314636,0.9999811324314636,0.9999811324314636,0.9999811324314636,0.9999811324314636,0.9999811324314636,0.9999811324314636,0.9999811324314636,0.9999811324314636,0.0,0.0,0.9999811324314636
RCL,0.0,0.0,0.0,0.0,0.0,0.0,0.0,0.0,0.0,0.0,0.0,0.0,0.0,0.9999803925413228,0.0,0.039214917354561674,0.0,0.0,0.23528950412737007,0.0,0.0,0.0,0.0,0.0,0.0,0.0,0.0,0.0,0.0,0.0,0.0,0.0,0.0,0.0,0.0,0.0,0.0,0.0,0.4509715495774593,0.8823356404776377,0.725475971059391,0.9999803925413228,0.0,0.0,0.0,0.0,0.0,0.0,0.0,0.0,0.0,0.0,0.0,0.0,0.9999803925413228,0.6470461363502676,0.725475971059391,0.9999803925413228,0.9999803925413228,0.9999803925413228,0.9999803925413228,0.9999803925413228,0.9999803925413228,0.9999803925413228,0.9999803925413228,0.0,0.9999803925413228,0.9999803925413228,0.07842983470912335,0.3921491735456168,0.9999803925413228,0.6470461363502676,0.5490088429638634,0.5490088429638634,0.0,0.0,0.0,0.0,0.07842983470912335,0.07842983470912335,0.4117566322228976,0.0,0.0,0.2745044214819317,0.8039058057685143,0.9999803925413228,0.9999803925413228,0.47057900825474014,0.47057900825474014,0.9999803925413228,0.9999803925413228,0.9999803925413228,0.9999803925413228,0.6274386776729868,0.9999803925413228,0.9999803925413228,0.9999803925413228,0.9999803925413228,0.9999803925413228,0.9999803925413228,0.9999803925413228,0.9999803925413228,0.9999803925413228,0.0,0.0,0.9999803925413228
REG,0.0,0.0,0.0,0.17499562510937228,0.19999500012499688,0.9999750006249845,0.7249818754531138,0.37499062523436916,0.19999500012499688,0.17499562510937228,0.7249818754531138,0.37499062523436916,0.37499062523436916,0.9999750006249845,0.17499562510937228,0.0,0.29999250018749535,0.0,0.9999750006249845,0.0,0.34999125021874455,0.9999750006249845,0.9999750006249845,0.29999250018749535,0.34999125021874455,0.37499062523436916,0.19999500012499688,0.0,0.49998750031249223,0.09999750006249844,0.2249943751406215,0.8499787505312367,0.37499062523436916,0.2249943751406215,0.24999375015624611,0.9999750006249845,0.9999750006249845,0.37499062523436916,0.14999625009374767,0.37499062523436916,0.9999750006249845,0.0,0.0,0.0,0.0,0.0,0.0,0.37499062523436916,0.37499062523436916,0.9999750006249845,0.37499062523436916,0.37499062523436916,0.0,0.0,0.9999750006249845,0.9999750006249845,0.5499862503437415,0.9999750006249845,0.9999750006249845,0.9999750006249845,0.9999750006249845,0.9999750006249845,0.9999750006249845,0.9999750006249845,0.37499062523436916,0.0,0.9999750006249845,0.37499062523436916,0.0,0.9999750006249845,0.07499812504687384,0.9999750006249845,0.39999000024999376,0.9999750006249845,0.9999750006249845,0.9999750006249845,0.9999750006249845,0.29999250018749535,0.9999750006249845,0.9999750006249845,0.02499937501562461,0.9999750006249845,0.39999000024999376,0.7999800004999875,0.34999125021874455,0.9999750006249845,0.9999750006249845,0.9999750006249845,0.9999750006249845,0.9999750006249845,0.9999750006249845,0.9999750006249845,0.9999750006249845,0.9999750006249845,0.9999750006249845,0.9999750006249845,0.9999750006249845,0.32499187520311995,0.32499187520311995,0.9999750006249845,0.9999750006249845,0.9999750006249845,0.9999750006249845,0.0,0.0,0.9999750006249845
REGN,0.0,0.0,0.0,0.021276143060785943,0.021276143060785943,0.31914214591178913,0.021276143060785943,0.021276143060785943,0.021276143060785943,0.06382842918235783,0.021276143060785943,0.021276143060785943,0.021276143060785943,0.021276143060785943,0.0,0.06382842918235783,0.0,0.6170081487627923,0.8723218654922236,0.4893512903980767,0.06382842918235783,0.06382842918235783,0.06382842918235783,0.9999787238569393,0.06382842918235783,0.021276143060785943,0.021276143060785943,0.042552286121571886,0.021276143060785943,0.021276143060785943,0.021276143060785943,0.021276143060785943,0.042552286121571886,0.06382842918235783,0.06382842918235783,0.31914214591178913,0.31914214591178913,0.06382842918235783,0.021276143060785943,0.021276143060785943,0.9999787238569393,0.7446650071275079,0.042552286121571886,0.042552286121571886,0.021276143060785943,0.042552286121571886,0.042552286121571886,0.021276143060785943,0.021276143060785943,0.1489330014255016,0.021276143060785943,0.021276143060785943,0.042552286121571886,0.042552286121571886,0.9999787238569393,0.9999787238569393,0.17020914448628754,0.9999787238569393,0.9999787238569393,0.9999787238569393,0.9999787238569393,0.9999787238569393,0.9999787238569393,0.9999787238569393,0.9999787238569393,0.042552286121571886,0.9999787238569393,0.021276143060785943,0.9999787238569393,0.9999787238569393,0.8723218654922236,0.9999787238569393,0.7872172932490799,0.5531797195804344,0.06382842918235783,0.1489330014255016,0.06382842918235783,0.19148528754707347,0.361694432033361,0.361694432033361,0.7446650071275079,0.06382842918235783,0.2765898597902172,0.06382842918235783,0.9999787238569393,0.9999787238569393,0.9999787238569393,0.06382842918235783,0.06382842918235783,0.06382842918235783,0.9999787238569393,0.9999787238569393,0.9999787238569393,0.9999787238569393,0.9999787238569393,0.9999787238569393,0.9999787238569393,0.9999787238569393,0.9999787238569393,0.9999787238569393,0.9999787238569393,0.9999787238569393,0.9999787238569393,0.0,0.0,0.9999787238569393
RF,0.0,0.0,0.0,0.6249869794379284,0.0,0.9999791671006855,0.916647569842295,0.6249869794379284,0.0,0.0,0.7499843753255141,0.0,0.0,0.9999791671006855,0.0,0.04166579862919523,0.0,0.0,0.04166579862919523,0.0,0.0,0.9999791671006855,0.9999791671006855,0.0,0.0,0.9999791671006855,0.5208224828649404,0.020832899314597614,0.08333159725839046,0.9999791671006855,0.0,0.9999791671006855,0.06249869794379284,0.7083185766963188,0.04166579862919523,0.9999791671006855,0.9999791671006855,0.0,0.0,0.0,0.9999791671006855,0.6874856773817213,0.0,0.0,0.0,0.0,0.0,0.0,0.0,0.9999791671006855,0.9999791671006855,0.9999791671006855,0.0,0.020832899314597614,0.0,0.0,0.0,0.0,0.0,0.9999791671006855,0.9999791671006855,0.9999791671006855,0.9999791671006855,0.9999791671006855,0.27082769108976895,0.020832899314597614,0.9999791671006855,0.9999791671006855,0.0,0.9999791671006855,0.9999791671006855,0.9999791671006855,0.6249869794379284,0.9999791671006855,0.9999791671006855,0.9999791671006855,0.9999791671006855,0.0,0.06249869794379284,0.06249869794379284,0.0,0.0,0.0,0.0,0.6249869794379284,0.9999791671006855,0.9999791671006855,0.9999791671006855,0.9999791671006855,0.9999791671006855,0.9999791671006855,0.0,0.0,0.04166579862919523,0.7499843753255141,0.9999791671006855,0.9999791671006855,0.9999791671006855,0.9999791671006855,0.9999791671006855,0.9999791671006855,0.9999791671006855,0.9999791671006855,0.0,0.0,0.9999791671006855
RJF,0.0,0.0,0.0,0.022221728406035424,0.022221728406035424,0.9999777782715941,0.9999777782715941,0.022221728406035424,0.022221728406035424,0.022221728406035424,0.9999777782715941,0.022221728406035424,0.022221728406035424,0.9999777782715941,0.022221728406035424,0.06666518521810627,0.0,0.5333214817448502,0.9333125930534878,0.5333214817448502,0.022221728406035424,0.9999777782715941,0.9999777782715941,0.022221728406035424,0.022221728406035424,0.9999777782715941,0.022221728406035424,0.04444345681207085,0.2666607408724251,0.0,0.0,0.9999777782715941,0.022221728406035424,0.06666518521810627,0.06666518521810627,0.9999777782715941,0.9999777782715941,0.0,0.022221728406035424,0.11110864203017712,0.9999777782715941,0.06666518521810627,0.022221728406035424,0.022221728406035424,0.04444345681207085,0.04444345681207085,0.04444345681207085,0.022221728406035424,0.022221728406035424,0.9999777782715941,0.022221728406035424,0.022221728406035424,0.04444345681207085,0.04444345681207085,0.9999777782715941,0.022221728406035424,0.022221728406035424,0.6222083953689919,0.022221728406035424,0.9999777782715941,0.9999777782715941,0.9999777782715941,0.9999777782715941,0.9999777782715941,0.9999777782715941,0.04444345681207085,0.9999777782715941,0.8222039510233107,0.5333214817448502,0.9999777782715941,0.9999777782715941,0.9999777782715941,0.577764938556921,0.9999777782715941,0.9999777782715941,0.9999777782715941,0.9999777782715941,0.022221728406035424,0.06666518521810627,0.06666518521810627,0.022221728406035424,0.022221728406035424,0.022221728406035424,0.022221728406035424,0.022221728406035424,0.9999777782715941,0.9999777782715941,0.9999777782715941,0.9999777782715941,0.9999777782715941,0.9999777782715941,0.3777693829026022,0.022221728406035424,0.22221728406035424,0.888869136241417,0.9999777782715941,0.9999777782715941,0.9999777782715941,0.9999777782715941,0.9999777782715941,0.9999777782715941,0.9999777782715941,0.9999777782715941,0.0,0.0,0.9999777782715941
RL,0.0,0.0,0.0,0.06249869794379284,0.0,0.06249869794379284,0.06249869794379284,0.06249869794379284,0.0,0.06249869794379284,0.0,0.0,0.0,0.9999791671006855,0.0,0.0,0.0,0.06249869794379284,0.12499739588758568,0.06249869794379284,0.06249869794379284,0.06249869794379284,0.06249869794379284,0.06249869794379284,0.06249869794379284,0.0,0.0,0.020832899314597614,0.0,0.10416449657298807,0.020832899314597614,0.020832899314597614,0.020832899314597614,0.12499739588758568,0.06249869794379284,0.0,0.0,0.0,0.0,0.06249869794379284,0.9999791671006855,0.0,0.0,0.0,0.020832899314597614,0.020832899314597614,0.020832899314597614,0.0,0.0,0.0,0.0,0.0,0.0,0.0,0.9999791671006855,0.9999791671006855,0.24999479177517137,0.9999791671006855,0.9999791671006855,0.9999791671006855,0.9999791671006855,0.9999791671006855,0.9999791671006855,0.9999791671006855,0.9999791671006855,0.020832899314597614,0.9999791671006855,0.0,0.8124830732693069,0.2916605904043666,0.9999791671006855,0.2916605904043666,0.5624882814941355,0.5416553821795379,0.06249869794379284,0.06249869794379284,0.06249869794379284,0.06249869794379284,0.12499739588758568,0.12499739588758568,0.06249869794379284,0.06249869794379284,0.06249869794379284,0.9999791671006855,0.9999791671006855,0.06249869794379284,0.7916501739547093,0.12499739588758568,0.12499739588758568,0.7708172746401117,0.9999791671006855,0.9999791671006855,0.9999791671006855,0.9999791671006855,0.9999791671006855,0.9999791671006855,0.9999791671006855,0.9999791671006855,0.9999791671006855,0.9999791671006855,0.9999791671006855,0.9999791671006855,0.9999791671006855,0.0,0.0,0.9999791671006855
RMD,0.0,0.0,0.0,0.0,0.0,0.0,0.0,0.0,0.0,0.042552286121571886,0.0,0.0,0.0,0.0,0.0,0.06382842918235783,0.0,0.042552286121571886,0.06382842918235783,0.042552286121571886,0.042552286121571886,0.042552286121571886,0.042552286121571886,0.042552286121571886,0.042552286121571886,0.0,0.0,0.0,0.2765898597902172,0.06382842918235783,0.0,0.0,0.0,0.042552286121571886,0.042552286121571886,0.0,0.0,0.0,0.0,0.0,0.23403757366864536,0.0,0.021276143060785943,0.0,0.0,0.0,0.0,0.0,0.0,0.0,0.0,0.0,0.0,0.021276143060785943,0.9999787238569393,0.723388864066722,0.9999787238569393,0.9999787238569393,0.9999787238569393,0.9999787238569393,0.9999787238569393,0.9999787238569393,0.9999787238569393,0.9999787238569393,0.8084934363098658,0.021276143060785943,0.9999787238569393,0.0,0.08510457224314377,0.2978660028510032,0.9999787238569393,0.9999787238569393,0.5957320057020064,0.9999787238569393,0.042552286121571886,0.042552286121571886,0.042552286121571886,0.042552286121571886,0.042552286121571886,0.042552286121571886,0.042552286121571886,0.042552286121571886,0.042552286121571886,0.5106274334588626,0.9999787238569393,0.9999787238569393,0.9999787238569393,0.042552286121571886,0.042552286121571886,0.042552286121571886,0.9999787238569393,0.9999787238569393,0.9999787238569393,0.9999787238569393,0.9999787238569393,0.9999787238569393,0.9999787238569393,0.9999787238569393,0.9999787238569393,0.9999787238569393,0.9999787238569393,0.9999787238569393,0.9999787238569393,0.0,0.0,0.9999787238569393
ROK,0.0,0.0,0.0,0.0,0.0,0.0,0.0,0.0,0.0,0.0,0.0,0.0,0.0,0.0,0.0,0.01923039941539586,0.0,0.0,0.0,0.0,0.0,0.0,0.0,0.0,0.0,0.0,0.0,0.0,0.0,0.0,0.0,0.9615199707697929,0.0,0.01923039941539586,0.01923039941539586,0.0,0.0,0.0,0.0,0.0,0.0,0.0,0.0,0.0,0.0,0.0,0.0,0.0,0.0,0.0,0.0,0.0,0.0,0.0,0.9999807696005847,0.9999807696005847,0.9999807696005847,0.9999807696005847,0.9999807696005847,0.9999807696005847,0.9999807696005847,0.9999807696005847,0.9999807696005847,0.9999807696005847,0.9999807696005847,0.0,0.9999807696005847,0.0,0.48075998538489645,0.9999807696005847,0.9999807696005847,0.3269167900617296,0.6730639795388551,0.7307551777850426,0.0,0.0,0.0,0.0,0.03846079883079172,0.03846079883079172,0.0,0.0,0.0,0.9999807696005847,0.6538335801234592,0.17307359473856274,0.5576815830464799,0.5961423818772716,0.5961423818772716,0.9999807696005847,0.5961423818772716,0.9999807696005847,0.9999807696005847,0.9999807696005847,0.9999807696005847,0.9999807696005847,0.9999807696005847,0.9999807696005847,0.9999807696005847,0.9999807696005847,0.9999807696005847,0.9999807696005847,0.9999807696005847,0.0,0.0,0.9999807696005847
ROL,0.0,0.0,0.0,0.3030211205721039,0.3939274567437351,0.3030211205721039,0.3030211205721039,0.5151359049725767,0.3939274567437351,0.09090633617163117,0.09090633617163117,0.03030211205721039,0.03030211205721039,0.9999696978879429,0.0,0.09090633617163117,0.0,0.7272506893730494,0.8787612496591013,0.7272506893730494,0.09090633617163117,0.09090633617163117,0.09090633617163117,0.09090633617163117,0.09090633617163117,0.03030211205721039,0.03030211205721039,0.03030211205721039,0.7575528014302597,0.3030211205721039,0.4848337929153662,0.6666464652586286,0.06060422411442078,0.3939274567437351,0.5757401290869975,0.03030211205721039,0.09090633617163117,0.03030211205721039,0.03030211205721039,0.03030211205721039,0.9999696978879429,0.09090633617163117,0.03030211205721039,0.03030211205721039,0.06060422411442078,0.06060422411442078,0.06060422411442078,0.03030211205721039,0.03030211205721039,0.03030211205721039,0.03030211205721039,0.03030211205721039,0.06060422411442078,0.06060422411442078,0.9999696978879429,0.21211478440047274,0.03030211205721039,0.9999696978879429,0.9999696978879429,0.9999696978879429,0.9999696978879429,0.9999696978879429,0.9999696978879429,0.9999696978879429,0.9999696978879429,0.06060422411442078,0.9999696978879429,0.3636253446865247,0.7272506893730494,0.9999696978879429,0.9999696978879429,0.9999696978879429,0.5151359049725767,0.9999696978879429,0.09090633617163117,0.09090633617163117,0.09090633617163117,0.09090633617163117,0.545438017029787,0.545438017029787,0.21211478440047274,0.09090633617163117,0.9090633617163117,0.545438017029787,0.9999696978879429,0.9999696978879429,0.9999696978879429,0.09090633617163117,0.09090633617163117,0.3939274567437351,0.9999696978879429,0.9999696978879429,0.9999696978879429,0.4242295688009455,0.9999696978879429,0.9999696978879429,0.9999696978879429,0.9999696978879429,0.9999696978879429,0.9999696978879429,0.9999696978879429,0.9999696978879429,0.9999696978879429,0.0,0.0,0.9999696978879429
ROP,0.0,0.0,0.0,0.03703635117868188,0.03703635117868188,0.03703635117868188,0.03703635117868188,0.03703635117868188,0.03703635117868188,0.03703635117868188,0.03703635117868188,0.03703635117868188,0.03703635117868188,0.03703635117868188,0.03703635117868188,0.05555452676802282,0.0,0.03703635117868188,0.03703635117868188,0.03703635117868188,0.03703635117868188,0.03703635117868188,0.03703635117868188,0.03703635117868188,0.03703635117868188,0.03703635117868188,0.03703635117868188,0.03703635117868188,0.03703635117868188,0.0,0.0,0.0,0.01851817558934094,0.05555452676802282,0.05555452676802282,0.03703635117868188,0.03703635117868188,0.0,0.03703635117868188,0.03703635117868188,0.9999814818244107,0.03703635117868188,0.03703635117868188,0.05555452676802282,0.03703635117868188,0.05555452676802282,0.05555452676802282,0.03703635117868188,0.03703635117868188,0.03703635117868188,0.03703635117868188,0.03703635117868188,0.05555452676802282,0.05555452676802282,0.9999814818244107,0.9999814818244107,0.9999814818244107,0.9999814818244107,0.9999814818244107,0.9999814818244107,0.9999814818244107,0.9999814818244107,0.9999814818244107,0.9999814818244107,0.9999814818244107,0.05555452676802282,0.9999814818244107,0.11110905353604564,0.16666358030406844,0.9999814818244107,0.9999814818244107,0.9999814818244107,0.5740634432695692,0.9999814818244107,0.03703635117868188,0.03703635117868188,0.7222088479842966,0.03703635117868188,0.05555452676802282,0.05555452676802282,0.03703635117868188,0.03703635117868188,0.03703635117868188,0.296290809429455,0.9999814818244107,0.9999814818244107,0.9999814818244107,0.05555452676802282,0.18518175589340938,0.49999074091220536,0.49999074091220536,0.9999814818244107,0.9999814818244107,0.9999814818244107,0.9999814818244107,0.9999814818244107,0.9999814818244107,0.9999814818244107,0.9999814818244107,0.9999814818244107,0.9999814818244107,0.9999814818244107,0.9999814818244107,0.0,0.0,0.9999814818244107
ROST,0.0,0.0,0.0,0.0,0.0,0.0,0.0,0.0,0.0,0.0,0.0,0.0,0.0,0.9999777782715941,0.0,0.022221728406035424,0.0,0.0,0.4444345681207085,0.0,0.0,0.0,0.0,0.6222083953689919,0.0,0.0,0.0,0.0,0.9999777782715941,0.0,0.0,0.8666474078353815,0.0,0.0,0.0,0.0,0.0,0.0,0.0,0.0,0.9999777782715941,0.9999777782715941,0.0,0.0,0.0,0.0,0.0,0.0,0.0,0.0,0.9999777782715941,0.0,0.0,0.0,0.9999777782715941,0.15555209884224797,0.9999777782715941,0.9999777782715941,0.9999777782715941,0.9999777782715941,0.9999777782715941,0.9999777782715941,0.9999777782715941,0.9999777782715941,0.9999777782715941,0.0,0.9999777782715941,0.0,0.4444345681207085,0.9999777782715941,0.9999777782715941,0.9999777782715941,0.5333214817448502,0.9999777782715941,0.0,0.0,0.0,0.0,0.0,0.0,0.9999777782715941,0.0,0.0,0.9999777782715941,0.9999777782715941,0.3999911113086376,0.3999911113086376,0.9999777782715941,0.9999777782715941,0.9999777782715941,0.9999777782715941,0.9999777782715941,0.9999777782715941,0.9999777782715941,0.9999777782715941,0.9999777782715941,0.9999777782715941,0.9999777782715941,0.9999777782715941,0.9999777782715941,0.9999777782715941,0.9999777782715941,0.9999777782715941,0.0,0.0,0.9999777782715941
RSG,0.0,0.0,0.0,0.0,0.0,0.0,0.0,0.0,0.0,0.05172324615092844,0.0,0.0,0.0,0.9999827589179497,0.0,0.05172324615092844,0.0,0.05172324615092844,0.9999827589179497,0.05172324615092844,0.05172324615092844,0.05172324615092844,0.05172324615092844,0.05172324615092844,0.05172324615092844,0.0,0.017241082050309477,0.0,0.0,0.017241082050309477,0.017241082050309477,0.017241082050309477,0.03448216410061895,0.05172324615092844,0.05172324615092844,0.0,0.0,0.0,0.0,0.0,0.0,0.0,0.0,0.0,0.0,0.03448216410061895,0.03448216410061895,0.0,0.0,0.9999827589179497,0.0,0.0,0.0,0.0,0.9999827589179497,0.9999827589179497,0.0,0.9999827589179497,0.9999827589179497,0.9999827589179497,0.9999827589179497,0.9999827589179497,0.9999827589179497,0.9999827589179497,0.9999827589179497,0.03448216410061895,0.9999827589179497,0.0,0.05172324615092844,0.7413665281633076,0.9999827589179497,0.9999827589179497,0.5172324615092844,0.5172324615092844,0.05172324615092844,0.05172324615092844,0.05172324615092844,0.34482164100618956,0.396544887157118,0.396544887157118,0.05172324615092844,0.05172324615092844,0.05172324615092844,0.05172324615092844,0.05172324615092844,0.9999827589179497,0.9999827589179497,0.05172324615092844,0.05172324615092844,0.9999827589179497,0.9999827589179497,0.9999827589179497,0.9999827589179497,0.9999827589179497,0.9999827589179497,0.8965362666160929,0.9999827589179497,0.9999827589179497,0.9999827589179497,0.9999827589179497,0.9999827589179497,0.9999827589179497,0.9999827589179497,0.0,0.0,0.9999827589179497
RTX,0.0,0.0,0.0,0.0,0.0,0.39023438452720666,0.0,0.0,0.0,0.04877929806590083,0.0,0.0,0.0,0.0,0.0,0.07316894709885126,0.0,0.04877929806590083,0.04877929806590083,0.04877929806590083,0.04877929806590083,0.04877929806590083,0.04877929806590083,0.04877929806590083,0.04877929806590083,0.0,0.04877929806590083,0.0,0.19511719226360333,0.024389649032950416,0.024389649032950416,0.024389649032950416,0.04877929806590083,0.07316894709885126,0.07316894709885126,0.5121826296919587,0.39023438452720666,0.0,0.0,0.0,0.9999756103509672,0.07316894709885126,0.0,0.0,0.024389649032950416,0.0,0.0,0.0,0.0,0.04877929806590083,0.0,0.0,0.024389649032950416,0.024389649032950416,0.9999756103509672,0.6341308748567108,0.5853515767908101,0.9999756103509672,0.9999756103509672,0.9999756103509672,0.9999756103509672,0.9999756103509672,0.9999756103509672,0.9999756103509672,0.9999756103509672,0.024389649032950416,0.9999756103509672,0.19511719226360333,0.04877929806590083,0.9999756103509672,0.9999756103509672,0.07316894709885126,0.48779298065900834,0.878027365186215,0.04877929806590083,0.07316894709885126,0.04877929806590083,0.04877929806590083,0.04877929806590083,0.04877929806590083,0.04877929806590083,0.04877929806590083,0.04877929806590083,0.04877929806590083,0.04877929806590083,0.9999756103509672,0.9999756103509672,0.4634033316260579,0.4634033316260579,0.7804687690544133,0.4634033316260579,0.9999756103509672,0.9999756103509672,0.9999756103509672,0.9999756103509672,0.9999756103509672,0.9999756103509672,0.9999756103509672,0.9999756103509672,0.9999756103509672,0.9999756103509672,0.9999756103509672,0.9999756103509672,0.0,0.0,0.9999756103509672
RVTY,0.0,0.0,0.0,0.0,0.0,0.19511719226360333,0.0,0.0,0.0,0.04877929806590083,0.0,0.0,0.0,0.0,0.0,0.07316894709885126,0.0,0.04877929806590083,0.07316894709885126,0.04877929806590083,0.04877929806590083,0.04877929806590083,0.04877929806590083,0.04877929806590083,0.04877929806590083,0.0,0.0,0.024389649032950416,0.07316894709885126,0.0,0.0,0.0,0.024389649032950416,0.07316894709885126,0.07316894709885126,0.34145508646130585,0.19511719226360333,0.0,0.0,0.0,0.04877929806590083,0.07316894709885126,0.0,0.0,0.024389649032950416,0.024389649032950416,0.024389649032950416,0.0,0.0,0.0,0.0,0.0,0.024389649032950416,0.0,0.9999756103509672,0.9999756103509672,0.9999756103509672,0.9999756103509672,0.9999756103509672,0.9999756103509672,0.9999756103509672,0.9999756103509672,0.9999756103509672,0.9999756103509672,0.9999756103509672,0.024389649032950416,0.9999756103509672,0.0,0.21950684129655376,0.6829101729226117,0.9999756103509672,0.9999756103509672,0.6097412258237604,0.9999756103509672,0.04877929806590083,0.04877929806590083,0.04877929806590083,0.04877929806590083,0.04877929806590083,0.04877929806590083,0.04877929806590083,0.04877929806590083,0.9999756103509672,0.07316894709885126,0.9999756103509672,0.9999756103509672,0.5853515767908101,0.07316894709885126,0.07316894709885126,0.9755859613180167,0.9999756103509672,0.9999756103509672,0.9999756103509672,0.9999756103509672,0.9999756103509672,0.9999756103509672,0.9999756103509672,0.9999756103509672,0.9999756103509672,0.9999756103509672,0.9999756103509672,0.9999756103509672,0.9999756103509672,0.0,0.0,0.9999756103509672
SBAC,0.0,0.0,0.0,0.01886756853644271,0.01886756853644271,0.01886756853644271,0.01886756853644271,0.01886756853644271,0.7358351729212657,0.7735703099941511,0.01886756853644271,0.01886756853644271,0.01886756853644271,0.9999811324314636,0.0,0.09433784268221354,0.0,0.056602705609328126,0.056602705609328126,0.056602705609328126,0.056602705609328126,0.056602705609328126,0.056602705609328126,0.9999811324314636,0.056602705609328126,0.01886756853644271,0.01886756853644271,0.01886756853644271,0.7358351729212657,0.01886756853644271,0.01886756853644271,0.01886756853644271,0.03773513707288542,0.056602705609328126,0.056602705609328126,0.01886756853644271,0.01886756853644271,0.2075432539008698,0.01886756853644271,0.01886756853644271,0.01886756853644271,0.11320541121865625,0.03773513707288542,0.01886756853644271,0.03773513707288542,0.03773513707288542,0.03773513707288542,0.01886756853644271,0.01886756853644271,0.9999811324314636,0.01886756853644271,0.01886756853644271,0.01886756853644271,0.03773513707288542,0.9999811324314636,0.9999811324314636,0.01886756853644271,0.9999811324314636,0.9999811324314636,0.9999811324314636,0.9999811324314636,0.9999811324314636,0.9999811324314636,0.9999811324314636,0.01886756853644271,0.03773513707288542,0.9999811324314636,0.9999811324314636,0.11320541121865625,0.9999811324314636,0.9999811324314636,0.9999811324314636,0.5094243504839532,0.5094243504839532,0.056602705609328126,0.9999811324314636,0.056602705609328126,0.056602705609328126,0.11320541121865625,0.11320541121865625,0.056602705609328126,0.056602705609328126,0.9999811324314636,0.9999811324314636,0.8867757212128073,0.09433784268221354,0.18867568536442708,0.056602705609328126,0.056602705609328126,0.9999811324314636,0.9999811324314636,0.9999811324314636,0.9999811324314636,0.584894624629724,0.9999811324314636,0.9999811324314636,0.9999811324314636,0.9999811324314636,0.9999811324314636,0.9999811324314636,0.9999811324314636,0.9999811324314636,0.9999811324314636,0.0,0.0,0.9999811324314636
SBUX,0.0,0.0,0.0,0.0,0.0,0.3061162017101692,0.0,0.0,0.4489704291749148,0.4693781759555928,0.0,0.0,0.0,0.9999795922532194,0.0,0.08163098712271179,0.0,0.020407746780677947,0.16326197424542357,0.020407746780677947,0.020407746780677947,0.020407746780677947,0.020407746780677947,0.020407746780677947,0.020407746780677947,0.0,0.0,0.0,0.0,0.0,0.0,0.0,0.020407746780677947,0.06122324034203384,0.06122324034203384,0.3061162017101692,0.3061162017101692,0.0,0.0,0.10203873390338973,0.9999795922532194,0.12244648068406767,0.020407746780677947,0.0,0.020407746780677947,0.0,0.0,0.0,0.0,0.0,0.10203873390338973,0.0,0.020407746780677947,0.0,0.9999795922532194,0.9999795922532194,0.9999795922532194,0.9999795922532194,0.9999795922532194,0.9999795922532194,0.9999795922532194,0.9999795922532194,0.9999795922532194,0.9999795922532194,0.9999795922532194,0.020407746780677947,0.9999795922532194,0.0,0.18366972102610152,0.9999795922532194,0.9999795922532194,0.9999795922532194,0.6326401502010164,0.9999795922532194,0.020407746780677947,0.020407746780677947,0.020407746780677947,0.020407746780677947,0.10203873390338973,0.10203873390338973,0.020407746780677947,0.020407746780677947,0.9999795922532194,0.9999795922532194,0.10203873390338973,0.12244648068406767,0.8979408583498296,0.020407746780677947,0.020407746780677947,0.5101936695169487,0.9999795922532194,0.9999795922532194,0.9999795922532194,0.9999795922532194,0.9999795922532194,0.9999795922532194,0.9999795922532194,0.9999795922532194,0.9999795922532194,0.9999795922532194,0.9999795922532194,0.9999795922532194,0.9999795922532194,0.0,0.0,0.9999795922532194
SCHW,0.0,0.0,0.0,0.01999960000799984,0.01999960000799984,0.999980000399992,0.999980000399992,0.01999960000799984,0.01999960000799984,0.05999880002399952,0.999980000399992,0.01999960000799984,0.01999960000799984,0.999980000399992,0.0,0.07999840003199936,0.0,0.05999880002399952,0.4399912001759965,0.05999880002399952,0.05999880002399952,0.999980000399992,0.999980000399992,0.05999880002399952,0.05999880002399952,0.01999960000799984,0.01999960000799984,0.01999960000799984,0.0999980000399992,0.01999960000799984,0.01999960000799984,0.999980000399992,0.03999920001599968,0.05999880002399952,0.05999880002399952,0.999980000399992,0.999980000399992,0.01999960000799984,0.01999960000799984,0.01999960000799984,0.999980000399992,0.17999640007199857,0.01999960000799984,0.01999960000799984,0.03999920001599968,0.01999960000799984,0.01999960000799984,0.01999960000799984,0.01999960000799984,0.999980000399992,0.999980000399992,0.999980000399992,0.03999920001599968,0.03999920001599968,0.999980000399992,0.01999960000799984,0.2999940001199976,0.999980000399992,0.01999960000799984,0.999980000399992,0.999980000399992,0.999980000399992,0.999980000399992,0.999980000399992,0.999980000399992,0.03999920001599968,0.999980000399992,0.999980000399992,0.05999880002399952,0.999980000399992,0.999980000399992,0.6599868002639947,0.5799884002319954,0.619987600247995,0.999980000399992,0.999980000399992,0.999980000399992,0.15999680006399872,0.35999280014399715,0.35999280014399715,0.0999980000399992,0.05999880002399952,0.05999880002399952,0.1399972000559989,0.999980000399992,0.999980000399992,0.999980000399992,0.999980000399992,0.999980000399992,0.999980000399992,0.999980000399992,0.05999880002399952,0.05999880002399952,0.2799944001119978,0.6799864002719946,0.999980000399992,0.999980000399992,0.999980000399992,0.999980000399992,0.999980000399992,0.999980000399992,0.999980000399992,0.999980000399992,0.0,0.0,0.999980000399992
SHW,0.0,0.0,0.0,0.0,0.0,0.0,0.0,0.0,0.0,0.0,0.0,0.0,0.0,0.35713647970571955,0.0,0.07142729594114391,0.0,0.0,0.0,0.0,0.0,0.0,0.0,0.0,0.0,0.0,0.0,0.0,0.0,0.0,0.0,0.2321387118087177,0.01785682398528598,0.053570471955857936,0.053570471955857936,0.0,0.0,0.0,0.0,0.0,0.803557079337869,0.0,0.01785682398528598,0.01785682398528598,0.01785682398528598,0.01785682398528598,0.01785682398528598,0.0,0.0,0.0,0.0,0.0,0.01785682398528598,0.01785682398528598,0.9999821431760147,0.9999821431760147,0.6071320154997233,0.9999821431760147,0.9999821431760147,0.9999821431760147,0.9999821431760147,0.9999821431760147,0.9999821431760147,0.9999821431760147,0.9999821431760147,0.01785682398528598,0.9999821431760147,0.9999821431760147,0.5535615435438653,0.7499866073820111,0.9999821431760147,0.9999821431760147,0.6071320154997233,0.7499866073820111,0.0,0.0,0.0,0.0,0.0,0.0,0.0,0.0,0.0,0.5357047195585793,0.9285548472348708,0.9999821431760147,0.9999821431760147,0.5535615435438653,0.5535615435438653,0.5535615435438653,0.9999821431760147,0.9999821431760147,0.9999821431760147,0.9999821431760147,0.9999821431760147,0.9999821431760147,0.9999821431760147,0.9999821431760147,0.9999821431760147,0.9999821431760147,0.9999821431760147,0.9999821431760147,0.9999821431760147,0.0,0.0,0.9999821431760147
SJM,0.0,0.0,0.0,0.4680751473372907,0.0,0.4680751473372907,0.4680751473372907,0.4680751473372907,0.0,0.0,0.0,0.0,0.0,0.5106274334588626,0.0,0.08510457224314377,0.0,0.06382842918235783,0.06382842918235783,0.06382842918235783,0.0,0.06382842918235783,0.06382842918235783,0.0,0.0,0.0,0.0,0.0,0.7659411501882939,0.4680751473372907,0.0,0.0,0.0,0.4893512903980767,0.06382842918235783,0.0,0.0,0.0,0.0,0.0,0.7659411501882939,0.0,0.0,0.0,0.021276143060785943,0.021276143060785943,0.0,0.0,0.0,0.0,0.0,0.0,0.021276143060785943,0.021276143060785943,0.9999787238569393,0.42552286121571886,0.9999787238569393,0.9999787238569393,0.9999787238569393,0.9999787238569393,0.9999787238569393,0.9999787238569393,0.9999787238569393,0.9999787238569393,0.9999787238569393,0.021276143060785943,0.9999787238569393,0.9999787238569393,0.06382842918235783,0.9999787238569393,0.9999787238569393,0.7659411501882939,0.5106274334588626,0.5106274334588626,0.06382842918235783,0.06382842918235783,0.06382842918235783,0.06382842918235783,0.06382842918235783,0.06382842918235783,0.06382842918235783,0.06382842918235783,0.9999787238569393,0.06382842918235783,0.9999787238569393,0.9999787238569393,0.9999787238569393,0.9999787238569393,0.9999787238569393,0.9999787238569393,0.9999787238569393,0.9999787238569393,0.9999787238569393,0.9999787238569393,0.9999787238569393,0.9999787238569393,0.9999787238569393,0.9999787238569393,0.9999787238569393,0.9999787238569393,0.9999787238569393,0.9999787238569393,0.9999787238569393,0.0,0.0,0.9999787238569393
SLB,0.0,0.0,0.0,0.018181487609316194,0.018181487609316194,0.5090816530608535,0.09090743804658097,0.018181487609316194,0.018181487609316194,0.05454446282794859,0.09090743804658097,0.018181487609316194,0.018181487609316194,0.018181487609316194,0.0,0.05454446282794859,0.0,0.2909038017490591,0.5818076034981182,0.05454446282794859,0.05454446282794859,0.05454446282794859,0.05454446282794859,0.05454446282794859,0.05454446282794859,0.018181487609316194,0.018181487609316194,0.018181487609316194,0.018181487609316194,0.018181487609316194,0.018181487609316194,0.49090016545153725,0.03636297521863239,0.05454446282794859,0.05454446282794859,0.5090816530608535,0.5090816530608535,0.018181487609316194,0.018181487609316194,0.05454446282794859,0.05454446282794859,0.16363338848384576,0.018181487609316194,0.03636297521863239,0.03636297521863239,0.018181487609316194,0.018181487609316194,0.018181487609316194,0.018181487609316194,0.018181487609316194,0.018181487609316194,0.018181487609316194,0.03636297521863239,0.03636297521863239,0.9999818185123908,0.9999818185123908,0.05454446282794859,0.9999818185123908,0.9999818185123908,0.9999818185123908,0.9999818185123908,0.9999818185123908,0.9999818185123908,0.9999818185123908,0.9999818185123908,0.03636297521863239,0.9999818185123908,0.018181487609316194,0.9999818185123908,0.9999818185123908,0.9999818185123908,0.9090743804658098,0.49090016545153725,0.9999818185123908,0.05454446282794859,0.05454446282794859,0.05454446282794859,0.05454446282794859,0.09090743804658097,0.09090743804658097,0.05454446282794859,0.05454446282794859,0.05454446282794859,0.9999818185123908,0.05454446282794859,0.05454446282794859,0.9999818185123908,0.3636297521863239,0.8545299176378611,0.9999818185123908,0.9999818185123908,0.9999818185123908,0.9999818185123908,0.9999818185123908,0.9999818185123908,0.9999818185123908,0.9999818185123908,0.9999818185123908,0.9999818185123908,0.9999818185123908,0.9999818185123908,0.9999818185123908,0.9999818185123908,0.0,0.0,0.9999818185123908
SMCI,0.0,0.0,0.0,0.0,0.0,0.0,0.0,0.0,0.0,0.0,0.0,0.0,0.0,0.0,0.0,0.05714122453644182,0.0,0.11428244907288364,0.11428244907288364,0.0,0.0,0.0,0.0,0.9999714293877319,0.0,0.0,0.0,0.0,0.0,0.0,0.0,0.0,0.0,0.0,0.0,0.0,0.0,0.0,0.0,0.0,0.9999714293877319,0.9999714293877319,0.0,0.0,0.0,0.0,0.0,0.0,0.0,0.0,0.0,0.0,0.0,0.0,0.9999714293877319,0.9999714293877319,0.0,0.9999714293877319,0.9999714293877319,0.9999714293877319,0.9999714293877319,0.9999714293877319,0.9999714293877319,0.9999714293877319,0.9999714293877319,0.0,0.9999714293877319,0.0,0.17142367360932545,0.22856489814576728,0.9999714293877319,0.9999714293877319,0.5142710208279764,0.9999714293877319,0.0,0.0,0.0,0.0,0.0,0.0,0.9999714293877319,0.0,0.31427673495043,0.9999714293877319,0.11428244907288364,0.9999714293877319,0.3999885717550927,0.0,0.3999885717550927,0.45712979629153455,0.45712979629153455,0.9999714293877319,0.9999714293877319,0.9999714293877319,0.9999714293877319,0.9999714293877319,0.9999714293877319,0.9999714293877319,0.9999714293877319,0.9999714293877319,0.9999714293877319,0.9999714293877319,0.9999714293877319,0.0,0.0,0.9999714293877319
SNA,0.0,0.0,0.0,0.021276143060785943,0.021276143060785943,0.42552286121571886,0.021276143060785943,0.021276143060785943,0.021276143060785943,0.06382842918235783,0.021276143060785943,0.021276143060785943,0.021276143060785943,0.06382842918235783,0.0,0.08510457224314377,0.0,0.06382842918235783,0.21276143060785943,0.06382842918235783,0.06382842918235783,0.06382842918235783,0.06382842918235783,0.06382842918235783,0.06382842918235783,0.06382842918235783,0.021276143060785943,0.021276143060785943,0.021276143060785943,0.06382842918235783,0.06382842918235783,0.06382842918235783,0.08510457224314377,0.06382842918235783,0.06382842918235783,0.42552286121571886,0.42552286121571886,0.021276143060785943,0.021276143060785943,0.021276143060785943,0.06382842918235783,0.021276143060785943,0.021276143060785943,0.021276143060785943,0.042552286121571886,0.042552286121571886,0.042552286121571886,0.021276143060785943,0.021276143060785943,0.021276143060785943,0.021276143060785943,0.021276143060785943,0.042552286121571886,0.042552286121571886,0.9999787238569393,0.9999787238569393,0.10638071530392972,0.9999787238569393,0.9999787238569393,0.9999787238569393,0.9999787238569393,0.9999787238569393,0.9999787238569393,0.9999787238569393,0.9999787238569393,0.042552286121571886,0.9999787238569393,0.06382842918235783,0.5319035765196486,0.6808365779451502,0.9999787238569393,0.2553137167294313,0.6170081487627923,0.5957320057020064,0.06382842918235783,0.06382842918235783,0.06382842918235783,0.38297057509414695,0.38297057509414695,0.38297057509414695,0.06382842918235783,0.06382842918235783,0.06382842918235783,0.4042467181549329,0.06382842918235783,0.9999787238569393,0.9999787238569393,0.10638071530392972,0.10638071530392972,0.9999787238569393,0.8297695793706518,0.9999787238569393,0.9999787238569393,0.9361502946745814,0.9999787238569393,0.9999787238569393,0.9999787238569393,0.9999787238569393,0.9999787238569393,0.9999787238569393,0.9999787238569393,0.9999787238569393,0.9999787238569393,0.0,0.0,0.9999787238569393
SNDK,0.0,0.0,0.0,0.0,0.0,0.0,0.0,0.0,0.0,0.0,0.0,0.0,0.0,0.0,0.0,0.33327778703549404,0.0,0.0,0.0,0.0,0.0,0.0,0.0,0.0,0.0,0.0,0.0,0.0,0.0,0.0,0.0,0.0,0.0,0.0,0.0,0.0,0.0,0.0,0.0,0.0,0.0,0.8331944675887352,0.0,0.0,0.0,0.0,0.0,0.0,0.0,0.0,0.0,0.0,0.0,0.0,0.9998333611064822,0.9998333611064822,0.9998333611064822,0.9998333611064822,0.9998333611064822,0.9998333611064822,0.9998333611064822,0.9998333611064822,0.9998333611064822,0.9998333611064822,0.9998333611064822,0.0,0.9998333611064822,0.9998333611064822,0.0,0.9998333611064822,0.9998333611064822,0.9998333611064822,0.0,0.9998333611064822,0.0,0.0,0.9998333611064822,0.0,0.0,0.0,0.9998333611064822,0.0,0.9998333611064822,0.9998333611064822,0.9998333611064822,0.9998333611064822,0.9998333611064822,0.4999166805532411,0.4999166805532411,0.4999166805532411,0.8331944675887352,0.9998333611064822,0.9998333611064822,0.9998333611064822,0.9998333611064822,0.9998333611064822,0.9998333611064822,0.9998333611064822,0.9998333611064822,0.9998333611064822,0.9998333611064822,0.9998333611064822,0.9998333611064822,0.0,0.0,0.9998333611064822
SNPS,0.0,0.0,0.0,0.0,0.0,0.0,0.0,0.0,0.0,0.020832899314597614,0.0,0.0,0.0,0.0,0.0,0.06249869794379284,0.0,0.1458302952021833,0.20832899314597614,0.1458302952021833,0.020832899314597614,0.020832899314597614,0.020832899314597614,0.020832899314597614,0.020832899314597614,0.0,0.0,0.0,0.06249869794379284,0.0,0.0,0.0,0.020832899314597614,0.06249869794379284,0.06249869794379284,0.0,0.0,0.0,0.0,0.0,0.7708172746401117,0.0,0.020832899314597614,0.0,0.020832899314597614,0.020832899314597614,0.020832899314597614,0.0,0.0,0.39582508697735463,0.0,0.0,0.020832899314597614,0.020832899314597614,0.9999791671006855,0.9999791671006855,0.0,0.9999791671006855,0.9999791671006855,0.9999791671006855,0.9999791671006855,0.9999791671006855,0.9999791671006855,0.9999791671006855,0.9999791671006855,0.020832899314597614,0.9999791671006855,0.0,0.916647569842295,0.9999791671006855,0.9999791671006855,0.9999791671006855,0.5624882814941355,0.9999791671006855,0.020832899314597614,0.4791566842357451,0.020832899314597614,0.020832899314597614,0.06249869794379284,0.06249869794379284,0.020832899314597614,0.020832899314597614,0.020832899314597614,0.22916189246057375,0.2916605904043666,0.20832899314597614,0.9999791671006855,0.020832899314597614,0.020832899314597614,0.020832899314597614,0.5416553821795379,0.9999791671006855,0.9999791671006855,0.5624882814941355,0.9999791671006855,0.9999791671006855,0.9999791671006855,0.9999791671006855,0.9999791671006855,0.9999791671006855,0.9999791671006855,0.9999791671006855,0.9999791671006855,0.0,0.0,0.9999791671006855
SO,0.0,0.0,0.0,0.0,0.0,0.999980000399992,0.0,0.0,0.0,0.0,0.0,0.0,0.0,0.999980000399992,0.0,0.01999960000799984,0.0,0.0,0.0,0.0,0.0,0.0,0.0,0.3999920001599968,0.0,0.999980000399992,0.4799904001919962,0.0,0.0,0.0,0.01999960000799984,0.0,0.07999840003199936,0.01999960000799984,0.01999960000799984,0.999980000399992,0.999980000399992,0.0,0.0,0.11999760004799905,0.999980000399992,0.35999280014399715,0.0,0.0,0.0,0.0,0.0,0.0,0.0,0.999980000399992,0.0,0.0,0.0,0.0,0.999980000399992,0.999980000399992,0.999980000399992,0.999980000399992,0.999980000399992,0.999980000399992,0.999980000399992,0.999980000399992,0.999980000399992,0.999980000399992,0.6599868002639947,0.0,0.999980000399992,0.999980000399992,0.0,0.999980000399992,0.999980000399992,0.8399832003359933,0.6599868002639947,0.5999880002399952,0.999980000399992,0.999980000399992,0.0,0.05999880002399952,0.05999880002399952,0.05999880002399952,0.3999920001599968,0.0,0.0,0.879982400351993,0.0,0.999980000399992,0.07999840003199936,0.5199896002079959,0.999980000399992,0.999980000399992,0.8599828003439932,0.999980000399992,0.999980000399992,0.999980000399992,0.999980000399992,0.999980000399992,0.999980000399992,0.999980000399992,0.999980000399992,0.999980000399992,0.999980000399992,0.999980000399992,0.999980000399992,0.0,0.0,0.999980000399992
SOLV,0.0,0.0,0.0,0.0,0.0,0.0,0.0,0.0,0.0,0.0,0.0,0.0,0.0,0.0,0.0,0.142836737608913,0.0,0.0,0.0,0.0,0.0,0.0,0.0,0.0,0.0,0.0,0.0,0.0,0.999857163262391,0.0,0.0,0.0,0.0,0.0,0.0,0.999857163262391,0.0,0.0,0.0,0.0,0.999857163262391,0.0,0.0,0.0,0.0,0.0,0.0,0.0,0.0,0.0,0.0,0.0,0.0,0.0,0.999857163262391,0.999857163262391,0.999857163262391,0.999857163262391,0.999857163262391,0.999857163262391,0.999857163262391,0.999857163262391,0.999857163262391,0.999857163262391,0.0,0.0,0.999857163262391,0.0,0.0,0.857020425653478,0.999857163262391,0.0,0.0,0.857020425653478,0.0,0.0,0.0,0.0,0.0,0.0,0.0,0.0,0.857020425653478,0.999857163262391,0.999857163262391,0.999857163262391,0.999857163262391,0.0,0.0,0.999857163262391,0.999857163262391,0.999857163262391,0.999857163262391,0.999857163262391,0.999857163262391,0.999857163262391,0.999857163262391,0.999857163262391,0.999857163262391,0.999857163262391,0.999857163262391,0.999857163262391,0.999857163262391,0.0,0.0,0.999857163262391
SPG,0.0,0.0,0.0,0.01694886527346994,0.01694886527346994,0.9999830511347265,0.01694886527346994,0.01694886527346994,0.01694886527346994,0.01694886527346994,0.01694886527346994,0.01694886527346994,0.01694886527346994,0.9999830511347265,0.0,0.01694886527346994,0.0,0.288130709648989,0.9999830511347265,0.288130709648989,0.01694886527346994,0.9999830511347265,0.9999830511347265,0.050846595820409825,0.01694886527346994,0.01694886527346994,0.9999830511347265,0.01694886527346994,0.01694886527346994,0.01694886527346994,0.01694886527346994,0.01694886527346994,0.01694886527346994,0.01694886527346994,0.01694886527346994,0.9999830511347265,0.9999830511347265,0.01694886527346994,0.4067727665632786,0.9999830511347265,0.9999830511347265,0.9999830511347265,0.01694886527346994,0.01694886527346994,0.01694886527346994,0.01694886527346994,0.01694886527346994,0.01694886527346994,0.01694886527346994,0.9999830511347265,0.01694886527346994,0.9999830511347265,0.01694886527346994,0.01694886527346994,0.9999830511347265,0.9999830511347265,0.4067727665632786,0.9999830511347265,0.9999830511347265,0.9999830511347265,0.9999830511347265,0.9999830511347265,0.9999830511347265,0.9999830511347265,0.5254148234775682,0.01694886527346994,0.9999830511347265,0.9999830511347265,0.288130709648989,0.9999830511347265,0.9999830511347265,0.9999830511347265,0.5423636887510381,0.9999830511347265,0.9999830511347265,0.9999830511347265,0.9999830511347265,0.9999830511347265,0.9999830511347265,0.9999830511347265,0.9999830511347265,0.01694886527346994,0.01694886527346994,0.01694886527346994,0.01694886527346994,0.8982898594939069,0.9999830511347265,0.9999830511347265,0.9999830511347265,0.9999830511347265,0.9999830511347265,0.9999830511347265,0.9999830511347265,0.4067727665632786,0.9999830511347265,0.9999830511347265,0.9999830511347265,0.01694886527346994,0.01694886527346994,0.9999830511347265,0.9999830511347265,0.9999830511347265,0.9999830511347265,0.0,0.0,0.9999830511347265
SPGI,0.0,0.0,0.0,0.0,0.0,0.0,0.0,0.0,0.01851817558934094,0.01851817558934094,0.0,0.0,0.0,0.9999814818244107,0.0,0.09259087794670469,0.0,0.0,0.07407270235736375,0.0,0.0,0.0,0.0,0.0,0.0,0.0,0.0,0.0,0.0,0.0,0.0,0.0,0.01851817558934094,0.05555452676802282,0.05555452676802282,0.0,0.0,0.0,0.0,0.0,0.9999814818244107,0.0,0.0,0.0,0.01851817558934094,0.01851817558934094,0.01851817558934094,0.0,0.0,0.7592451991629785,0.0,0.0,0.01851817558934094,0.0,0.9999814818244107,0.9999814818244107,0.0,0.9999814818244107,0.9999814818244107,0.9999814818244107,0.9999814818244107,0.9999814818244107,0.9999814818244107,0.9999814818244107,0.9999814818244107,0.01851817558934094,0.9999814818244107,0.03703635117868188,0.18518175589340938,0.5555452676802282,0.8703542526990241,0.7407270235736375,0.5555452676802282,0.9999814818244107,0.0,0.7036906723949556,0.0,0.0,0.0,0.0,0.09259087794670469,0.0,0.0,0.9999814818244107,0.0,0.03703635117868188,0.9999814818244107,0.0,0.0,0.9999814818244107,0.5370270920908873,0.9999814818244107,0.9999814818244107,0.9999814818244107,0.9999814818244107,0.9999814818244107,0.9999814818244107,0.9999814818244107,0.9999814818244107,0.9999814818244107,0.9999814818244107,0.9999814818244107,0.9999814818244107,0.0,0.0,0.9999814818244107
SRE,0.0,0.0,0.0,0.0,0.0,0.9999777782715941,0.9999777782715941,0.0,0.0,0.0,0.9999777782715941,0.0,0.0,0.9999777782715941,0.0,0.0,0.0,0.0,0.0,0.0,0.0,0.0,0.0,0.0,0.0,0.9999777782715941,0.0,0.0,0.0,0.022221728406035424,0.022221728406035424,0.9999777782715941,0.022221728406035424,0.06666518521810627,0.06666518521810627,0.9999777782715941,0.9999777782715941,0.0,0.0,0.0,0.0,0.0888869136241417,0.0,0.0,0.0,0.022221728406035424,0.022221728406035424,0.0,0.0,0.0,0.0,0.0,0.022221728406035424,0.022221728406035424,0.9999777782715941,0.9999777782715941,0.5333214817448502,0.9999777782715941,0.9999777782715941,0.9999777782715941,0.9999777782715941,0.9999777782715941,0.9999777782715941,0.9999777782715941,0.4888780249327793,0.022221728406035424,0.9999777782715941,0.1999955556543188,0.0,0.9999777782715941,0.9999777782715941,0.9999777782715941,0.5333214817448502,0.5333214817448502,0.0,0.0,0.9999777782715941,0.1999955556543188,0.0,0.0,0.0888869136241417,0.0,0.9999777782715941,0.5999866669629564,0.4666562965267439,0.9999777782715941,0.9999777782715941,0.4888780249327793,0.9999777782715941,0.9999777782715941,0.5555432101508856,0.9999777782715941,0.9999777782715941,0.8222039510233107,0.9999777782715941,0.9999777782715941,0.9999777782715941,0.9999777782715941,0.9999777782715941,0.9999777782715941,0.9999777782715941,0.0,0.15555209884224797,0.0,0.0,0.9999777782715941
STE,0.0,0.0,0.0,0.0,0.0,0.0,0.0,0.0,0.0,0.0,0.0,0.0,0.0,0.0,0.0,0.04545247943275305,0.0,0.0,0.1818099177310122,0.0,0.0,0.0,0.0,0.0,0.0,0.0,0.0,0.0,0.0,0.0,0.0,0.0,0.0,0.0,0.0,0.0,0.0,0.0,0.0,0.0,0.9999545475205672,0.0,0.0,0.0,0.0,0.0,0.0,0.0,0.0,0.0,0.0,0.0,0.0,0.0,0.9999545475205672,0.9999545475205672,0.6363347120585428,0.9999545475205672,0.9999545475205672,0.9999545475205672,0.9999545475205672,0.6363347120585428,0.9999545475205672,0.9999545475205672,0.9999545475205672,0.0,0.9999545475205672,0.0,0.0,0.1818099177310122,0.9999545475205672,0.9999545475205672,0.7272396709240488,0.7726921503568019,0.0,0.0,0.0,0.0,0.0,0.0,0.0,0.0,0.9999545475205672,0.6363347120585428,0.0,0.9999545475205672,0.9999545475205672,0.0,0.9999545475205672,0.9999545475205672,0.0,0.9999545475205672,0.9999545475205672,0.9999545475205672,0.9999545475205672,0.9999545475205672,0.9999545475205672,0.9999545475205672,0.9999545475205672,0.9999545475205672,0.9999545475205672,0.9999545475205672,0.9999545475205672,0.0,0.0,0.9999545475205672
STLD,0.0,0.0,0.0,0.0,0.0,0.0,0.0,0.0,0.0,0.057691198246187576,0.0,0.0,0.0,0.9999807696005847,0.0,0.09615199707697929,0.0,0.057691198246187576,0.134612795907771,0.057691198246187576,0.057691198246187576,0.057691198246187576,0.057691198246187576,0.057691198246187576,0.057691198246187576,0.38460798830791715,0.0,0.0,0.0,0.01923039941539586,0.01923039941539586,0.01923039941539586,0.01923039941539586,0.07692159766158344,0.07692159766158344,0.0,0.0,0.0,0.0,0.0,0.8076767754466261,0.0,0.0,0.0,0.03846079883079172,0.03846079883079172,0.03846079883079172,0.0,0.0,0.0,0.0,0.0,0.03846079883079172,0.03846079883079172,0.9999807696005847,0.9999807696005847,0.9999807696005847,0.9999807696005847,0.9999807696005847,0.9999807696005847,0.9999807696005847,0.9999807696005847,0.9999807696005847,0.9999807696005847,0.9999807696005847,0.03846079883079172,0.9999807696005847,0.057691198246187576,0.134612795907771,0.9999807696005847,0.9999807696005847,0.9999807696005847,0.5576815830464799,0.9999807696005847,0.057691198246187576,0.057691198246187576,0.2884559912309379,0.057691198246187576,0.134612795907771,0.134612795907771,0.057691198246187576,0.057691198246187576,0.057691198246187576,0.9999807696005847,0.057691198246187576,0.538451183631084,0.9999807696005847,0.9999807696005847,0.9999807696005847,0.9999807696005847,0.9999807696005847,0.9999807696005847,0.9999807696005847,0.9999807696005847,0.9999807696005847,0.9999807696005847,0.9999807696005847,0.9999807696005847,0.9999807696005847,0.9999807696005847,0.9999807696005847,0.9999807696005847,0.9999807696005847,0.0,0.0,0.9999807696005847
STT,0.0,0.0,0.0,0.0,0.0,0.9999803925413228,0.9999803925413228,0.0,0.0,0.05882237603184252,0.9999803925413228,0.0,0.0,0.9999803925413228,0.0,0.07842983470912335,0.0,0.5686163016411443,0.05882237603184252,0.05882237603184252,0.05882237603184252,0.9999803925413228,0.9999803925413228,0.05882237603184252,0.05882237603184252,0.3529342561910551,0.5490088429638634,0.0,0.0980372933864042,0.019607458677280837,0.019607458677280837,0.9999803925413228,0.07842983470912335,0.07842983470912335,0.07842983470912335,0.9999803925413228,0.9999803925413228,0.0,0.0,0.05882237603184252,0.9999803925413228,0.0,0.0,0.0,0.0,0.0,0.039214917354561674,0.0,0.0,0.9999803925413228,0.9999803925413228,0.9999803925413228,0.039214917354561674,0.0,0.4117566322228976,0.0,0.1960745867728084,0.4117566322228976,0.0,0.9999803925413228,0.9999803925413228,0.9999803925413228,0.9999803925413228,0.9999803925413228,0.5686163016411443,0.039214917354561674,0.9999803925413228,0.9999803925413228,0.5686163016411443,0.9999803925413228,0.9999803925413228,0.8627281818003569,0.5686163016411443,0.5686163016411443,0.9999803925413228,0.9999803925413228,0.9999803925413228,0.0980372933864042,0.0980372933864042,0.0980372933864042,0.05882237603184252,0.05882237603184252,0.05882237603184252,0.7450834297366719,0.7842983470912336,0.9999803925413228,0.9999803925413228,0.6470461363502676,0.9999803925413228,0.9999803925413228,0.9999803925413228,0.11764475206368503,0.05882237603184252,0.1960745867728084,0.9215505578321994,0.9999803925413228,0.9999803925413228,0.9999803925413228,0.9999803925413228,0.9999803925413228,0.9999803925413228,0.9999803925413228,0.9999803925413228,0.0,0.0,0.9999803925413228
STX,0.0,0.0,0.0,0.0,0.0,0.0,0.0,0.0,0.18749609383137852,0.20832899314597614,0.0,0.0,0.0,0.0,0.0,0.06249869794379284,0.0,0.020832899314597614,0.37499218766275705,0.020832899314597614,0.020832899314597614,0.020832899314597614,0.020832899314597614,0.10416449657298807,0.020832899314597614,0.0,0.0,0.020832899314597614,0.0,0.0,0.0,0.0,0.0,0.020832899314597614,0.020832899314597614,0.0,0.0,0.0,0.0,0.0,0.0,0.06249869794379284,0.0,0.020832899314597614,0.020832899314597614,0.0,0.020832899314597614,0.0,0.0,0.0,0.0,0.0,0.0,0.0,0.9999791671006855,0.9999791671006855,0.9999791671006855,0.9999791671006855,0.9999791671006855,0.9999791671006855,0.9999791671006855,0.9999791671006855,0.9999791671006855,0.9999791671006855,0.9999791671006855,0.020832899314597614,0.9999791671006855,0.0,0.37499218766275705,0.10416449657298807,0.9999791671006855,0.9999791671006855,0.6041540801233308,0.9999791671006855,0.020832899314597614,0.020832899314597614,0.020832899314597614,0.020832899314597614,0.020832899314597614,0.020832899314597614,0.1666631945167809,0.020832899314597614,0.9999791671006855,0.27082769108976895,0.6249869794379284,0.9999791671006855,0.9999791671006855,0.9374804691568926,0.9999791671006855,0.9374804691568926,0.9999791671006855,0.9999791671006855,0.9999791671006855,0.9999791671006855,0.9999791671006855,0.9999791671006855,0.9999791671006855,0.9999791671006855,0.9999791671006855,0.9999791671006855,0.9999791671006855,0.9999791671006855,0.9999791671006855,0.0,0.0,0.9999791671006855
STZ,0.0,0.0,0.0,0.48075998538489645,0.0,0.48075998538489645,0.48075998538489645,0.48075998538489645,0.0,0.03846079883079172,0.0,0.0,0.0,0.9999807696005847,0.0,0.9999807696005847,0.0,0.03846079883079172,0.03846079883079172,0.03846079883079172,0.03846079883079172,0.03846079883079172,0.03846079883079172,0.03846079883079172,0.03846079883079172,0.0,0.0,0.0,0.19230399415395857,0.49999038480029234,0.0,0.0,0.01923039941539586,0.5576815830464799,0.057691198246187576,0.0,0.0,0.9999807696005847,0.0,0.03846079883079172,0.4615295859695006,0.11538239649237515,0.01923039941539586,0.01923039941539586,0.01923039941539586,0.01923039941539586,0.0,0.0,0.0,0.0,0.0,0.0,0.01923039941539586,0.0,0.9999807696005847,0.9999807696005847,0.9999807696005847,0.9999807696005847,0.9999807696005847,0.9999807696005847,0.9999807696005847,0.9999807696005847,0.9999807696005847,0.9999807696005847,0.9999807696005847,0.01923039941539586,0.9999807696005847,0.03846079883079172,0.11538239649237515,0.9999807696005847,0.9999807696005847,0.9999807696005847,0.5769119824618758,0.5769119824618758,0.03846079883079172,0.03846079883079172,0.03846079883079172,0.03846079883079172,0.3269167900617296,0.3269167900617296,0.03846079883079172,0.03846079883079172,0.134612795907771,0.03846079883079172,0.9999807696005847,0.9999807696005847,0.9999807696005847,0.30768639064633374,0.30768639064633374,0.7307551777850426,0.9999807696005847,0.9999807696005847,0.9999807696005847,0.9999807696005847,0.9999807696005847,0.9999807696005847,0.9999807696005847,0.9999807696005847,0.9999807696005847,0.9999807696005847,0.9999807696005847,0.9999807696005847,0.9999807696005847,0.0,0.0,0.9999807696005847
SW,0.0,0.0,0.0,0.0,0.0,0.0,0.0,0.0,0.0,0.33329630041106545,0.0,0.0,0.0,0.9998889012331964,0.0,0.5554938340184424,0.0,0.33329630041106545,0.33329630041106545,0.33329630041106545,0.33329630041106545,0.33329630041106545,0.33329630041106545,0.0,0.33329630041106545,0.0,0.0,0.0,0.0,0.22219753360737698,0.11109876680368849,0.22219753360737698,0.0,0.33329630041106545,0.33329630041106545,0.0,0.0,0.0,0.0,0.0,0.0,0.0,0.0,0.0,0.11109876680368849,0.11109876680368849,0.11109876680368849,0.0,0.0,0.0,0.0,0.0,0.0,0.11109876680368849,0.9998889012331964,0.9998889012331964,0.0,0.9998889012331964,0.9998889012331964,0.9998889012331964,0.9998889012331964,0.9998889012331964,0.9998889012331964,0.9998889012331964,0.9998889012331964,0.11109876680368849,0.9998889012331964,0.0,0.33329630041106545,0.9998889012331964,0.9998889012331964,0.9998889012331964,0.33329630041106545,0.33329630041106545,0.33329630041106545,0.33329630041106545,0.33329630041106545,0.9998889012331964,0.9998889012331964,0.9998889012331964,0.33329630041106545,0.33329630041106545,0.33329630041106545,0.33329630041106545,0.33329630041106545,0.9998889012331964,0.9998889012331964,0.5554938340184424,0.5554938340184424,0.9998889012331964,0.9998889012331964,0.9998889012331964,0.9998889012331964,0.9998889012331964,0.9998889012331964,0.9998889012331964,0.9998889012331964,0.9998889012331964,0.9998889012331964,0.9998889012331964,0.9998889012331964,0.9998889012331964,0.9998889012331964,0.0,0.0,0.9998889012331964
SWK,0.0,0.0,0.0,0.0,0.0,0.0,0.0,0.0,0.0,0.051280736391374586,0.0,0.0,0.0,0.051280736391374586,0.0,0.12820184097843645,0.0,0.051280736391374586,0.051280736391374586,0.051280736391374586,0.051280736391374586,0.051280736391374586,0.051280736391374586,0.051280736391374586,0.051280736391374586,0.0,0.0,0.025640368195687293,0.0,0.0,0.0,0.33332478654393477,0.0,0.07692110458706188,0.07692110458706188,0.0,0.0,0.0,0.0,0.0,0.0,0.051280736391374586,0.0,0.0,0.0,0.0,0.0,0.0,0.0,0.0,0.0,0.0,0.0,0.0,0.9999743596318044,0.7179303094792442,0.0,0.9999743596318044,0.9999743596318044,0.9999743596318044,0.9999743596318044,0.9999743596318044,0.9999743596318044,0.9999743596318044,0.7179303094792442,0.025640368195687293,0.9999743596318044,0.6410092048921823,0.15384220917412375,0.9999743596318044,0.9999743596318044,0.7692110458706187,0.5897284685008077,0.9999743596318044,0.9999743596318044,0.051280736391374586,0.051280736391374586,0.051280736391374586,0.15384220917412375,0.15384220917412375,0.5128073639137458,0.051280736391374586,0.051280736391374586,0.17948257736981105,0.17948257736981105,0.9999743596318044,0.9999743596318044,0.15384220917412375,0.15384220917412375,0.9999743596318044,0.9999743596318044,0.9999743596318044,0.9999743596318044,0.9999743596318044,0.9999743596318044,0.9999743596318044,0.9999743596318044,0.9999743596318044,0.9999743596318044,0.9999743596318044,0.9999743596318044,0.9999743596318044,0.9999743596318044,0.0,0.0,0.9999743596318044
SWKS,0.0,0.0,0.0,0.0,0.0,0.0,0.0,0.0,0.0,0.0,0.0,0.0,0.0,0.0,0.0,0.05882237603184252,0.0,0.6470461363502676,0.3921491735456168,0.3725417148683359,0.0,0.0,0.0,0.0,0.0,0.0,0.0,0.0,0.2745044214819317,0.0,0.0,0.0,0.0,0.019607458677280837,0.019607458677280837,0.0,0.0,0.0,0.0,0.0,0.8235132644457952,0.0,0.0,0.0,0.0,0.0,0.0,0.0,0.0,0.0,0.0,0.0,0.0,0.0,0.9999803925413228,0.9999803925413228,0.8039058057685143,0.9999803925413228,0.9999803925413228,0.9999803925413228,0.9999803925413228,0.9999803925413228,0.9999803925413228,0.9999803925413228,0.9999803925413228,0.0,0.9999803925413228,0.9999803925413228,0.6470461363502676,0.725475971059391,0.9999803925413228,0.9999803925413228,0.5882237603184252,0.9999803925413228,0.0,0.0,0.0,0.0,0.07842983470912335,0.07842983470912335,0.0,0.0,0.1960745867728084,0.0,0.9999803925413228,0.9999803925413228,0.9999803925413228,0.9999803925413228,0.9999803925413228,0.9999803925413228,0.9999803925413228,0.9999803925413228,0.9999803925413228,0.9999803925413228,0.9999803925413228,0.9999803925413228,0.9999803925413228,0.9999803925413228,0.9999803925413228,0.9999803925413228,0.9999803925413228,0.9999803925413228,0.9999803925413228,0.0,0.0,0.9999803925413228
SYF,0.0,0.0,0.0,0.999973684903029,0.0,0.999973684903029,0.999973684903029,0.999973684903029,0.0,0.0,0.999973684903029,0.0,0.0,0.999973684903029,0.0,0.02631509697113234,0.0,0.15789058182679405,0.999973684903029,0.15789058182679405,0.0,0.999973684903029,0.999973684903029,0.0,0.0,0.999973684903029,0.999973684903029,0.0,0.1315754848556617,0.999973684903029,0.0,0.999973684903029,0.0,0.999973684903029,0.0,0.999973684903029,0.999973684903029,0.0,0.0,0.0,0.999973684903029,0.999973684903029,0.0,0.0,0.0,0.0,0.0,0.0,0.0,0.999973684903029,0.999973684903029,0.999973684903029,0.0,0.0,0.999973684903029,0.0,0.0,0.0,0.0,0.999973684903029,0.999973684903029,0.999973684903029,0.999973684903029,0.999973684903029,0.999973684903029,0.0,0.999973684903029,0.0,0.15789058182679405,0.999973684903029,0.999973684903029,0.999973684903029,0.999973684903029,0.999973684903029,0.999973684903029,0.999973684903029,0.999973684903029,0.999973684903029,0.999973684903029,0.999973684903029,0.0,0.0,0.15789058182679405,0.36841135759585275,0.999973684903029,0.999973684903029,0.999973684903029,0.7368227151917055,0.999973684903029,0.999973684903029,0.999973684903029,0.2894660666824557,0.0,0.0,0.8420831030762349,0.999973684903029,0.999973684903029,0.999973684903029,0.999973684903029,0.999973684903029,0.999973684903029,0.999973684903029,0.999973684903029,0.0,0.0,0.999973684903029
SYK,0.0,0.0,0.0,0.0,0.0,0.0,0.0,0.0,0.0,0.0,0.0,0.0,0.0,0.0,0.0,0.040815493561355894,0.0,0.06122324034203384,0.0,0.0,0.0,0.0,0.0,0.0,0.0,0.0,0.0,0.0,0.8571253647884738,0.0,0.0,0.0,0.0,0.020407746780677947,0.020407746780677947,0.0,0.0,0.0,0.0,0.0,0.9999795922532194,0.0,0.0,0.0,0.0,0.0,0.0,0.0,0.0,0.0,0.0,0.0,0.0,0.0,0.9999795922532194,0.9999795922532194,0.7959021244464399,0.9999795922532194,0.9999795922532194,0.9999795922532194,0.9999795922532194,0.9999795922532194,0.9999795922532194,0.9999795922532194,0.9999795922532194,0.0,0.9999795922532194,0.06122324034203384,0.755086630885084,0.20407746780677946,0.9999795922532194,0.2653007081488133,0.9999795922532194,0.9999795922532194,0.0,0.0,0.9999795922532194,0.0,0.0,0.0,0.0,0.0,0.9999795922532194,0.9999795922532194,0.9183486051305075,0.9999795922532194,0.9999795922532194,0.5306014162976266,0.9999795922532194,0.9999795922532194,0.9387563519111856,0.9999795922532194,0.9999795922532194,0.9999795922532194,0.9999795922532194,0.9999795922532194,0.9999795922532194,0.9999795922532194,0.9999795922532194,0.9999795922532194,0.9999795922532194,0.9999795922532194,0.9999795922532194,0.0,0.0,0.9999795922532194
SYY,0.0,0.0,0.0,0.24999431831094748,0.3636280993613782,0.24999431831094748,0.24999431831094748,0.3636280993613782,0.3636280993613782,0.0,0.0,0.0,0.0,0.9999772732437899,0.0,0.04545351242017227,0.0,0.0,0.22726756210086135,0.0,0.0,0.0,0.0,0.0,0.0,0.9999772732437899,0.0,0.0,0.7045294425126702,0.3636280993613782,0.4318083679916366,0.0,0.0,0.29544783073111974,0.4545351242017227,0.34090134315129206,0.0,0.0,0.0,0.0,0.9999772732437899,0.34090134315129206,0.0,0.0,0.0,0.0,0.0,0.0,0.0,0.7727097111429286,0.0,0.0,0.0,0.0,0.9999772732437899,0.2727210745210336,0.0,0.9999772732437899,0.9999772732437899,0.9999772732437899,0.9999772732437899,0.9999772732437899,0.9999772732437899,0.9999772732437899,0.9999772732437899,0.0,0.9999772732437899,0.8636167359832732,0.0,0.9999772732437899,0.9999772732437899,0.9999772732437899,0.5681689052521534,0.5681689052521534,0.7727097111429286,0.7727097111429286,0.0,0.0,0.4318083679916366,0.4318083679916366,0.0,0.9999772732437899,0.0,0.0,0.9999772732437899,0.9999772732437899,0.9999772732437899,0.9999772732437899,0.9999772732437899,0.9999772732437899,0.9999772732437899,0.9999772732437899,0.9999772732437899,0.9999772732437899,0.9999772732437899,0.9999772732437899,0.9999772732437899,0.9999772732437899,0.9999772732437899,0.9999772732437899,0.9999772732437899,0.9999772732437899,0.9999772732437899,0.0,0.0,0.9999772732437899
T,0.0,0.0,0.0,0.0,0.0,0.3962189392652969,0.0,0.0,0.0,0.0,0.0,0.0,0.0,0.9999811324314636,0.0,0.01886756853644271,0.0,0.0,0.0,0.0,0.0,0.0,0.0,0.0,0.0,0.0,0.13207297975509896,0.0,0.0,0.0,0.0,0.0,0.0,0.01886756853644271,0.01886756853644271,0.3962189392652969,0.3962189392652969,0.0,0.0,0.056602705609328126,0.9999811324314636,0.28301352804664065,0.0,0.0,0.0,0.0,0.0,0.0,0.0,0.9999811324314636,0.0,0.32074866511952604,0.0,0.0,0.9999811324314636,0.9999811324314636,0.0,0.9999811324314636,0.9999811324314636,0.9999811324314636,0.9999811324314636,0.9999811324314636,0.9999811324314636,0.9999811324314636,0.9999811324314636,0.0,0.9999811324314636,0.0,0.056602705609328126,0.9433784268221355,0.9999811324314636,0.1509405482915417,0.6226297617026094,0.6037621931661667,0.0,0.11320541121865625,0.0,0.2641459595101979,0.2641459595101979,0.2641459595101979,0.9999811324314636,0.0,0.0,0.90564328974925,0.0,0.8867757212128073,0.9999811324314636,0.37735137072885416,0.584894624629724,0.9999811324314636,0.5471594875568385,0.9999811324314636,0.9999811324314636,0.9999811324314636,0.9999811324314636,0.9999811324314636,0.9999811324314636,0.9999811324314636,0.9999811324314636,0.9999811324314636,0.9999811324314636,0.9999811324314636,0.9999811324314636,0.0,0.0,0.9999811324314636
TAP,0.0,0.0,0.0,0.5199896002079959,0.0,0.5199896002079959,0.5199896002079959,0.5199896002079959,0.0,0.03999920001599968,0.0,0.03999920001599968,0.03999920001599968,0.999980000399992,0.0,0.07999840003199936,0.0,0.03999920001599968,0.03999920001599968,0.03999920001599968,0.03999920001599968,0.03999920001599968,0.03999920001599968,0.03999920001599968,0.03999920001599968,0.03999920001599968,0.03999920001599968,0.0,0.03999920001599968,0.5399892002159957,0.0,0.01999960000799984,0.03999920001599968,0.5399892002159957,0.03999920001599968,0.0,0.0,0.0,0.03999920001599968,0.03999920001599968,0.03999920001599968,0.0999980000399992,0.0,0.0,0.0,0.0,0.0,0.03999920001599968,0.03999920001599968,0.03999920001599968,0.03999920001599968,0.03999920001599968,0.0,0.0,0.999980000399992,0.999980000399992,0.999980000399992,0.999980000399992,0.999980000399992,0.999980000399992,0.999980000399992,0.999980000399992,0.999980000399992,0.999980000399992,0.999980000399992,0.0,0.999980000399992,0.999980000399992,0.07999840003199936,0.1999960000799984,0.999980000399992,0.45999080018399635,0.5999880002399952,0.5999880002399952,0.03999920001599968,0.03999920001599968,0.03999920001599968,0.25999480010399795,0.2999940001199976,0.17999640007199857,0.03999920001599968,0.03999920001599968,0.1399972000559989,0.05999880002399952,0.03999920001599968,0.999980000399992,0.999980000399992,0.7999840003199936,0.999980000399992,0.999980000399992,0.999980000399992,0.999980000399992,0.999980000399992,0.7999840003199936,0.999980000399992,0.999980000399992,0.999980000399992,0.999980000399992,0.999980000399992,0.999980000399992,0.999980000399992,0.999980000399992,0.999980000399992,0.0,0.0,0.999980000399992
TDG,0.0,0.0,0.0,0.0,0.0,0.0,0.0,0.0,0.7916501739547093,0.8124830732693069,0.0,0.0,0.0,0.020832899314597614,0.0,0.020832899314597614,0.0,0.020832899314597614,0.04166579862919523,0.020832899314597614,0.020832899314597614,0.020832899314597614,0.020832899314597614,0.020832899314597614,0.020832899314597614,0.0,0.0,0.0,0.9999791671006855,0.0,0.0,0.0,0.020832899314597614,0.020832899314597614,0.020832899314597614,0.0,0.0,0.6249869794379284,0.0,0.0,0.9999791671006855,0.0,0.020832899314597614,0.020832899314597614,0.020832899314597614,0.020832899314597614,0.020832899314597614,0.0,0.0,0.0,0.0,0.0,0.020832899314597614,0.020832899314597614,0.9999791671006855,0.0,0.9999791671006855,0.9999791671006855,0.9999791671006855,0.9999791671006855,0.9999791671006855,0.9999791671006855,0.9999791671006855,0.9999791671006855,0.9999791671006855,0.020832899314597614,0.9999791671006855,0.10416449657298807,0.04166579862919523,0.9999791671006855,0.9999791671006855,0.9999791671006855,0.5624882814941355,0.5624882814941355,0.020832899314597614,0.020832899314597614,0.020832899314597614,0.020832899314597614,0.04166579862919523,0.04166579862919523,0.020832899314597614,0.020832899314597614,0.020832899314597614,0.9999791671006855,0.5416553821795379,0.9999791671006855,0.9999791671006855,0.5416553821795379,0.5416553821795379,0.5416553821795379,0.9999791671006855,0.9999791671006855,0.9999791671006855,0.9999791671006855,0.9999791671006855,0.9999791671006855,0.9999791671006855,0.9999791671006855,0.9999791671006855,0.9999791671006855,0.9999791671006855,0.9999791671006855,0.9999791671006855,0.0,0.0,0.9999791671006855
TDY,0.0,0.0,0.0,0.0,0.0,0.0,0.0,0.0,0.11363378105043068,0.1818140496806891,0.0,0.0,0.0,0.8181632235631009,0.0,0.0681802686302584,0.0,0.0681802686302584,0.1818140496806891,0.0681802686302584,0.0681802686302584,0.0681802686302584,0.0681802686302584,0.0681802686302584,0.0681802686302584,0.0,0.8636167359832732,0.04545351242017227,0.0,0.022726756210086137,0.022726756210086137,0.022726756210086137,0.04545351242017227,0.0681802686302584,0.0681802686302584,0.0,0.0,0.022726756210086137,0.0,0.0,0.9999772732437899,0.1363605372605168,0.04545351242017227,0.04545351242017227,0.04545351242017227,0.04545351242017227,0.04545351242017227,0.0,0.0,0.0,0.0,0.0,0.04545351242017227,0.04545351242017227,0.9999772732437899,0.9999772732437899,0.8181632235631009,0.9999772732437899,0.9999772732437899,0.9999772732437899,0.9999772732437899,0.9999772732437899,0.9999772732437899,0.9999772732437899,0.9999772732437899,0.04545351242017227,0.9999772732437899,0.9999772732437899,0.0681802686302584,0.9999772732437899,0.9999772732437899,0.9999772732437899,0.7499829549328425,0.9999772732437899,0.0681802686302584,0.0681802686302584,0.0681802686302584,0.0681802686302584,0.0681802686302584,0.0681802686302584,0.0681802686302584,0.0681802686302584,0.0681802686302584,0.15908729347060294,0.5681689052521534,0.9999772732437899,0.9999772732437899,0.5681689052521534,0.5681689052521534,0.5681689052521534,0.5681689052521534,0.9999772732437899,0.9999772732437899,0.9999772732437899,0.9999772732437899,0.9999772732437899,0.9999772732437899,0.9999772732437899,0.9999772732437899,0.9999772732437899,0.9999772732437899,0.9999772732437899,0.9999772732437899,0.0,0.0,0.9999772732437899
TECH,0.0,0.0,0.0,0.0,0.0,0.0,0.0,0.0,0.0,0.0,0.0,0.0,0.0,0.0,0.0,0.08163098712271179,0.0,0.2653007081488133,0.6734556437623722,0.2653007081488133,0.0,0.06122324034203384,0.06122324034203384,0.0,0.0,0.0,0.06122324034203384,0.0,0.2244852145874574,0.0,0.0,0.0,0.0,0.06122324034203384,0.06122324034203384,0.0,0.0,0.0,0.0,0.06122324034203384,0.9999795922532194,0.4081549356135589,0.0,0.0,0.020407746780677947,0.020407746780677947,0.020407746780677947,0.0,0.0,0.0,0.0,0.0,0.020407746780677947,0.020407746780677947,0.9999795922532194,0.9999795922532194,0.9999795922532194,0.9999795922532194,0.9999795922532194,0.9999795922532194,0.9999795922532194,0.9999795922532194,0.9999795922532194,0.9999795922532194,0.9999795922532194,0.020407746780677947,0.9999795922532194,0.0,0.2653007081488133,0.9999795922532194,0.9999795922532194,0.9999795922532194,0.5510091630783045,0.9999795922532194,0.06122324034203384,0.06122324034203384,0.06122324034203384,0.06122324034203384,0.06122324034203384,0.06122324034203384,0.0,0.06122324034203384,0.9999795922532194,0.9999795922532194,0.7959021244464399,0.7142711373237282,0.9999795922532194,0.2653007081488133,0.2653007081488133,0.9999795922532194,0.9999795922532194,0.9999795922532194,0.9999795922532194,0.9999795922532194,0.9999795922532194,0.9999795922532194,0.9999795922532194,0.9999795922532194,0.9999795922532194,0.9999795922532194,0.9999795922532194,0.9999795922532194,0.9999795922532194,0.0,0.0,0.9999795922532194
TEL,0.0,0.0,0.0,0.0,0.0,0.0,0.0,0.0,0.0,0.01851817558934094,0.0,0.0,0.0,0.01851817558934094,0.0,0.07407270235736375,0.0,0.01851817558934094,0.01851817558934094,0.01851817558934094,0.01851817558934094,0.01851817558934094,0.01851817558934094,0.01851817558934094,0.01851817558934094,0.0,0.01851817558934094,0.01851817558934094,0.0,0.0,0.03703635117868188,0.0,0.01851817558934094,0.05555452676802282,0.05555452676802282,0.0,0.0,0.0,0.0,0.0,0.7222088479842966,0.11110905353604564,0.01851817558934094,0.01851817558934094,0.01851817558934094,0.0,0.0,0.0,0.0,0.25925445825077315,0.0,0.0,0.01851817558934094,0.01851817558934094,0.9999814818244107,0.9999814818244107,0.9999814818244107,0.9999814818244107,0.9999814818244107,0.9999814818244107,0.9999814818244107,0.9999814818244107,0.9999814818244107,0.9999814818244107,0.9999814818244107,0.01851817558934094,0.9999814818244107,0.0,0.5185089165015463,0.9999814818244107,0.9999814818244107,0.907390603877706,0.5555452676802282,0.9999814818244107,0.01851817558934094,0.01851817558934094,0.01851817558934094,0.01851817558934094,0.07407270235736375,0.07407270235736375,0.01851817558934094,0.01851817558934094,0.01851817558934094,0.8888724282883651,0.4073998629655007,0.9999814818244107,0.9999814818244107,0.01851817558934094,0.01851817558934094,0.9999814818244107,0.9999814818244107,0.9999814818244107,0.9999814818244107,0.9999814818244107,0.9999814818244107,0.9999814818244107,0.9999814818244107,0.9999814818244107,0.9999814818244107,0.9999814818244107,0.9999814818244107,0.9999814818244107,0.9999814818244107,0.0,0.0,0.9999814818244107
TER,0.0,0.0,0.0,0.023808956929596916,0.023808956929596916,0.023808956929596916,0.023808956929596916,0.023808956929596916,0.023808956929596916,0.023808956929596916,0.023808956929596916,0.04761791385919383,0.04761791385919383,0.023808956929596916,0.0,0.04761791385919383,0.0,0.6190328801695199,0.6428418370991167,0.547606009380729,0.023808956929596916,0.023808956929596916,0.023808956929596916,0.1428537415775815,0.023808956929596916,0.023808956929596916,0.04761791385919383,0.0,0.04761791385919383,0.07142687078879074,0.07142687078879074,0.07142687078879074,0.04761791385919383,0.09523582771838766,0.09523582771838766,0.023808956929596916,0.023808956929596916,0.0,0.023808956929596916,0.023808956929596916,0.023808956929596916,0.023808956929596916,0.023808956929596916,0.0,0.023808956929596916,0.023808956929596916,0.023808956929596916,0.04761791385919383,0.04761791385919383,0.04761791385919383,0.04761791385919383,0.04761791385919383,0.0,0.0,0.9999761910430705,0.9999761910430705,0.9999761910430705,0.9999761910430705,0.9999761910430705,0.9999761910430705,0.9999761910430705,0.9999761910430705,0.9999761910430705,0.9999761910430705,0.9999761910430705,0.0,0.9999761910430705,0.07142687078879074,0.7142687078879074,0.9999761910430705,0.9999761910430705,0.9999761910430705,0.571414966310326,0.9999761910430705,0.023808956929596916,0.023808956929596916,0.023808956929596916,0.023808956929596916,0.023808956929596916,0.023808956929596916,0.023808956929596916,0.023808956929596916,0.40475226780314755,0.9999761910430705,0.9999761910430705,0.9999761910430705,0.9999761910430705,0.023808956929596916,0.9999761910430705,0.023808956929596916,0.6428418370991167,0.9999761910430705,0.9999761910430705,0.9999761910430705,0.9999761910430705,0.9999761910430705,0.9999761910430705,0.9999761910430705,0.9999761910430705,0.9999761910430705,0.9999761910430705,0.9999761910430705,0.9999761910430705,0.0,0.0,0.9999761910430705
TFC,0.0,0.0,0.0,0.9999811324314636,0.0,0.9999811324314636,0.9999811324314636,0.9999811324314636,0.0,0.0,0.9999811324314636,0.0,0.0,0.9999811324314636,0.0,0.03773513707288542,0.0,0.0,0.0,0.0,0.0,0.9999811324314636,0.9999811324314636,0.0,0.0,0.5094243504839532,0.0,0.0,0.09433784268221354,0.9999811324314636,0.0,0.9999811324314636,0.09433784268221354,0.9999811324314636,0.01886756853644271,0.9999811324314636,0.9999811324314636,0.0,0.0,0.0,0.9999811324314636,0.0,0.0,0.0,0.0,0.0,0.0,0.0,0.0,0.9999811324314636,0.9999811324314636,0.9999811324314636,0.0,0.0,0.0,0.0,0.0,0.0,0.0,0.9999811324314636,0.9999811324314636,0.9999811324314636,0.9999811324314636,0.9999811324314636,0.716967604384823,0.0,0.9999811324314636,0.9999811324314636,0.0,0.9999811324314636,0.9999811324314636,0.6792324673119375,0.6037621931661667,0.6037621931661667,0.9999811324314636,0.9999811324314636,0.9999811324314636,0.0,0.056602705609328126,0.056602705609328126,0.0,0.0,0.9999811324314636,0.6981000358483802,0.01886756853644271,0.9999811324314636,0.9999811324314636,0.9999811324314636,0.9999811324314636,0.9999811324314636,0.9999811324314636,0.0,0.0,0.03773513707288542,0.9999811324314636,0.9999811324314636,0.9999811324314636,0.9999811324314636,0.9999811324314636,0.9999811324314636,0.9999811324314636,0.9999811324314636,0.9999811324314636,0.0,0.0,0.9999811324314636
TGT,0.0,0.0,0.0,0.020832899314597614,0.3541592883481594,0.020832899314597614,0.020832899314597614,0.3541592883481594,0.3541592883481594,0.020832899314597614,0.020832899314597614,0.020832899314597614,0.020832899314597614,0.9999791671006855,0.0,0.06249869794379284,0.0,0.08333159725839046,0.3333263890335618,0.020832899314597614,0.020832899314597614,0.020832899314597614,0.020832899314597614,0.08333159725839046,0.020832899314597614,0.020832899314597614,0.020832899314597614,0.020832899314597614,0.020832899314597614,0.020832899314597614,0.37499218766275705,0.12499739588758568,0.020832899314597614,0.020832899314597614,0.39582508697735463,0.020832899314597614,0.020832899314597614,0.020832899314597614,0.020832899314597614,0.020832899314597614,0.7708172746401117,0.3541592883481594,0.020832899314597614,0.020832899314597614,0.020832899314597614,0.020832899314597614,0.020832899314597614,0.020832899314597614,0.020832899314597614,0.020832899314597614,0.5208224828649404,0.020832899314597614,0.020832899314597614,0.020832899314597614,0.9999791671006855,0.9999791671006855,0.6666527780671236,0.9999791671006855,0.9999791671006855,0.9999791671006855,0.9999791671006855,0.9999791671006855,0.9999791671006855,0.9999791671006855,0.9999791671006855,0.020832899314597614,0.9999791671006855,0.020832899314597614,0.10416449657298807,0.9999791671006855,0.9999791671006855,0.9999791671006855,0.5833211808087332,0.49998958355034273,0.9999791671006855,0.020832899314597614,0.020832899314597614,0.06249869794379284,0.06249869794379284,0.020832899314597614,0.3333263890335618,0.020832899314597614,0.9999791671006855,0.9999791671006855,0.9999791671006855,0.5624882814941355,0.9999791671006855,0.3333263890335618,0.8958146705276974,0.3333263890335618,0.9999791671006855,0.9999791671006855,0.9999791671006855,0.6874856773817213,0.9999791671006855,0.9999791671006855,0.9999791671006855,0.9999791671006855,0.9999791671006855,0.9999791671006855,0.9999791671006855,0.9999791671006855,0.9999791671006855,0.0,0.0,0.9999791671006855
TJX,0.0,0.0,0.0,0.0,0.0,0.06976581939954885,0.06976581939954885,0.0,0.0,0.02325527313318295,0.06976581939954885,0.0,0.0,0.9999767447268668,0.0,0.06976581939954885,0.0,0.02325527313318295,0.44185018953047606,0.02325527313318295,0.02325527313318295,0.02325527313318295,0.02325527313318295,0.06976581939954885,0.02325527313318295,0.0,0.0,0.0465105462663659,0.06976581939954885,0.0465105462663659,0.0465105462663659,0.7209134671286714,0.06976581939954885,0.06976581939954885,0.06976581939954885,0.4185949163972931,0.06976581939954885,0.0,0.0,0.0,0.06976581939954885,0.9999767447268668,0.0,0.0,0.0,0.0465105462663659,0.0465105462663659,0.0,0.0,0.0,0.0,0.0,0.0465105462663659,0.0465105462663659,0.9999767447268668,0.8371898327945863,0.9999767447268668,0.9999767447268668,0.9999767447268668,0.9999767447268668,0.9999767447268668,0.9999767447268668,0.9999767447268668,0.9999767447268668,0.9999767447268668,0.0465105462663659,0.9999767447268668,0.0,0.9999767447268668,0.9999767447268668,0.9999767447268668,0.9999767447268668,0.5116160089300249,0.9999767447268668,0.02325527313318295,0.02325527313318295,0.02325527313318295,0.02325527313318295,0.11627636566591475,0.11627636566591475,0.9999767447268668,0.02325527313318295,0.9999767447268668,0.4185949163972931,0.9999767447268668,0.44185018953047606,0.9999767447268668,0.465105462663659,0.9999767447268668,0.9999767447268668,0.9999767447268668,0.9999767447268668,0.9999767447268668,0.9999767447268668,0.9999767447268668,0.9999767447268668,0.9999767447268668,0.9999767447268668,0.9999767447268668,0.9999767447268668,0.9999767447268668,0.9999767447268668,0.9999767447268668,0.0,0.0,0.9999767447268668
TKO,0.0,0.0,0.0,0.0909008271975275,0.0909008271975275,0.9999090991728026,0.0909008271975275,0.0909008271975275,0.0909008271975275,0.0909008271975275,0.0909008271975275,0.0909008271975275,0.0909008271975275,0.9999090991728026,0.0,0.0909008271975275,0.0,0.0909008271975275,0.0909008271975275,0.0909008271975275,0.0909008271975275,0.0909008271975275,0.0909008271975275,0.0909008271975275,0.0909008271975275,0.0909008271975275,0.0909008271975275,0.0909008271975275,0.0909008271975275,0.0909008271975275,0.0909008271975275,0.0909008271975275,0.0909008271975275,0.0909008271975275,0.0909008271975275,0.9999090991728026,0.9999090991728026,0.0909008271975275,0.0909008271975275,0.0909008271975275,0.9999090991728026,0.0909008271975275,0.0909008271975275,0.0909008271975275,0.0909008271975275,0.0909008271975275,0.0909008271975275,0.0909008271975275,0.0909008271975275,0.9999090991728026,0.0909008271975275,0.0909008271975275,0.0909008271975275,0.0909008271975275,0.9999090991728026,0.9999090991728026,0.0909008271975275,0.9999090991728026,0.9999090991728026,0.9999090991728026,0.9999090991728026,0.9999090991728026,0.9999090991728026,0.9999090991728026,0.9999090991728026,0.0909008271975275,0.9999090991728026,0.0909008271975275,0.0909008271975275,0.9999090991728026,0.9999090991728026,0.9999090991728026,0.0909008271975275,0.0909008271975275,0.0909008271975275,0.9999090991728026,0.0909008271975275,0.0909008271975275,0.0909008271975275,0.0909008271975275,0.0909008271975275,0.0909008271975275,0.9999090991728026,0.9999090991728026,0.9999090991728026,0.9999090991728026,0.0909008271975275,0.0909008271975275,0.0909008271975275,0.181801654395055,0.0909008271975275,0.9999090991728026,0.9999090991728026,0.9999090991728026,0.9999090991728026,0.9999090991728026,0.9999090991728026,0.9999090991728026,0.9999090991728026,0.9999090991728026,0.9999090991728026,0.9999090991728026,0.9999090991728026,0.0,0.0,0.9999090991728026
TMO,0.0,0.0,0.0,0.0,0.2666607408724251,0.3555476544965668,0.0,0.2666607408724251,0.2666607408724251,0.04444345681207085,0.0,0.0,0.0,0.13333037043621254,0.0,0.06666518521810627,0.0,0.04444345681207085,0.04444345681207085,0.04444345681207085,0.04444345681207085,0.04444345681207085,0.04444345681207085,0.04444345681207085,0.04444345681207085,0.0,0.0,0.0,0.04444345681207085,0.0,0.3777693829026022,0.0,0.022221728406035424,0.06666518521810627,0.3999911113086376,0.3555476544965668,0.3555476544965668,0.0,0.0,0.06666518521810627,0.04444345681207085,0.04444345681207085,0.04444345681207085,0.0,0.0,0.0,0.0,0.0,0.0,0.0,0.0,0.0,0.04444345681207085,0.04444345681207085,0.9999777782715941,0.9999777782715941,0.5999866669629564,0.9999777782715941,0.9999777782715941,0.9999777782715941,0.9999777782715941,0.9999777782715941,0.9999777782715941,0.9999777782715941,0.9999777782715941,0.04444345681207085,0.9999777782715941,0.3555476544965668,0.04444345681207085,0.9999777782715941,0.9999777782715941,0.9999777782715941,0.6444301237750273,0.7110953089931336,0.04444345681207085,0.04444345681207085,0.04444345681207085,0.04444345681207085,0.04444345681207085,0.04444345681207085,0.04444345681207085,0.04444345681207085,0.04444345681207085,0.5555432101508856,0.7110953089931336,0.4888780249327793,0.9999777782715941,0.04444345681207085,0.04444345681207085,0.577764938556921,0.577764938556921,0.9999777782715941,0.9999777782715941,0.9999777782715941,0.9999777782715941,0.9999777782715941,0.9999777782715941,0.9999777782715941,0.9999777782715941,0.9999777782715941,0.9999777782715941,0.9999777782715941,0.9999777782715941,0.0,0.0,0.9999777782715941
TMUS,0.0,0.0,0.0,0.0,0.0,0.5110997533388147,0.0,0.0,0.0,0.06666518521810627,0.0,0.0,0.0,0.9999777782715941,0.0,0.0888869136241417,0.0,0.06666518521810627,0.1777738272482834,0.06666518521810627,0.06666518521810627,0.06666518521810627,0.06666518521810627,0.1777738272482834,0.06666518521810627,0.0,0.0,0.04444345681207085,0.4888780249327793,0.022221728406035424,0.022221728406035424,0.022221728406035424,0.04444345681207085,0.06666518521810627,0.06666518521810627,0.5110997533388147,0.5110997533388147,0.0,0.0,0.0,0.7777604942112398,0.1777738272482834,0.04444345681207085,0.0,0.04444345681207085,0.04444345681207085,0.0,0.0,0.0,0.0,0.0,0.0,0.04444345681207085,0.04444345681207085,0.9999777782715941,0.9999777782715941,0.0,0.9999777782715941,0.9999777782715941,0.9999777782715941,0.9999777782715941,0.9999777782715941,0.9999777782715941,0.9999777782715941,0.9999777782715941,0.04444345681207085,0.9999777782715941,0.0,0.1777738272482834,0.9777560498655586,0.9999777782715941,0.9999777782715941,0.4888780249327793,0.4888780249327793,0.06666518521810627,0.1777738272482834,0.06666518521810627,0.06666518521810627,0.0888869136241417,0.0888869136241417,0.1777738272482834,0.06666518521810627,0.06666518521810627,0.577764938556921,0.9999777782715941,0.733317037399169,0.9999777782715941,0.06666518521810627,0.06666518521810627,0.9999777782715941,0.9333125930534878,0.9999777782715941,0.9999777782715941,0.2888824692784605,0.9999777782715941,0.9999777782715941,0.9999777782715941,0.9999777782715941,0.9999777782715941,0.9999777782715941,0.9999777782715941,0.9999777782715941,0.9999777782715941,0.0,0.0,0.9999777782715941
TPL,0.0,0.0,0.0,0.0,0.0,0.9999523832198466,0.0,0.0,0.0,0.0,0.0,0.0,0.0,0.9999523832198466,0.0,0.23808390076663014,0.0,0.9999523832198466,0.9999523832198466,0.0,0.0,0.19046712061330412,0.19046712061330412,0.9999523832198466,0.0,0.0,0.0,0.0,0.5714013618399123,0.0,0.0,0.04761678015332603,0.04761678015332603,0.0,0.0,0.9999523832198466,0.9999523832198466,0.0,0.0,0.0,0.9999523832198466,0.4285510213799343,0.0,0.0,0.0,0.0,0.0,0.0,0.0,0.9999523832198466,0.5714013618399123,0.7142517022998904,0.0,0.0,0.9999523832198466,0.9999523832198466,0.9999523832198466,0.9999523832198466,0.9999523832198466,0.9999523832198466,0.9999523832198466,0.9999523832198466,0.9999523832198466,0.9999523832198466,0.9999523832198466,0.0,0.9999523832198466,0.0,0.9999523832198466,0.9999523832198466,0.9999523832198466,0.9999523832198466,0.0,0.9999523832198466,0.9999523832198466,0.9999523832198466,0.0,0.0,0.0,0.0,0.4285510213799343,0.19046712061330412,0.19046712061330412,0.0,0.9999523832198466,0.9999523832198466,0.9999523832198466,0.0,0.19046712061330412,0.19046712061330412,0.9999523832198466,0.9999523832198466,0.9999523832198466,0.9999523832198466,0.9999523832198466,0.9999523832198466,0.9999523832198466,0.9999523832198466,0.9999523832198466,0.9999523832198466,0.9999523832198466,0.9999523832198466,0.9999523832198466,0.0,0.0,0.9999523832198466
TPR,0.0,0.0,0.0,0.0,0.0,0.0,0.0,0.0,0.0,0.0,0.0,0.0,0.0,0.999980000399992,0.0,0.05999880002399952,0.0,0.05999880002399952,0.05999880002399952,0.05999880002399952,0.0,0.05999880002399952,0.05999880002399952,0.0,0.0,0.05999880002399952,0.0,0.01999960000799984,0.999980000399992,0.01999960000799984,0.01999960000799984,0.01999960000799984,0.01999960000799984,0.05999880002399952,0.05999880002399952,0.0,0.0,0.0,0.0,0.0,0.999980000399992,0.7399852002959941,0.01999960000799984,0.0,0.01999960000799984,0.01999960000799984,0.0,0.0,0.0,0.0,0.0,0.0,0.01999960000799984,0.01999960000799984,0.999980000399992,0.0999980000399992,0.5399892002159957,0.999980000399992,0.999980000399992,0.999980000399992,0.999980000399992,0.999980000399992,0.999980000399992,0.999980000399992,0.999980000399992,0.01999960000799984,0.999980000399992,0.0,0.21999560008799826,0.999980000399992,0.999980000399992,0.999980000399992,0.5799884002319954,0.5799884002319954,0.05999880002399952,0.05999880002399952,0.05999880002399952,0.31999360012799744,0.35999280014399715,0.35999280014399715,0.05999880002399952,0.05999880002399952,0.999980000399992,0.17999640007199857,0.999980000399992,0.0999980000399992,0.0999980000399992,0.5399892002159957,0.5399892002159957,0.999980000399992,0.999980000399992,0.999980000399992,0.999980000399992,0.999980000399992,0.999980000399992,0.999980000399992,0.999980000399992,0.999980000399992,0.999980000399992,0.999980000399992,0.999980000399992,0.999980000399992,0.999980000399992,0.0,0.0,0.999980000399992
TRGP,0.0,0.0,0.0,0.4390136825931075,0.0,0.4390136825931075,0.4390136825931075,0.4390136825931075,0.0,0.0,0.0,0.0,0.0,0.9999756103509672,0.0,0.07316894709885126,0.0,0.04877929806590083,0.6585205238896613,0.04877929806590083,0.0,0.04877929806590083,0.04877929806590083,0.29267578839540503,0.0,0.0,0.0,0.0,0.5609619277578596,0.4390136825931075,0.0,0.0,0.024389649032950416,0.4634033316260579,0.04877929806590083,0.4390136825931075,0.07316894709885126,0.0,0.0,0.0,0.9999756103509672,0.19511719226360333,0.0,0.0,0.0,0.0,0.0,0.0,0.0,0.0,0.0,0.34145508646130585,0.0,0.0,0.9999756103509672,0.5609619277578596,0.9999756103509672,0.9999756103509672,0.9999756103509672,0.9999756103509672,0.9999756103509672,0.9999756103509672,0.9999756103509672,0.9999756103509672,0.9999756103509672,0.0,0.9999756103509672,0.0,0.09755859613180166,0.9999756103509672,0.9999756103509672,0.9999756103509672,0.5365722787249092,0.5121826296919587,0.04877929806590083,0.04877929806590083,0.04877929806590083,0.04877929806590083,0.04877929806590083,0.04877929806590083,0.09755859613180166,0.04877929806590083,0.07316894709885126,0.17072754323065292,0.04877929806590083,0.9999756103509672,0.9999756103509672,0.29267578839540503,0.9999756103509672,0.878027365186215,0.9999756103509672,0.9999756103509672,0.9999756103509672,0.9999756103509672,0.9999756103509672,0.9999756103509672,0.9999756103509672,0.9999756103509672,0.9999756103509672,0.9999756103509672,0.9999756103509672,0.9999756103509672,0.9999756103509672,0.0,0.0,0.9999756103509672
TRMB,0.0,0.0,0.0,0.0,0.0,0.0,0.0,0.0,0.0,0.0,0.0,0.0,0.0,0.0,0.0,0.0465105462663659,0.0,0.0,0.0,0.0,0.0,0.0,0.0,0.0,0.0,0.0,0.0,0.0,0.6511476477291226,0.0,0.0,0.0,0.0,0.02325527313318295,0.02325527313318295,0.0,0.0,0.0,0.0,0.0,0.7906792865282203,0.0,0.0,0.0,0.0,0.0,0.0,0.0,0.0,0.0,0.0,0.0,0.0,0.0,0.9999767447268668,0.16278691193228065,0.1395316387990977,0.9999767447268668,0.9999767447268668,0.9999767447268668,0.9999767447268668,0.9999767447268668,0.9999767447268668,0.9999767447268668,0.9999767447268668,0.0,0.9999767447268668,0.8371898327945863,0.0930210925327318,0.30231855073137837,0.9999767447268668,0.9999767447268668,0.5813818283295737,0.9999767447268668,0.0,0.0,0.0,0.0,0.06976581939954885,0.06976581939954885,0.0,0.0,0.9999767447268668,0.02325527313318295,0.1395316387990977,0.7674240133950374,0.9999767447268668,0.0,0.0,0.0,0.5116160089300249,0.9999767447268668,0.9999767447268668,0.9999767447268668,0.9999767447268668,0.9999767447268668,0.9999767447268668,0.9999767447268668,0.9999767447268668,0.9999767447268668,0.9999767447268668,0.9999767447268668,0.9999767447268668,0.0,0.0,0.9999767447268668
TROW,0.0,0.0,0.0,0.0,0.0,0.7499843753255141,0.0,0.0,0.0,0.06249869794379284,0.0,0.0,0.0,0.9999791671006855,0.0,0.08333159725839046,0.0,0.9999791671006855,0.9999791671006855,0.06249869794379284,0.06249869794379284,0.9999791671006855,0.9999791671006855,0.12499739588758568,0.06249869794379284,0.0,0.0,0.020832899314597614,0.9999791671006855,0.10416449657298807,0.0,0.020832899314597614,0.04166579862919523,0.06249869794379284,0.06249869794379284,0.9999791671006855,0.7499843753255141,0.0,0.0,0.0,0.7499843753255141,0.5416553821795379,0.0,0.0,0.020832899314597614,0.020832899314597614,0.020832899314597614,0.0,0.0,0.9999791671006855,0.37499218766275705,0.37499218766275705,0.020832899314597614,0.020832899314597614,0.9999791671006855,0.6041540801233308,0.9999791671006855,0.9999791671006855,0.9999791671006855,0.9999791671006855,0.9999791671006855,0.9999791671006855,0.9999791671006855,0.9999791671006855,0.9999791671006855,0.020832899314597614,0.9999791671006855,0.9999791671006855,0.9999791671006855,0.9999791671006855,0.9999791671006855,0.9999791671006855,0.5416553821795379,0.9999791671006855,0.9999791671006855,0.9999791671006855,0.9999791671006855,0.06249869794379284,0.06249869794379284,0.06249869794379284,0.49998958355034273,0.9999791671006855,0.9999791671006855,0.20832899314597614,0.6874856773817213,0.9999791671006855,0.9999791671006855,0.9999791671006855,0.9999791671006855,0.9999791671006855,0.9999791671006855,0.9999791671006855,0.9999791671006855,0.9999791671006855,0.9999791671006855,0.9999791671006855,0.9999791671006855,0.9999791671006855,0.9999791671006855,0.9999791671006855,0.9999791671006855,0.9999791671006855,0.9999791671006855,0.0,0.0,0.9999791671006855
TRV,0.0,0.0,0.0,0.0,0.03703635117868188,0.9999814818244107,0.7222088479842966,0.03703635117868188,0.03703635117868188,0.03703635117868188,0.7222088479842966,0.0,0.0,0.9999814818244107,0.0,0.07407270235736375,0.0,0.7222088479842966,0.09259087794670469,0.09259087794670469,0.03703635117868188,0.9999814818244107,0.9999814818244107,0.03703635117868188,0.03703635117868188,0.0,0.03703635117868188,0.03703635117868188,0.296290809429455,0.0,0.03703635117868188,0.7407270235736375,0.01851817558934094,0.05555452676802282,0.09259087794670469,0.9999814818244107,0.9999814818244107,0.0,0.0,0.09259087794670469,0.9999814818244107,0.09259087794670469,0.03703635117868188,0.03703635117868188,0.03703635117868188,0.03703635117868188,0.03703635117868188,0.0,0.0,0.9999814818244107,0.9999814818244107,0.9999814818244107,0.03703635117868188,0.03703635117868188,0.7407270235736375,0.9999814818244107,0.9999814818244107,0.9999814818244107,0.9999814818244107,0.0,0.03703635117868188,0.0,0.0,0.09259087794670469,0.9999814818244107,0.03703635117868188,0.9999814818244107,0.37036351178681876,0.9999814818244107,0.22221810707209128,0.9999814818244107,0.22221810707209128,0.5185089165015463,0.9999814818244107,0.9999814818244107,0.9999814818244107,0.9999814818244107,0.9999814818244107,0.9999814818244107,0.9999814818244107,0.09259087794670469,0.0,0.0,0.8147997259310014,0.9999814818244107,0.9999814818244107,0.9999814818244107,0.9999814818244107,0.9999814818244107,0.9999814818244107,0.9999814818244107,0.9999814818244107,0.9999814818244107,0.9999814818244107,0.9999814818244107,0.03703635117868188,0.03703635117868188,0.9999814818244107,0.9999814818244107,0.9999814818244107,0.9999814818244107,0.9999814818244107,0.9999814818244107,0.0,0.0,0.9999814818244107
TSCO,0.0,0.0,0.0,0.5490088429638634,0.0,0.5490088429638634,0.5490088429638634,0.5490088429638634,0.0,0.0,0.0,0.0,0.0,0.9999803925413228,0.0,0.07842983470912335,0.0,0.43136409090017847,0.9999803925413228,0.43136409090017847,0.0,0.0,0.0,0.0,0.0,0.0,0.0,0.019607458677280837,0.0,0.5490088429638634,0.0,0.0,0.019607458677280837,0.5490088429638634,0.05882237603184252,0.0,0.0,0.0,0.0,0.0,0.9999803925413228,0.9999803925413228,0.0,0.0,0.019607458677280837,0.019607458677280837,0.019607458677280837,0.0,0.0,0.0,0.9999803925413228,0.0,0.019607458677280837,0.019607458677280837,0.9999803925413228,0.9999803925413228,0.9999803925413228,0.9999803925413228,0.9999803925413228,0.9999803925413228,0.9999803925413228,0.9999803925413228,0.9999803925413228,0.9999803925413228,0.9999803925413228,0.019607458677280837,0.9999803925413228,0.6862610537048294,0.49018646693202095,0.9999803925413228,0.9999803925413228,0.9999803925413228,0.5490088429638634,0.5490088429638634,0.9999803925413228,0.0,0.0,0.0,0.039214917354561674,0.039214917354561674,0.7646908884139527,0.0,0.0,0.039214917354561674,0.9999803925413228,0.9411580165094803,0.9999803925413228,0.9999803925413228,0.9999803925413228,0.9999803925413228,0.9999803925413228,0.9999803925413228,0.9999803925413228,0.9999803925413228,0.9999803925413228,0.9999803925413228,0.9999803925413228,0.9999803925413228,0.9999803925413228,0.9999803925413228,0.9999803925413228,0.9999803925413228,0.9999803925413228,0.0,0.0,0.9999803925413228
TSLA,0.0,0.0,0.0,0.0,0.0,0.0,0.0,0.0,0.08333159725839046,0.08333159725839046,0.0,0.0,0.0,0.0,0.0,0.06249869794379284,0.0,0.06249869794379284,0.24999479177517137,0.06249869794379284,0.06249869794379284,0.06249869794379284,0.06249869794379284,0.43749088560654986,0.06249869794379284,0.0,0.0,0.020832899314597614,0.0,0.020832899314597614,0.020832899314597614,0.020832899314597614,0.04166579862919523,0.06249869794379284,0.06249869794379284,0.0,0.0,0.08333159725839046,0.0,0.0,0.0,0.645819878752526,0.020832899314597614,0.020832899314597614,0.020832899314597614,0.020832899314597614,0.020832899314597614,0.0,0.0,0.3541592883481594,0.0,0.0,0.020832899314597614,0.020832899314597614,0.9999791671006855,0.9999791671006855,0.9999791671006855,0.9999791671006855,0.9999791671006855,0.9999791671006855,0.9999791671006855,0.9999791671006855,0.9999791671006855,0.9999791671006855,0.37499218766275705,0.0,0.9999791671006855,0.4791566842357451,0.12499739588758568,0.9999791671006855,0.9999791671006855,0.9999791671006855,0.5208224828649404,0.5208224828649404,0.06249869794379284,0.06249869794379284,0.06249869794379284,0.06249869794379284,0.06249869794379284,0.06249869794379284,0.3541592883481594,0.06249869794379284,0.9999791671006855,0.6249869794379284,0.43749088560654986,0.7499843753255141,0.9999791671006855,0.06249869794379284,0.06249869794379284,0.06249869794379284,0.8124830732693069,0.9999791671006855,0.9999791671006855,0.6041540801233308,0.9999791671006855,0.9999791671006855,0.9999791671006855,0.9999791671006855,0.9999791671006855,0.9999791671006855,0.9999791671006855,0.9999791671006855,0.9999791671006855,0.0,0.0,0.9999791671006855
TSN,0.0,0.0,0.0,0.0,0.0,0.0,0.0,0.0,0.0,0.0,0.0,0.01999960000799984,0.01999960000799984,0.01999960000799984,0.0,0.0,0.0,0.0,0.0,0.0,0.0,0.0,0.0,0.0,0.0,0.01999960000799984,0.25999480010399795,0.0,0.01999960000799984,0.0,0.0,0.0,0.01999960000799984,0.0,0.0,0.01999960000799984,0.0,0.0,0.01999960000799984,0.01999960000799984,0.01999960000799984,0.0999980000399992,0.0,0.0,0.0,0.0,0.0,0.01999960000799984,0.01999960000799984,0.01999960000799984,0.01999960000799984,0.01999960000799984,0.0,0.0,0.999980000399992,0.999980000399992,0.999980000399992,0.999980000399992,0.999980000399992,0.999980000399992,0.999980000399992,0.999980000399992,0.999980000399992,0.999980000399992,0.999980000399992,0.0,0.999980000399992,0.25999480010399795,0.0,0.999980000399992,0.999980000399992,0.999980000399992,0.5999880002399952,0.8599828003439932,0.0,0.0,0.0,0.0,0.01999960000799984,0.01999960000799984,0.0,0.0,0.0,0.999980000399992,0.0,0.999980000399992,0.999980000399992,0.999980000399992,0.999980000399992,0.999980000399992,0.999980000399992,0.999980000399992,0.999980000399992,0.999980000399992,0.999980000399992,0.999980000399992,0.999980000399992,0.999980000399992,0.999980000399992,0.999980000399992,0.999980000399992,0.999980000399992,0.999980000399992,0.0,0.0,0.999980000399992
TT,0.0,0.0,0.0,0.0,0.0,0.2264108224373125,0.0,0.0,0.0,0.03773513707288542,0.0,0.0,0.0,0.03773513707288542,0.0,0.09433784268221354,0.0,0.03773513707288542,0.03773513707288542,0.03773513707288542,0.03773513707288542,0.03773513707288542,0.03773513707288542,0.03773513707288542,0.03773513707288542,0.0,0.0,0.0,0.0,0.0,0.0,0.0,0.01886756853644271,0.056602705609328126,0.056602705609328126,0.2264108224373125,0.2264108224373125,0.0,0.0,0.11320541121865625,0.4150865078017396,0.03773513707288542,0.0,0.0,0.01886756853644271,0.0,0.0,0.0,0.0,0.0,0.0,0.0,0.0,0.01886756853644271,0.9999811324314636,0.9999811324314636,0.90564328974925,0.9999811324314636,0.9999811324314636,0.9999811324314636,0.9999811324314636,0.9999811324314636,0.9999811324314636,0.9999811324314636,0.9999811324314636,0.01886756853644271,0.9999811324314636,0.4150865078017396,0.16980811682798438,0.9999811324314636,0.9999811324314636,0.49055678194751046,0.8113054470670366,0.9999811324314636,0.03773513707288542,0.03773513707288542,0.03773513707288542,0.03773513707288542,0.11320541121865625,0.11320541121865625,0.03773513707288542,0.03773513707288542,0.24527839097375523,0.9999811324314636,0.03773513707288542,0.9999811324314636,0.9999811324314636,0.5660270560932813,0.9999811324314636,0.6792324673119375,0.9999811324314636,0.9999811324314636,0.9999811324314636,0.9999811324314636,0.9999811324314636,0.9999811324314636,0.9999811324314636,0.9999811324314636,0.9999811324314636,0.9999811324314636,0.9999811324314636,0.9999811324314636,0.9999811324314636,0.0,0.0,0.9999811324314636
TTD,0.0,0.0,0.0,0.1666611112962901,0.0,0.1666611112962901,0.1666611112962901,0.1666611112962901,0.033332222259258026,0.033332222259258026,0.0,0.0,0.0,0.0,0.0,0.0,0.0,0.9999666677777407,0.9999666677777407,0.033332222259258026,0.033332222259258026,0.033332222259258026,0.033332222259258026,0.9999666677777407,0.033332222259258026,0.0,0.0,0.033332222259258026,0.2666577780740642,0.23332555581480616,0.0,0.0,0.033332222259258026,0.23332555581480616,0.09999666677777407,0.0,0.1666611112962901,0.0,0.0,0.0,0.9999666677777407,0.9999666677777407,0.033332222259258026,0.033332222259258026,0.033332222259258026,0.033332222259258026,0.033332222259258026,0.0,0.0,0.9999666677777407,0.0,0.0,0.033332222259258026,0.033332222259258026,0.9999666677777407,0.23332555581480616,0.0,0.9999666677777407,0.9999666677777407,0.9999666677777407,0.9999666677777407,0.9999666677777407,0.9999666677777407,0.9999666677777407,0.9999666677777407,0.033332222259258026,0.9999666677777407,0.0,0.9999666677777407,0.9999666677777407,0.9999666677777407,0.9999666677777407,0.3333222225925802,0.9999666677777407,0.033332222259258026,0.9999666677777407,0.033332222259258026,0.033332222259258026,0.033332222259258026,0.033332222259258026,0.9999666677777407,0.033332222259258026,0.9999666677777407,0.6666444451851604,0.9999666677777407,0.3333222225925802,0.9999666677777407,0.9999666677777407,0.9999666677777407,0.9999666677777407,0.9999666677777407,0.9999666677777407,0.9999666677777407,0.9999666677777407,0.9999666677777407,0.9999666677777407,0.9999666677777407,0.9999666677777407,0.9999666677777407,0.9999666677777407,0.9999666677777407,0.9999666677777407,0.9999666677777407,0.0,0.0,0.9999666677777407
TTWO,0.0,0.0,0.0,0.021276143060785943,0.021276143060785943,0.021276143060785943,0.021276143060785943,0.021276143060785943,0.021276143060785943,0.021276143060785943,0.021276143060785943,0.021276143060785943,0.021276143060785943,0.9361502946745814,0.0,0.06382842918235783,0.0,0.1489330014255016,0.6382842918235783,0.1489330014255016,0.021276143060785943,0.021276143060785943,0.021276143060785943,0.021276143060785943,0.021276143060785943,0.021276143060785943,0.021276143060785943,0.021276143060785943,0.8084934363098658,0.06382842918235783,0.021276143060785943,0.021276143060785943,0.06382842918235783,0.042552286121571886,0.042552286121571886,0.021276143060785943,0.021276143060785943,0.021276143060785943,0.021276143060785943,0.021276143060785943,0.9999787238569393,0.021276143060785943,0.021276143060785943,0.021276143060785943,0.021276143060785943,0.021276143060785943,0.021276143060785943,0.021276143060785943,0.08510457224314377,0.19148528754707347,0.021276143060785943,0.9999787238569393,0.021276143060785943,0.021276143060785943,0.9999787238569393,0.9999787238569393,0.9999787238569393,0.9999787238569393,0.9999787238569393,0.9999787238569393,0.9999787238569393,0.9999787238569393,0.9999787238569393,0.9999787238569393,0.9999787238569393,0.021276143060785943,0.9999787238569393,0.021276143060785943,0.4042467181549329,0.7872172932490799,0.9999787238569393,0.9999787238569393,0.5531797195804344,0.9999787238569393,0.021276143060785943,0.19148528754707347,0.021276143060785943,0.021276143060785943,0.06382842918235783,0.06382842918235783,0.021276143060785943,0.021276143060785943,0.21276143060785943,0.3404182889725751,0.8935980085530095,0.23403757366864536,0.9999787238569393,0.021276143060785943,0.021276143060785943,0.23403757366864536,0.4893512903980767,0.9999787238569393,0.9999787238569393,0.9999787238569393,0.9999787238569393,0.9999787238569393,0.9999787238569393,0.9999787238569393,0.9999787238569393,0.9999787238569393,0.9999787238569393,0.9999787238569393,0.9999787238569393,0.0,0.0,0.9999787238569393
TXN,0.0,0.0,0.0,0.042552286121571886,0.042552286121571886,0.042552286121571886,0.042552286121571886,0.042552286121571886,0.042552286121571886,0.042552286121571886,0.042552286121571886,0.042552286121571886,0.042552286121571886,0.042552286121571886,0.042552286121571886,0.042552286121571886,0.0,0.12765685836471566,0.12765685836471566,0.12765685836471566,0.042552286121571886,0.042552286121571886,0.042552286121571886,0.042552286121571886,0.042552286121571886,0.042552286121571886,0.042552286121571886,0.042552286121571886,0.08510457224314377,0.0,0.0,0.0,0.021276143060785943,0.08510457224314377,0.08510457224314377,0.042552286121571886,0.042552286121571886,0.0,0.042552286121571886,0.042552286121571886,0.5744558626412204,0.1489330014255016,0.042552286121571886,0.042552286121571886,0.042552286121571886,0.042552286121571886,0.042552286121571886,0.042552286121571886,0.042552286121571886,0.042552286121571886,0.042552286121571886,0.042552286121571886,0.042552286121571886,0.042552286121571886,0.9999787238569393,0.9999787238569393,0.9999787238569393,0.9999787238569393,0.9999787238569393,0.9999787238569393,0.9999787238569393,0.9999787238569393,0.9999787238569393,0.9999787238569393,0.6595604348843642,0.042552286121571886,0.9999787238569393,0.9999787238569393,0.1489330014255016,0.9999787238569393,0.9999787238569393,0.12765685836471566,0.5319035765196486,0.9999787238569393,0.042552286121571886,0.042552286121571886,0.042552286121571886,0.042552286121571886,0.042552286121571886,0.042552286121571886,0.2765898597902172,0.042552286121571886,0.042552286121571886,0.042552286121571886,0.9999787238569393,0.042552286121571886,0.042552286121571886,0.9999787238569393,0.9999787238569393,0.9999787238569393,0.9999787238569393,0.9999787238569393,0.9999787238569393,0.9999787238569393,0.9999787238569393,0.9999787238569393,0.9999787238569393,0.9999787238569393,0.9999787238569393,0.9999787238569393,0.9999787238569393,0.9999787238569393,0.9999787238569393,0.0,0.0,0.9999787238569393
TXT,0.0,0.0,0.0,0.0,0.0,0.1818140496806891,0.1818140496806891,0.0,0.0,0.022726756210086137,0.1818140496806891,0.0,0.0,0.022726756210086137,0.0,0.022726756210086137,0.0,0.9999772732437899,0.9999772732437899,0.022726756210086137,0.022726756210086137,0.9999772732437899,0.9999772732437899,0.9999772732437899,0.022726756210086137,0.0,0.022726756210086137,0.0,0.1818140496806891,0.022726756210086137,0.022726756210086137,0.9545237608236177,0.022726756210086137,0.04545351242017227,0.04545351242017227,0.1818140496806891,0.1818140496806891,0.022726756210086137,0.0,0.0,0.9999772732437899,0.022726756210086137,0.0,0.0,0.022726756210086137,0.022726756210086137,0.022726756210086137,0.0,0.0,0.0,0.0,0.0,0.022726756210086137,0.022726756210086137,0.9999772732437899,0.7272561987227564,0.3636280993613782,0.9999772732437899,0.9999772732437899,0.9999772732437899,0.9999772732437899,0.9999772732437899,0.9999772732437899,0.9999772732437899,0.9999772732437899,0.022726756210086137,0.9999772732437899,0.0,0.9999772732437899,0.9999772732437899,0.9999772732437899,0.9999772732437899,0.7727097111429286,0.7045294425126702,0.8636167359832732,0.09090702484034455,0.9999772732437899,0.1818140496806891,0.29544783073111974,0.20454080589077522,0.09090702484034455,0.022726756210086137,0.022726756210086137,0.9999772732437899,0.9999772732437899,0.9999772732437899,0.9999772732437899,0.3636280993613782,0.7954364673530148,0.9999772732437899,0.5681689052521534,0.9999772732437899,0.9999772732437899,0.022726756210086137,0.9999772732437899,0.9999772732437899,0.9999772732437899,0.9999772732437899,0.9999772732437899,0.9999772732437899,0.9999772732437899,0.9999772732437899,0.9999772732437899,0.0,0.0,0.9999772732437899
TYL,0.0,0.0,0.0,0.0,0.0,0.0,0.0,0.0,0.0,0.0,0.0,0.0,0.0,0.9999782613421447,0.0,0.021738657855264017,0.0,0.7173757092237125,0.7391143670789766,0.7173757092237125,0.0,0.0,0.0,0.0,0.0,0.0,0.0,0.0,0.6738983935131845,0.0,0.0,0.0,0.0,0.0,0.0,0.0,0.0,0.0,0.0,0.0,0.9999782613421447,0.0,0.0,0.0,0.0,0.0,0.0,0.0,0.0,0.9999782613421447,0.0,0.0,0.0,0.0,0.9999782613421447,0.6521597356579205,0.0,0.9999782613421447,0.9999782613421447,0.9999782613421447,0.9999782613421447,0.9999782613421447,0.9999782613421447,0.9999782613421447,0.9999782613421447,0.0,0.9999782613421447,0.0,0.7173757092237125,0.9782396034868808,0.9999782613421447,0.9999782613421447,0.5652051042368644,0.9999782613421447,0.0,0.9999782613421447,0.0,0.0,0.0,0.0,0.0,0.0,0.0,0.2608638942631682,0.9999782613421447,0.3478185256842243,0.6738983935131845,0.0,0.0,0.3695571835394883,0.49998913067107237,0.9999782613421447,0.9999782613421447,0.9999782613421447,0.9999782613421447,0.9999782613421447,0.9999782613421447,0.9999782613421447,0.9999782613421447,0.9999782613421447,0.9999782613421447,0.9999782613421447,0.9999782613421447,0.0,0.0,0.9999782613421447
UAL,0.0,0.0,0.0,0.0,0.0,0.9999782613421447,0.0,0.0,0.06521597356579205,0.06521597356579205,0.0,0.0,0.0,0.9999782613421447,0.0,0.06521597356579205,0.0,0.043477315710528035,0.043477315710528035,0.043477315710528035,0.043477315710528035,0.043477315710528035,0.043477315710528035,0.06521597356579205,0.043477315710528035,0.9999782613421447,0.0,0.021738657855264017,0.17390926284211214,0.0,0.0,0.0,0.021738657855264017,0.06521597356579205,0.06521597356579205,0.9999782613421447,0.9999782613421447,0.043477315710528035,0.06521597356579205,0.0,0.0,0.06521597356579205,0.021738657855264017,0.0,0.0,0.0,0.0,0.0,0.0,0.9999782613421447,0.0,0.0,0.0,0.021738657855264017,0.9999782613421447,0.9999782613421447,0.6956370513684486,0.9999782613421447,0.9999782613421447,0.9999782613421447,0.9999782613421447,0.9999782613421447,0.9999782613421447,0.9999782613421447,0.9999782613421447,0.021738657855264017,0.9999782613421447,0.5217277885263364,0.5652051042368644,0.9999782613421447,0.9999782613421447,0.9999782613421447,0.5217277885263364,0.43477315710528036,0.043477315710528035,0.9130236299210888,0.043477315710528035,0.2608638942631682,0.7391143670789766,0.7391143670789766,0.043477315710528035,0.043477315710528035,0.043477315710528035,0.3478185256842243,0.9999782613421447,0.06521597356579205,0.8478076563552966,0.9130236299210888,0.9999782613421447,0.9999782613421447,0.9999782613421447,0.9999782613421447,0.9999782613421447,0.6738983935131845,0.9999782613421447,0.9999782613421447,0.9999782613421447,0.9999782613421447,0.9999782613421447,0.9999782613421447,0.9999782613421447,0.9999782613421447,0.9999782613421447,0.0,0.0,0.9999782613421447
UBER,0.0,0.0,0.0,0.0,0.0,0.0,0.0,0.0,0.1249947918836715,0.1249947918836715,0.0,0.0,0.0,0.0,0.0,0.1249947918836715,0.0,0.1249947918836715,0.1249947918836715,0.1249947918836715,0.1249947918836715,0.1249947918836715,0.1249947918836715,0.0,0.1249947918836715,0.0,0.0,0.0,0.0,0.0416649306278905,0.0416649306278905,0.0416649306278905,0.0416649306278905,0.1249947918836715,0.1249947918836715,0.0,0.0,0.0,0.0,0.0,0.0,0.0,0.0416649306278905,0.0416649306278905,0.0416649306278905,0.0,0.0,0.0,0.0,0.999958335069372,0.0,0.0,0.0,0.0416649306278905,0.999958335069372,0.999958335069372,0.0416649306278905,0.999958335069372,0.999958335069372,0.999958335069372,0.999958335069372,0.999958335069372,0.999958335069372,0.999958335069372,0.666638890046248,0.0416649306278905,0.999958335069372,0.0,0.1249947918836715,0.999958335069372,0.999958335069372,0.83329861255781,0.1249947918836715,0.1249947918836715,0.1249947918836715,0.999958335069372,0.1249947918836715,0.2083246531394525,0.29165451439523354,0.29165451439523354,0.1249947918836715,0.1249947918836715,0.999958335069372,0.999958335069372,0.999958335069372,0.999958335069372,0.999958335069372,0.29165451439523354,0.7083038206741386,0.999958335069372,0.29165451439523354,0.999958335069372,0.999958335069372,0.999958335069372,0.999958335069372,0.999958335069372,0.999958335069372,0.999958335069372,0.999958335069372,0.999958335069372,0.999958335069372,0.999958335069372,0.999958335069372,0.0,0.0,0.999958335069372
UDR,0.0,0.0,0.0,0.0,0.0,0.9999807696005847,0.0,0.0,0.0,0.03846079883079172,0.0,0.0,0.0,0.9999807696005847,0.0,0.07692159766158344,0.0,0.15384319532316687,0.9999807696005847,0.15384319532316687,0.03846079883079172,0.9999807696005847,0.9999807696005847,0.9999807696005847,0.03846079883079172,0.2884559912309379,0.2307647929847503,0.01923039941539586,0.03846079883079172,0.057691198246187576,0.0,0.0,0.01923039941539586,0.057691198246187576,0.057691198246187576,0.9999807696005847,0.9999807696005847,0.0,0.03846079883079172,0.15384319532316687,0.9999807696005847,0.9999807696005847,0.0,0.0,0.0,0.01923039941539586,0.01923039941539586,0.0,0.0,0.9999807696005847,0.9999807696005847,0.9999807696005847,0.01923039941539586,0.0,0.9999807696005847,0.9999807696005847,0.4422991865541048,0.9999807696005847,0.9999807696005847,0.9999807696005847,0.9999807696005847,0.9999807696005847,0.9999807696005847,0.9999807696005847,0.15384319532316687,0.01923039941539586,0.9999807696005847,0.0,0.15384319532316687,0.9999807696005847,0.9999807696005847,0.9999807696005847,0.5576815830464799,0.9999807696005847,0.9999807696005847,0.9999807696005847,0.9999807696005847,0.9999807696005847,0.9999807696005847,0.9999807696005847,0.34614718947712547,0.9999807696005847,0.9999807696005847,0.8269071748620219,0.03846079883079172,0.9999807696005847,0.9999807696005847,0.9999807696005847,0.9999807696005847,0.9999807696005847,0.9999807696005847,0.7884463760312302,0.9999807696005847,0.6538335801234592,0.9999807696005847,0.9999807696005847,0.9999807696005847,0.03846079883079172,0.03846079883079172,0.9999807696005847,0.9999807696005847,0.9999807696005847,0.9999807696005847,0.0,0.0,0.9999807696005847
UHS,0.0,0.0,0.0,0.06666518521810627,0.0,0.9999777782715941,0.06666518521810627,0.06666518521810627,0.0,0.04444345681207085,0.0,0.0,0.0,0.9999777782715941,0.0,0.0,0.0,0.04444345681207085,0.04444345681207085,0.04444345681207085,0.04444345681207085,0.04444345681207085,0.04444345681207085,0.04444345681207085,0.04444345681207085,0.9999777782715941,0.0,0.022221728406035424,0.0,0.06666518521810627,0.0,0.0,0.022221728406035424,0.0888869136241417,0.06666518521810627,0.9999777782715941,0.9999777782715941,0.0,0.0,0.0,0.9999777782715941,0.9999777782715941,0.0,0.0,0.0,0.022221728406035424,0.0,0.0,0.0,0.9999777782715941,0.0,0.9999777782715941,0.022221728406035424,0.022221728406035424,0.9999777782715941,0.5999866669629564,0.4666562965267439,0.9999777782715941,0.9999777782715941,0.9999777782715941,0.9999777782715941,0.9999777782715941,0.9999777782715941,0.9999777782715941,0.9999777782715941,0.022221728406035424,0.9999777782715941,0.5555432101508856,0.06666518521810627,0.9999777782715941,0.9999777782715941,0.9999777782715941,0.5333214817448502,0.5333214817448502,0.04444345681207085,0.9999777782715941,0.04444345681207085,0.04444345681207085,0.04444345681207085,0.04444345681207085,0.33332592609053135,0.04444345681207085,0.9999777782715941,0.9999777782715941,0.04444345681207085,0.9999777782715941,0.9999777782715941,0.8444256794293461,0.9999777782715941,0.9999777782715941,0.9999777782715941,0.9999777782715941,0.9999777782715941,0.9999777782715941,0.9999777782715941,0.0888869136241417,0.9999777782715941,0.9999777782715941,0.9999777782715941,0.9999777782715941,0.9999777782715941,0.9999777782715941,0.9999777782715941,0.0,0.0,0.9999777782715941
ULTA,0.0,0.0,0.0,0.0,0.0,0.0,0.0,0.0,0.0,0.0,0.0,0.0,0.0,0.9999767447268668,0.0,0.02325527313318295,0.0,0.9069556521941351,0.8604451059277691,0.7674240133950374,0.0,0.0,0.0,0.44185018953047606,0.0,0.0,0.0,0.0,0.8139345596614033,0.0,0.0,0.0,0.0,0.0,0.0,0.0,0.0,0.0,0.0,0.0,0.9999767447268668,0.3488290969977443,0.0,0.0,0.0,0.0,0.0,0.0,0.0,0.1860421850654636,0.0,0.0,0.0,0.0,0.9999767447268668,0.5581265551963908,0.9999767447268668,0.9999767447268668,0.9999767447268668,0.9999767447268668,0.9999767447268668,0.9999767447268668,0.9999767447268668,0.9999767447268668,0.9999767447268668,0.0,0.9999767447268668,0.0,0.9999767447268668,0.9999767447268668,0.9999767447268668,0.9999767447268668,0.5116160089300249,0.9999767447268668,0.0,0.9999767447268668,0.0,0.0,0.0,0.0,0.5813818283295737,0.0,0.0,0.9999767447268668,0.9999767447268668,0.39533964326411014,0.9999767447268668,0.0,0.0,0.9999767447268668,0.9999767447268668,0.9999767447268668,0.9999767447268668,0.9999767447268668,0.9999767447268668,0.9999767447268668,0.9999767447268668,0.9999767447268668,0.9999767447268668,0.9999767447268668,0.9999767447268668,0.9999767447268668,0.9999767447268668,0.0,0.0,0.9999767447268668
UNH,0.0,0.0,0.0,0.01923039941539586,0.01923039941539586,0.01923039941539586,0.01923039941539586,0.01923039941539586,0.01923039941539586,0.057691198246187576,0.01923039941539586,0.01923039941539586,0.01923039941539586,0.9999807696005847,0.0,0.09615199707697929,0.0,0.057691198246187576,0.057691198246187576,0.057691198246187576,0.057691198246187576,0.057691198246187576,0.057691198246187576,0.057691198246187576,0.057691198246187576,0.01923039941539586,0.01923039941539586,0.01923039941539586,0.01923039941539586,0.01923039941539586,0.01923039941539586,0.01923039941539586,0.03846079883079172,0.057691198246187576,0.057691198246187576,0.01923039941539586,0.01923039941539586,0.01923039941539586,0.01923039941539586,0.01923039941539586,0.9999807696005847,0.15384319532316687,0.01923039941539586,0.01923039941539586,0.01923039941539586,0.01923039941539586,0.01923039941539586,0.01923039941539586,0.01923039941539586,0.9999807696005847,0.01923039941539586,0.01923039941539586,0.03846079883079172,0.03846079883079172,0.9999807696005847,0.9999807696005847,0.9999807696005847,0.9999807696005847,0.9999807696005847,0.01923039941539586,0.9999807696005847,0.6538335801234592,0.9999807696005847,0.9999807696005847,0.9999807696005847,0.03846079883079172,0.9999807696005847,0.9999807696005847,0.9999807696005847,0.40383838772331304,0.9999807696005847,0.9038287725236054,0.6922943789542509,0.9999807696005847,0.057691198246187576,0.7499855772004385,0.057691198246187576,0.057691198246187576,0.057691198246187576,0.057691198246187576,0.057691198246187576,0.057691198246187576,0.9999807696005847,0.057691198246187576,0.40383838772331304,0.057691198246187576,0.057691198246187576,0.057691198246187576,0.057691198246187576,0.9999807696005847,0.8076767754466261,0.9999807696005847,0.9999807696005847,0.9999807696005847,0.9999807696005847,0.01923039941539586,0.9999807696005847,0.9999807696005847,0.9999807696005847,0.9999807696005847,0.9999807696005847,0.9999807696005847,0.9999807696005847,0.0,0.0,0.9999807696005847
UNP,0.0,0.0,0.0,0.0,0.0,0.9999818185123908,0.0,0.0,0.0,0.03636297521863239,0.0,0.0,0.0,0.9999818185123908,0.0,0.09090743804658097,0.0,0.03636297521863239,0.23635933892111052,0.03636297521863239,0.03636297521863239,0.03636297521863239,0.03636297521863239,0.9999818185123908,0.03636297521863239,0.9999818185123908,0.03636297521863239,0.018181487609316194,0.0,0.0,0.0,0.0,0.018181487609316194,0.05454446282794859,0.05454446282794859,0.9999818185123908,0.9999818185123908,0.0,0.0,0.0,0.05454446282794859,0.9999818185123908,0.0,0.018181487609316194,0.018181487609316194,0.0,0.0,0.0,0.0,0.9999818185123908,0.0,0.0,0.018181487609316194,0.018181487609316194,0.9999818185123908,0.9999818185123908,0.9999818185123908,0.9999818185123908,0.9999818185123908,0.9999818185123908,0.9999818185123908,0.9999818185123908,0.9999818185123908,0.9999818185123908,0.9999818185123908,0.018181487609316194,0.9999818185123908,0.9999818185123908,0.03636297521863239,0.9999818185123908,0.9999818185123908,0.23635933892111052,0.5272631406701697,0.654533553935383,0.03636297521863239,0.9999818185123908,0.03636297521863239,0.07272595043726478,0.18181487609316194,0.18181487609316194,0.9999818185123908,0.03636297521863239,0.03636297521863239,0.9999818185123908,0.9999818185123908,0.9999818185123908,0.9999818185123908,0.9999818185123908,0.9999818185123908,0.9999818185123908,0.5090816530608535,0.9999818185123908,0.9999818185123908,0.9999818185123908,0.9999818185123908,0.9999818185123908,0.9999818185123908,0.9999818185123908,0.9999818185123908,0.9999818185123908,0.9999818185123908,0.9999818185123908,0.9999818185123908,0.0,0.0,0.9999818185123908
UPS,0.0,0.0,0.0,0.0,0.0,0.9999777782715941,0.0,0.0,0.0,0.0,0.0,0.0,0.0,0.9999777782715941,0.0,0.04444345681207085,0.0,0.0,0.0,0.0,0.0,0.0,0.0,0.0,0.0,0.9999777782715941,0.0,0.0,0.0,0.0,0.0,0.0,0.0,0.04444345681207085,0.04444345681207085,0.9999777782715941,0.9999777782715941,0.0,0.0,0.0,0.9999777782715941,0.0,0.0,0.0,0.0,0.0,0.0,0.0,0.0,0.9999777782715941,0.0,0.0,0.0,0.0,0.9999777782715941,0.9999777782715941,0.0,0.9999777782715941,0.9999777782715941,0.9999777782715941,0.9999777782715941,0.9999777782715941,0.9999777782715941,0.9999777782715941,0.9999777782715941,0.0,0.9999777782715941,0.8444256794293461,0.04444345681207085,0.9999777782715941,0.9999777782715941,0.8444256794293461,0.5555432101508856,0.5555432101508856,0.0,0.04444345681207085,0.0,0.13333037043621254,0.1777738272482834,0.1777738272482834,0.0,0.0,0.0,0.9999777782715941,0.0,0.9999777782715941,0.9999777782715941,0.5110997533388147,0.5110997533388147,0.5110997533388147,0.9999777782715941,0.9999777782715941,0.9999777782715941,0.7777604942112398,0.9999777782715941,0.9999777782715941,0.9999777782715941,0.9999777782715941,0.9999777782715941,0.9999777782715941,0.9999777782715941,0.9999777782715941,0.9999777782715941,0.0,0.0,0.9999777782715941
URI,0.0,0.0,0.0,0.04545351242017227,0.04545351242017227,0.04545351242017227,0.04545351242017227,0.04545351242017227,0.0681802686302584,0.0681802686302584,0.04545351242017227,0.04545351242017227,0.04545351242017227,0.9999772732437899,0.04545351242017227,0.0681802686302584,0.0,0.04545351242017227,0.04545351242017227,0.04545351242017227,0.04545351242017227,0.04545351242017227,0.04545351242017227,0.04545351242017227,0.04545351242017227,0.04545351242017227,0.04545351242017227,0.04545351242017227,0.9999772732437899,0.0,0.0,0.0,0.022726756210086137,0.0681802686302584,0.0681802686302584,0.04545351242017227,0.04545351242017227,0.0,0.04545351242017227,0.04545351242017227,0.9999772732437899,0.04545351242017227,0.04545351242017227,0.04545351242017227,0.04545351242017227,0.04545351242017227,0.04545351242017227,0.04545351242017227,0.04545351242017227,0.04545351242017227,0.04545351242017227,0.04545351242017227,0.04545351242017227,0.04545351242017227,0.9999772732437899,0.9999772732437899,0.6363491738824117,0.9999772732437899,0.9999772732437899,0.9999772732437899,0.9999772732437899,0.9999772732437899,0.9999772732437899,0.9999772732437899,0.49998863662189497,0.04545351242017227,0.9999772732437899,0.5908956614622395,0.04545351242017227,0.9317970046135315,0.9999772732437899,0.9999772732437899,0.47726188041180884,0.47726188041180884,0.04545351242017227,0.04545351242017227,0.04545351242017227,0.5227153928319811,0.5681689052521534,0.5681689052521534,0.11363378105043068,0.04545351242017227,0.0681802686302584,0.9999772732437899,0.9999772732437899,0.9999772732437899,0.9999772732437899,0.04545351242017227,0.04545351242017227,0.9999772732437899,0.9999772732437899,0.9999772732437899,0.9999772732437899,0.9999772732437899,0.9999772732437899,0.9999772732437899,0.9999772732437899,0.9999772732437899,0.9999772732437899,0.9999772732437899,0.9999772732437899,0.9999772732437899,0.9999772732437899,0.0,0.0,0.9999772732437899
USB,0.0,0.0,0.0,0.4259180385548416,0.0,0.9999814818244107,0.9999814818244107,0.4259180385548416,0.0,0.0,0.9999814818244107,0.0,0.0,0.9999814818244107,0.0,0.03703635117868188,0.0,0.11110905353604564,0.0,0.0,0.0,0.9999814818244107,0.9999814818244107,0.0,0.0,0.0,0.0,0.0,0.09259087794670469,0.4259180385548416,0.0,0.9999814818244107,0.01851817558934094,0.44443621414418255,0.01851817558934094,0.9999814818244107,0.9999814818244107,0.0,0.0,0.16666358030406844,0.9999814818244107,0.0,0.0,0.0,0.0,0.0,0.0,0.0,0.0,0.9999814818244107,0.9999814818244107,0.9999814818244107,0.0,0.0,0.0,0.0,0.05555452676802282,0.0,0.0,0.9999814818244107,0.9999814818244107,0.9999814818244107,0.9999814818244107,0.9999814818244107,0.59258161885891,0.0,0.9999814818244107,0.9999814818244107,0.11110905353604564,0.9999814818244107,0.9999814818244107,0.9999814818244107,0.5370270920908873,0.5370270920908873,0.9999814818244107,0.9999814818244107,0.9999814818244107,0.11110905353604564,0.22221810707209128,0.22221810707209128,0.0,0.0,0.0,0.7222088479842966,0.0,0.9999814818244107,0.9999814818244107,0.9999814818244107,0.9999814818244107,0.9999814818244107,0.9999814818244107,0.2777726338401141,0.0,0.11110905353604564,0.9999814818244107,0.9999814818244107,0.9999814818244107,0.9999814818244107,0.9999814818244107,0.9999814818244107,0.9999814818244107,0.9999814818244107,0.9999814818244107,0.0,0.0,0.9999814818244107
V,0.0,0.0,0.0,0.0,0.0,0.9999818185123908,0.0,0.0,0.0,0.0,0.0,0.0,0.0,0.9999818185123908,0.0,0.09090743804658097,0.0,0.21817785131179435,0.2909038017490591,0.21817785131179435,0.0,0.0,0.0,0.0,0.0,0.0,0.0,0.0,0.5090816530608535,0.0,0.0,0.0,0.0,0.03636297521863239,0.03636297521863239,0.9999818185123908,0.9999818185123908,0.9999818185123908,0.0,0.2727223141397429,0.9999818185123908,0.14545190087452955,0.0,0.0,0.0,0.0,0.0,0.0,0.0,0.9999818185123908,0.0,0.0,0.0,0.0,0.9999818185123908,0.25454082653042676,0.9999818185123908,0.9999818185123908,0.9999818185123908,0.9999818185123908,0.9999818185123908,0.9999818185123908,0.9999818185123908,0.9999818185123908,0.9999818185123908,0.0,0.9999818185123908,0.9999818185123908,0.49090016545153725,0.654533553935383,0.9999818185123908,0.9272558680751259,0.6908965291540154,0.9999818185123908,0.0,0.9999818185123908,0.0,0.0,0.07272595043726478,0.07272595043726478,0.0,0.0,0.7999854548099126,0.4363557026235887,0.7818039672005964,0.9999818185123908,0.6908965291540154,0.3999927274049563,0.9999818185123908,0.9999818185123908,0.6908965291540154,0.9999818185123908,0.9999818185123908,0.9999818185123908,0.9999818185123908,0.9999818185123908,0.9999818185123908,0.9999818185123908,0.9999818185123908,0.9999818185123908,0.9999818185123908,0.9999818185123908,0.9999818185123908,0.0,0.0,0.9999818185123908
VEEV,0.0,0.0,0.0,0.0,0.0,0.0,0.0,0.0,0.0,0.024389649032950416,0.0,0.0,0.0,0.0,0.0,0.7804687690544133,0.0,0.9999756103509672,0.9999756103509672,0.024389649032950416,0.024389649032950416,0.024389649032950416,0.024389649032950416,0.04877929806590083,0.024389649032950416,0.0,0.0,0.0,0.9999756103509672,0.0,0.0,0.0,0.0,0.024389649032950416,0.024389649032950416,0.0,0.0,0.0,0.0,0.0,0.9999756103509672,0.04877929806590083,0.0,0.0,0.0,0.0,0.0,0.0,0.0,0.9999756103509672,0.0,0.0,0.0,0.0,0.9999756103509672,0.9999756103509672,0.09755859613180166,0.9999756103509672,0.9999756103509672,0.9999756103509672,0.9999756103509672,0.9999756103509672,0.9999756103509672,0.9999756103509672,0.9999756103509672,0.0,0.9999756103509672,0.9999756103509672,0.9999756103509672,0.9999756103509672,0.9999756103509672,0.9999756103509672,0.4146240335601571,0.8292480671203142,0.024389649032950416,0.9999756103509672,0.024389649032950416,0.0,0.024389649032950416,0.024389649032950416,0.04877929806590083,0.024389649032950416,0.9999756103509672,0.9999756103509672,0.9999756103509672,0.9999756103509672,0.9999756103509672,0.024389649032950416,0.024389649032950416,0.9999756103509672,0.9999756103509672,0.9999756103509672,0.9999756103509672,0.9999756103509672,0.9999756103509672,0.9999756103509672,0.9999756103509672,0.9999756103509672,0.9999756103509672,0.9999756103509672,0.9999756103509672,0.9999756103509672,0.9999756103509672,0.0,0.0,0.9999756103509672
VICI,0.0,0.0,0.0,0.07692011845698242,0.07692011845698242,0.15384023691396484,0.07692011845698242,0.07692011845698242,0.07692011845698242,0.03846005922849121,0.07692011845698242,0.15384023691396484,0.15384023691396484,0.9999615399407714,0.0,0.07692011845698242,0.03846005922849121,0.07692011845698242,0.9999615399407714,0.07692011845698242,0.0,0.9999615399407714,0.9999615399407714,0.9999615399407714,0.0,0.15384023691396484,0.15384023691396484,0.07692011845698242,0.07692011845698242,0.07692011845698242,0.07692011845698242,0.6153609476558594,0.07692011845698242,0.19230029614245606,0.19230029614245606,0.15384023691396484,0.15384023691396484,0.07692011845698242,0.07692011845698242,0.07692011845698242,0.3461405330564209,0.9999615399407714,0.07692011845698242,0.07692011845698242,0.07692011845698242,0.07692011845698242,0.07692011845698242,0.15384023691396484,0.15384023691396484,0.9999615399407714,0.9999615399407714,0.9999615399407714,0.07692011845698242,0.07692011845698242,0.19230029614245606,0.9999615399407714,0.9999615399407714,0.9999615399407714,0.9999615399407714,0.9999615399407714,0.9999615399407714,0.9999615399407714,0.9999615399407714,0.9999615399407714,0.3846005922849121,0.07692011845698242,0.9999615399407714,0.9999615399407714,0.07692011845698242,0.9999615399407714,0.9999615399407714,0.9999615399407714,0.19230029614245606,0.26922041459943846,0.9999615399407714,0.9999615399407714,0.9999615399407714,0.0,0.0,0.0,0.9999615399407714,0.07692011845698242,0.9999615399407714,0.07692011845698242,0.07692011845698242,0.07692011845698242,0.9999615399407714,0.46152071074189455,0.9999615399407714,0.9999615399407714,0.9999615399407714,0.9999615399407714,0.9999615399407714,0.9230414214837891,0.9999615399407714,0.9999615399407714,0.8076612437983154,0.9999615399407714,0.9999615399407714,0.9999615399407714,0.9999615399407714,0.9999615399407714,0.9999615399407714,0.0,0.0,0.9999615399407714
VLO,0.0,0.0,0.0,0.5199896002079959,0.03999920001599968,0.5199896002079959,0.5199896002079959,0.5199896002079959,0.03999920001599968,0.03999920001599968,0.03999920001599968,0.03999920001599968,0.03999920001599968,0.999980000399992,0.03999920001599968,0.07999840003199936,0.0,0.03999920001599968,0.03999920001599968,0.03999920001599968,0.03999920001599968,0.03999920001599968,0.03999920001599968,0.5799884002319954,0.03999920001599968,0.03999920001599968,0.03999920001599968,0.05999880002399952,0.03999920001599968,0.5399892002159957,0.0,0.0,0.01999960000799984,0.5799884002319954,0.07999840003199936,0.499990000199996,0.5199896002079959,0.0,0.03999920001599968,0.03999920001599968,0.999980000399992,0.7799844003119938,0.03999920001599968,0.03999920001599968,0.03999920001599968,0.05999880002399952,0.05999880002399952,0.03999920001599968,0.03999920001599968,0.03999920001599968,0.03999920001599968,0.03999920001599968,0.03999920001599968,0.05999880002399952,0.999980000399992,0.999980000399992,0.999980000399992,0.999980000399992,0.999980000399992,0.999980000399992,0.999980000399992,0.999980000399992,0.999980000399992,0.999980000399992,0.999980000399992,0.05999880002399952,0.999980000399992,0.499990000199996,0.03999920001599968,0.5799884002319954,0.999980000399992,0.999980000399992,0.5999880002399952,0.5999880002399952,0.03999920001599968,0.03999920001599968,0.03999920001599968,0.2999940001199976,0.379992400151997,0.379992400151997,0.03999920001599968,0.03999920001599968,0.03999920001599968,0.999980000399992,0.15999680006399872,0.999980000399992,0.999980000399992,0.5999880002399952,0.5999880002399952,0.999980000399992,0.999980000399992,0.999980000399992,0.999980000399992,0.999980000399992,0.999980000399992,0.999980000399992,0.999980000399992,0.999980000399992,0.999980000399992,0.999980000399992,0.999980000399992,0.999980000399992,0.999980000399992,0.0,0.0,0.999980000399992
VLTO,0.0,0.0,0.0,0.0,0.0,0.0,0.0,0.0,0.09999000099990002,0.09999000099990002,0.0,0.0,0.0,0.0,0.09999000099990002,0.4999500049995001,0.0,0.09999000099990002,0.6999300069993001,0.09999000099990002,0.09999000099990002,0.09999000099990002,0.09999000099990002,0.0,0.0,0.0,0.0,0.0,0.0,0.0,0.0,0.0,0.09999000099990002,0.29997000299970006,0.29997000299970006,0.0,0.0,0.0,0.0,0.0,0.9999000099990002,0.0,0.09999000099990002,0.19998000199980004,0.19998000199980004,0.0,0.19998000199980004,0.0,0.0,0.0,0.0,0.0,0.0,0.19998000199980004,0.9999000099990002,0.9999000099990002,0.0,0.9999000099990002,0.9999000099990002,0.9999000099990002,0.9999000099990002,0.9999000099990002,0.9999000099990002,0.9999000099990002,0.0,0.19998000199980004,0.9999000099990002,0.0,0.09999000099990002,0.9999000099990002,0.9999000099990002,0.9999000099990002,0.09999000099990002,0.9999000099990002,0.09999000099990002,0.09999000099990002,0.9999000099990002,0.0,0.09999000099990002,0.09999000099990002,0.09999000099990002,0.09999000099990002,0.8999100089991001,0.09999000099990002,0.09999000099990002,0.9999000099990002,0.9999000099990002,0.09999000099990002,0.09999000099990002,0.09999000099990002,0.3999600039996001,0.9999000099990002,0.9999000099990002,0.9999000099990002,0.9999000099990002,0.9999000099990002,0.9999000099990002,0.9999000099990002,0.9999000099990002,0.9999000099990002,0.9999000099990002,0.9999000099990002,0.9999000099990002,0.0,0.0,0.9999000099990002
VMC,0.0,0.0,0.0,0.0,0.0,0.0,0.0,0.0,0.0,0.0,0.0,0.0,0.0,0.6153727812926675,0.0,0.07692159766158344,0.0,0.0,0.0,0.0,0.0,0.0,0.0,0.0,0.0,0.0,0.0,0.0,0.0,0.0,0.0,0.0,0.057691198246187576,0.057691198246187576,0.057691198246187576,0.0,0.0,0.0,0.0,0.0,0.6538335801234592,0.03846079883079172,0.0,0.0,0.0,0.0,0.0,0.0,0.0,0.0,0.0,0.0,0.0,0.01923039941539586,0.9999807696005847,0.9999807696005847,0.07692159766158344,0.9999807696005847,0.9999807696005847,0.9999807696005847,0.9999807696005847,0.9999807696005847,0.9999807696005847,0.9999807696005847,0.9999807696005847,0.01923039941539586,0.9999807696005847,0.0,0.0,0.7307551777850426,0.9999807696005847,0.6922943789542509,0.5961423818772716,0.5961423818772716,0.11538239649237515,0.0,0.7499855772004385,0.0,0.0,0.0,0.0,0.0,0.9422895713543971,0.9230591719390012,0.7115247783696468,0.7692159766158343,0.9999807696005847,0.21153439356935444,0.8461375742774178,0.21153439356935444,0.9999807696005847,0.9999807696005847,0.9999807696005847,0.8461375742774178,0.9999807696005847,0.9999807696005847,0.9999807696005847,0.9999807696005847,0.9999807696005847,0.9999807696005847,0.9999807696005847,0.9999807696005847,0.9999807696005847,0.0,0.0,0.9999807696005847
VRSK,0.0,0.0,0.0,0.3999911113086376,0.0,0.3999911113086376,0.3999911113086376,0.3999911113086376,0.13333037043621254,0.13333037043621254,0.0,0.0,0.0,0.0,0.0,0.11110864203017712,0.0,0.0,0.0,0.0,0.0,0.0,0.0,0.0,0.0,0.0,0.0,0.0,0.0,0.42221283971467305,0.04444345681207085,0.04444345681207085,0.04444345681207085,0.4666562965267439,0.0,0.0,0.3999911113086376,0.0,0.0,0.0,0.9999777782715941,0.0,0.0,0.0,0.0,0.0,0.0,0.0,0.0,0.9999777782715941,0.0,0.0,0.0,0.0,0.9999777782715941,0.9999777782715941,0.0,0.9999777782715941,0.9999777782715941,0.9999777782715941,0.9999777782715941,0.9999777782715941,0.8222039510233107,0.9999777782715941,0.9999777782715941,0.0,0.9999777782715941,0.0888869136241417,0.0,0.9777560498655586,0.9999777782715941,0.9999777782715941,0.5555432101508856,0.5555432101508856,0.0,0.9999777782715941,0.0,0.022221728406035424,0.0888869136241417,0.0888869136241417,0.0,0.0,0.0,0.9999777782715941,0.6444301237750273,0.9999777782715941,0.9999777782715941,0.0,0.0,0.5110997533388147,0.4888780249327793,0.9999777782715941,0.9999777782715941,0.9999777782715941,0.9999777782715941,0.9999777782715941,0.9999777782715941,0.9999777782715941,0.9999777782715941,0.9999777782715941,0.9999777782715941,0.9999777782715941,0.9999777782715941,0.0,0.0,0.9999777782715941
VRSN,0.0,0.0,0.0,0.0,0.0,0.0,0.0,0.0,0.8545299176378611,0.8908928928564935,0.0,0.0,0.0,0.0,0.0,0.09090743804658097,0.0,0.8181669424192288,0.9999818185123908,0.8181669424192288,0.03636297521863239,0.03636297521863239,0.03636297521863239,0.09090743804658097,0.03636297521863239,0.0,0.0,0.018181487609316194,0.03636297521863239,0.0,0.0,0.0,0.018181487609316194,0.05454446282794859,0.05454446282794859,0.0,0.0,0.0,0.0,0.0,0.9999818185123908,0.7999854548099126,0.018181487609316194,0.0,0.018181487609316194,0.0,0.018181487609316194,0.0,0.0,0.9999818185123908,0.4181742150142725,0.0,0.0,0.0,0.9999818185123908,0.9999818185123908,0.9999818185123908,0.9999818185123908,0.9999818185123908,0.9999818185123908,0.9999818185123908,0.9999818185123908,0.9999818185123908,0.9999818185123908,0.9999818185123908,0.018181487609316194,0.9999818185123908,0.836348430028545,0.8181669424192288,0.9999818185123908,0.9999818185123908,0.9999818185123908,0.8545299176378611,0.9999818185123908,0.03636297521863239,0.9999818185123908,0.03636297521863239,0.03636297521863239,0.10908892565589717,0.10908892565589717,0.745440991981964,0.03636297521863239,0.14545190087452955,0.09090743804658097,0.8727114052471774,0.9999818185123908,0.745440991981964,0.03636297521863239,0.03636297521863239,0.03636297521863239,0.9999818185123908,0.9999818185123908,0.9999818185123908,0.9999818185123908,0.9999818185123908,0.9999818185123908,0.9999818185123908,0.9999818185123908,0.9999818185123908,0.9999818185123908,0.9999818185123908,0.9999818185123908,0.9999818185123908,0.0,0.0,0.9999818185123908
VRT,0.0,0.0,0.0,0.039998400063997436,0.0,0.15999360025598974,0.15999360025598974,0.15999360025598974,0.0,0.039998400063997436,0.15999360025598974,0.07999680012799487,0.07999680012799487,0.15999360025598974,0.0,0.3199872005119795,0.039998400063997436,0.2799888004479821,0.2799888004479821,0.2799888004479821,0.039998400063997436,0.039998400063997436,0.039998400063997436,0.15999360025598974,0.039998400063997436,0.039998400063997436,0.15999360025598974,0.039998400063997436,0.15999360025598974,0.039998400063997436,0.039998400063997436,0.3199872005119795,0.11999520019199232,0.15999360025598974,0.039998400063997436,0.15999360025598974,0.15999360025598974,0.15999360025598974,0.039998400063997436,0.039998400063997436,0.9999600015999359,0.15999360025598974,0.039998400063997436,0.039998400063997436,0.0,0.039998400063997436,0.039998400063997436,0.15999360025598974,0.07999680012799487,0.15999360025598974,0.15999360025598974,0.039998400063997436,0.039998400063997436,0.039998400063997436,0.9999600015999359,0.9999600015999359,0.9999600015999359,0.9999600015999359,0.9999600015999359,0.9999600015999359,0.9999600015999359,0.9999600015999359,0.9999600015999359,0.9999600015999359,0.9999600015999359,0.039998400063997436,0.9999600015999359,0.15999360025598974,0.2799888004479821,0.8799648014079436,0.9999600015999359,0.9999600015999359,0.2799888004479821,0.9999600015999359,0.2799888004479821,0.2799888004479821,0.039998400063997436,0.2799888004479821,0.2799888004479821,0.2799888004479821,0.2799888004479821,0.039998400063997436,0.9199632014719411,0.2799888004479821,0.9999600015999359,0.9999600015999359,0.9999600015999359,0.2799888004479821,0.2799888004479821,0.2799888004479821,0.9999600015999359,0.9999600015999359,0.9999600015999359,0.9999600015999359,0.9999600015999359,0.9999600015999359,0.9999600015999359,0.9999600015999359,0.9999600015999359,0.9999600015999359,0.9999600015999359,0.9999600015999359,0.9999600015999359,0.0,0.0,0.9999600015999359
VRTX,0.0,0.0,0.0,0.0,0.0,0.10638071530392972,0.0,0.0,0.0,0.06382842918235783,0.0,0.0,0.0,0.0,0.0,0.08510457224314377,0.0,0.8935980085530095,0.9999787238569393,0.8935980085530095,0.06382842918235783,0.06382842918235783,0.06382842918235783,0.06382842918235783,0.06382842918235783,0.0,0.0,0.021276143060785943,0.31914214591178913,0.042552286121571886,0.042552286121571886,0.042552286121571886,0.042552286121571886,0.06382842918235783,0.06382842918235783,0.10638071530392972,0.10638071530392972,0.0,0.10638071530392972,0.0,0.7446650071275079,0.8297695793706518,0.021276143060785943,0.021276143060785943,0.0,0.0,0.0,0.0,0.0,0.10638071530392972,0.0,0.0,0.021276143060785943,0.0,0.9999787238569393,0.723388864066722,0.9999787238569393,0.9999787238569393,0.9999787238569393,0.9999787238569393,0.9999787238569393,0.9999787238569393,0.9999787238569393,0.9999787238569393,0.9999787238569393,0.021276143060785943,0.9999787238569393,0.0,0.8935980085530095,0.9999787238569393,0.9999787238569393,0.9999787238569393,0.5744558626412204,0.5531797195804344,0.06382842918235783,0.12765685836471566,0.06382842918235783,0.361694432033361,0.44679900427650476,0.44679900427650476,0.5531797195804344,0.06382842918235783,0.9999787238569393,0.06382842918235783,0.5106274334588626,0.9999787238569393,0.9999787238569393,0.06382842918235783,0.5106274334588626,0.5106274334588626,0.9999787238569393,0.9999787238569393,0.9999787238569393,0.9999787238569393,0.9999787238569393,0.9999787238569393,0.9999787238569393,0.9999787238569393,0.9999787238569393,0.9999787238569393,0.9999787238569393,0.9999787238569393,0.9999787238569393,0.0,0.0,0.9999787238569393
VST,0.0,0.0,0.0,0.10713903074890183,0.10713903074890183,0.9999642869897504,0.10713903074890183,0.10713903074890183,0.10713903074890183,0.0,0.10713903074890183,0.10713903074890183,0.10713903074890183,0.9999642869897504,0.0,0.07142602049926788,0.0,0.0,0.14285204099853577,0.0,0.0,0.0,0.0,0.0,0.0,0.10713903074890183,0.14285204099853577,0.10713903074890183,0.14285204099853577,0.0,0.0,0.0,0.0,0.21427806149780365,0.21427806149780365,0.9999642869897504,0.9999642869897504,0.03571301024963394,0.10713903074890183,0.10713903074890183,0.9999642869897504,0.9999642869897504,0.10713903074890183,0.10713903074890183,0.10713903074890183,0.10713903074890183,0.10713903074890183,0.10713903074890183,0.10713903074890183,0.14285204099853577,0.14285204099853577,0.14285204099853577,0.10713903074890183,0.10713903074890183,0.9999642869897504,0.9999642869897504,0.14285204099853577,0.9999642869897504,0.9999642869897504,0.9999642869897504,0.9999642869897504,0.9999642869897504,0.9999642869897504,0.9999642869897504,0.9999642869897504,0.10713903074890183,0.9999642869897504,0.10713903074890183,0.0,0.9999642869897504,0.9999642869897504,0.9999642869897504,0.2499910717474376,0.2499910717474376,0.0,0.0,0.0,0.0,0.0,0.0,0.0,0.0,0.2499910717474376,0.39284311274597333,0.14285204099853577,0.9999642869897504,0.0,0.9999642869897504,0.9999642869897504,0.9999642869897504,0.6428341844934109,0.9999642869897504,0.9999642869897504,0.9999642869897504,0.9999642869897504,0.9999642869897504,0.9999642869897504,0.9999642869897504,0.9999642869897504,0.9999642869897504,0.9999642869897504,0.9999642869897504,0.9999642869897504,0.0,0.0,0.9999642869897504
VTR,0.0,0.0,0.0,0.017241082050309477,0.017241082050309477,0.8103308563645455,0.8103308563645455,0.017241082050309477,0.017241082050309477,0.05172324615092844,0.8103308563645455,0.017241082050309477,0.017241082050309477,0.9999827589179497,0.0,0.08620541025154739,0.0,0.05172324615092844,0.6206789538111412,0.05172324615092844,0.05172324615092844,0.9999827589179497,0.9999827589179497,0.1379286564024758,0.05172324615092844,0.017241082050309477,0.017241082050309477,0.03448216410061895,0.017241082050309477,0.017241082050309477,0.017241082050309477,0.9827416768676402,0.03448216410061895,0.0689643282012379,0.0689643282012379,0.8103308563645455,0.8103308563645455,0.017241082050309477,0.017241082050309477,0.017241082050309477,0.9999827589179497,0.9999827589179497,0.017241082050309477,0.03448216410061895,0.017241082050309477,0.03448216410061895,0.03448216410061895,0.017241082050309477,0.017241082050309477,0.9999827589179497,0.9999827589179497,0.10344649230185687,0.03448216410061895,0.03448216410061895,0.5689557076602128,0.9999827589179497,0.49999137945897487,0.9999827589179497,0.9999827589179497,0.9999827589179497,0.9999827589179497,0.9999827589179497,0.9999827589179497,0.9999827589179497,0.017241082050309477,0.03448216410061895,0.9999827589179497,0.9999827589179497,0.05172324615092844,0.6206789538111412,0.9999827589179497,0.6206789538111412,0.6206789538111412,0.9999827589179497,0.8620541025154739,0.9999827589179497,0.9999827589179497,0.9999827589179497,0.9999827589179497,0.9999827589179497,0.9137773486664024,0.05172324615092844,0.05172324615092844,0.05172324615092844,0.05172324615092844,0.9999827589179497,0.9999827589179497,0.9137773486664024,0.9999827589179497,0.9999827589179497,0.9999827589179497,0.9137773486664024,0.9999827589179497,0.9137773486664024,0.9999827589179497,0.9999827589179497,0.9999827589179497,0.05172324615092844,0.05172324615092844,0.9999827589179497,0.9999827589179497,0.9999827589179497,0.9999827589179497,0.0,0.0,0.9999827589179497
VTRS,0.0,0.0,0.0,0.04761678015332603,0.09523356030665206,0.14285034045997808,0.14285034045997808,0.14285034045997808,0.23808390076663014,0.19046712061330412,0.09523356030665206,0.09523356030665206,0.09523356030665206,0.09523356030665206,0.0,0.09523356030665206,0.0,0.04761678015332603,0.14285034045997808,0.04761678015332603,0.04761678015332603,0.04761678015332603,0.04761678015332603,0.09523356030665206,0.04761678015332603,0.09523356030665206,0.09523356030665206,0.0,0.0,0.04761678015332603,0.8094852626065425,0.19046712061330412,0.09523356030665206,0.19046712061330412,0.28570068091995615,0.09523356030665206,0.09523356030665206,0.0,0.04761678015332603,0.04761678015332603,0.9999523832198466,0.09523356030665206,0.04761678015332603,0.0,0.04761678015332603,0.0,0.0,0.09523356030665206,0.09523356030665206,0.09523356030665206,0.09523356030665206,0.09523356030665206,0.04761678015332603,0.04761678015332603,0.9999523832198466,0.9999523832198466,0.9999523832198466,0.9999523832198466,0.9999523832198466,0.9999523832198466,0.9999523832198466,0.9999523832198466,0.9999523832198466,0.9999523832198466,0.9999523832198466,0.04761678015332603,0.9999523832198466,0.09523356030665206,0.7142517022998904,0.9999523832198466,0.9999523832198466,0.9999523832198466,0.23808390076663014,0.9999523832198466,0.14285034045997808,0.14285034045997808,0.9999523832198466,0.14285034045997808,0.14285034045997808,0.14285034045997808,0.14285034045997808,0.04761678015332603,0.14285034045997808,0.9999523832198466,0.9999523832198466,0.9999523832198466,0.9999523832198466,0.9999523832198466,0.9999523832198466,0.9999523832198466,0.9999523832198466,0.9999523832198466,0.9999523832198466,0.9999523832198466,0.9999523832198466,0.9999523832198466,0.9999523832198466,0.9999523832198466,0.9999523832198466,0.9999523832198466,0.9999523832198466,0.9999523832198466,0.9999523832198466,0.0,0.0,0.9999523832198466
VZ,0.0,0.0,0.0,0.0,0.0,0.4642774236174354,0.0,0.0,0.0,0.0,0.0,0.0,0.0,0.9999821431760147,0.0,0.03571364797057196,0.0,0.0,0.0,0.0,0.0,0.0,0.0,0.0,0.0,0.0,0.5178478955732934,0.0,0.0,0.0,0.0,0.0,0.0,0.01785682398528598,0.01785682398528598,0.4642774236174354,0.4642774236174354,0.0,0.0,0.07142729594114391,0.9999821431760147,0.12499776789700184,0.0,0.0,0.0,0.0,0.0,0.0,0.0,0.0,0.0,0.0,0.0,0.0,0.9999821431760147,0.9999821431760147,0.0,0.9999821431760147,0.9999821431760147,0.9999821431760147,0.9999821431760147,0.9999821431760147,0.9999821431760147,0.9999821431760147,0.9999821431760147,0.0,0.9999821431760147,0.9999821431760147,0.0,0.4642774236174354,0.8928411992642988,0.5714183675291513,0.5357047195585793,0.5357047195585793,0.1607114158675738,0.0,0.0,0.0,0.0,0.0,0.0,0.0,0.0,0.17856823985285977,0.0,0.5892751915144373,0.9999821431760147,0.4642774236174354,0.4642774236174354,0.7321297833967251,0.9999821431760147,0.6607024874555811,0.9999821431760147,0.3214228317351476,0.9999821431760147,0.9999821431760147,0.9999821431760147,0.9999821431760147,0.9999821431760147,0.9999821431760147,0.9999821431760147,0.9999821431760147,0.9999821431760147,0.0,0.0,0.9999821431760147
WAB,0.0,0.0,0.0,0.0,0.0,0.0,0.0,0.0,0.0,0.06122324034203384,0.0,0.0,0.0,0.0,0.0,0.08163098712271179,0.0,0.06122324034203384,0.2653007081488133,0.06122324034203384,0.06122324034203384,0.06122324034203384,0.06122324034203384,0.06122324034203384,0.06122324034203384,0.0,0.0,0.0,0.5714169098589825,0.020407746780677947,0.020407746780677947,0.020407746780677947,0.040815493561355894,0.06122324034203384,0.06122324034203384,0.0,0.0,0.0,0.0,0.0,0.9999795922532194,0.06122324034203384,0.0,0.040815493561355894,0.040815493561355894,0.0,0.0,0.0,0.0,0.0,0.0,0.0,0.040815493561355894,0.040815493561355894,0.9999795922532194,0.08163098712271179,0.08163098712271179,0.9999795922532194,0.9999795922532194,0.9999795922532194,0.9999795922532194,0.9999795922532194,0.9999795922532194,0.9999795922532194,0.9999795922532194,0.040815493561355894,0.9999795922532194,0.9999795922532194,0.08163098712271179,0.9999795922532194,0.9999795922532194,0.9999795922532194,0.5510091630783045,0.775494377665762,0.06122324034203384,0.06122324034203384,0.06122324034203384,0.06122324034203384,0.06122324034203384,0.06122324034203384,0.06122324034203384,0.06122324034203384,0.06122324034203384,0.6122324034203384,0.06122324034203384,0.9999795922532194,0.9999795922532194,0.4897859227362707,0.4897859227362707,0.4897859227362707,0.7959021244464399,0.9999795922532194,0.9999795922532194,0.9999795922532194,0.9999795922532194,0.9999795922532194,0.9999795922532194,0.9999795922532194,0.9999795922532194,0.9999795922532194,0.9999795922532194,0.9999795922532194,0.9999795922532194,0.0,0.0,0.9999795922532194
WAT,0.0,0.0,0.0,0.0701742074700444,0.5087630041578218,0.12280486307257768,0.0701742074700444,0.5087630041578218,0.5613936597603552,0.0701742074700444,0.0701742074700444,0.12280486307257768,0.12280486307257768,0.0701742074700444,0.0,0.0350871037350222,0.0,0.0175435518675111,0.21052262241013317,0.0175435518675111,0.0175435518675111,0.0175435518675111,0.0175435518675111,0.0175435518675111,0.0175435518675111,0.0701742074700444,0.12280486307257768,0.0175435518675111,0.0701742074700444,0.0701742074700444,0.543850107892844,0.0701742074700444,0.0701742074700444,0.10526131120506659,0.5613936597603552,0.12280486307257768,0.12280486307257768,0.0175435518675111,0.0701742074700444,0.0701742074700444,0.0701742074700444,0.35087103735022196,0.0175435518675111,0.0175435518675111,0.0175435518675111,0.0175435518675111,0.0175435518675111,0.12280486307257768,0.12280486307257768,0.12280486307257768,0.12280486307257768,0.12280486307257768,0.0175435518675111,0.0175435518675111,0.9999824564481326,0.8596340415080438,0.12280486307257768,0.9999824564481326,0.9999824564481326,0.9999824564481326,0.9999824564481326,0.9999824564481326,0.9999824564481326,0.9999824564481326,0.9999824564481326,0.0175435518675111,0.9999824564481326,0.9999824564481326,0.5964807634953773,0.9999824564481326,0.9999824564481326,0.9999824564481326,0.6666549709654217,0.9999824564481326,0.0175435518675111,0.0175435518675111,0.0175435518675111,0.0175435518675111,0.15789196680759987,0.15789196680759987,0.0175435518675111,0.0175435518675111,0.0175435518675111,0.08771775933755549,0.9999824564481326,0.05263065560253329,0.43858879668777745,0.4561323485552885,0.9999824564481326,0.912264697110577,0.543850107892844,0.9999824564481326,0.9999824564481326,0.9999824564481326,0.9999824564481326,0.9999824564481326,0.9999824564481326,0.9999824564481326,0.9999824564481326,0.9999824564481326,0.9999824564481326,0.9999824564481326,0.9999824564481326,0.0,0.0,0.9999824564481326
WBD,0.0,0.0,0.0,0.019607458677280837,0.019607458677280837,0.019607458677280837,0.019607458677280837,0.019607458677280837,0.019607458677280837,0.039214917354561674,0.019607458677280837,0.019607458677280837,0.019607458677280837,0.9999803925413228,0.0,0.0980372933864042,0.019607458677280837,0.039214917354561674,0.1568596694182467,0.039214917354561674,0.039214917354561674,0.039214917354561674,0.039214917354561674,0.039214917354561674,0.039214917354561674,0.019607458677280837,0.019607458677280837,0.019607458677280837,0.49018646693202095,0.019607458677280837,0.019607458677280837,0.019607458677280837,0.019607458677280837,0.039214917354561674,0.039214917354561674,0.019607458677280837,0.019607458677280837,0.019607458677280837,0.019607458677280837,0.07842983470912335,0.9999803925413228,0.07842983470912335,0.019607458677280837,0.019607458677280837,0.019607458677280837,0.019607458677280837,0.019607458677280837,0.019607458677280837,0.019607458677280837,0.9999803925413228,0.019607458677280837,0.019607458677280837,0.019607458677280837,0.019607458677280837,0.9999803925413228,0.9999803925413228,0.9411580165094803,0.9999803925413228,0.9999803925413228,0.9999803925413228,0.9999803925413228,0.9999803925413228,0.9999803925413228,0.9999803925413228,0.9999803925413228,0.019607458677280837,0.9999803925413228,0.019607458677280837,0.039214917354561674,0.9999803925413228,0.9999803925413228,0.6862610537048294,0.5686163016411443,0.5686163016411443,0.039214917354561674,0.9215505578321994,0.039214917354561674,0.039214917354561674,0.07842983470912335,0.07842983470912335,0.039214917354561674,0.039214917354561674,0.1568596694182467,0.7450834297366719,0.07842983470912335,0.9999803925413228,0.9999803925413228,0.039214917354561674,0.3725417148683359,0.5490088429638634,0.9019430991549185,0.9999803925413228,0.9999803925413228,0.9999803925413228,0.9999803925413228,0.9999803925413228,0.9999803925413228,0.9999803925413228,0.9999803925413228,0.9999803925413228,0.9999803925413228,0.9999803925413228,0.9999803925413228,0.0,0.0,0.9999803925413228
WDAY,0.0,0.0,0.0,0.0,0.0,0.8157680061051026,0.0,0.0,0.05263019394226468,0.05263019394226468,0.0,0.0,0.0,0.0,0.0,0.07894529091339703,0.0,0.5263019394226468,0.6315623273071762,0.5263019394226468,0.02631509697113234,0.02631509697113234,0.02631509697113234,0.02631509697113234,0.02631509697113234,0.0,0.0,0.0,0.0,0.0,0.0,0.0,0.0,0.0,0.0,0.8157680061051026,0.8157680061051026,0.5263019394226468,0.07894529091339703,0.0,0.0,0.999973684903029,0.0,0.0,0.0,0.0,0.0,0.0,0.0,0.999973684903029,0.0,0.0,0.0,0.0,0.999973684903029,0.999973684903029,0.999973684903029,0.999973684903029,0.999973684903029,0.999973684903029,0.999973684903029,0.999973684903029,0.999973684903029,0.999973684903029,0.999973684903029,0.0,0.999973684903029,0.8157680061051026,0.5789321333649114,0.999973684903029,0.999973684903029,0.999973684903029,0.5263019394226468,0.999973684903029,0.02631509697113234,0.999973684903029,0.02631509697113234,0.02631509697113234,0.02631509697113234,0.02631509697113234,0.3420962606247204,0.02631509697113234,0.42104155153811745,0.18420567879792638,0.999973684903029,0.999973684903029,0.999973684903029,0.02631509697113234,0.02631509697113234,0.02631509697113234,0.8947132970184996,0.999973684903029,0.999973684903029,0.999973684903029,0.999973684903029,0.999973684903029,0.999973684903029,0.999973684903029,0.999973684903029,0.999973684903029,0.999973684903029,0.999973684903029,0.999973684903029,0.0,0.0,0.999973684903029
WDC,0.0,0.0,0.0,0.5101936695169487,0.0,0.5101936695169487,0.5101936695169487,0.5101936695169487,0.0,0.08163098712271179,0.0,0.0,0.0,0.0,0.0,0.10203873390338973,0.0,0.08163098712271179,0.08163098712271179,0.08163098712271179,0.08163098712271179,0.08163098712271179,0.08163098712271179,0.08163098712271179,0.08163098712271179,0.08163098712271179,0.0,0.0,0.36733944205220304,0.5101936695169487,0.020407746780677947,0.020407746780677947,0.020407746780677947,0.5306014162976266,0.08163098712271179,0.0,0.0,0.0,0.0,0.0,0.0,0.20407746780677946,0.040815493561355894,0.0,0.040815493561355894,0.040815493561355894,0.0,0.0,0.0,0.0,0.0,0.0,0.040815493561355894,0.040815493561355894,0.9999795922532194,0.9999795922532194,0.9999795922532194,0.9999795922532194,0.9999795922532194,0.9999795922532194,0.9999795922532194,0.9999795922532194,0.9999795922532194,0.9999795922532194,0.9999795922532194,0.040815493561355894,0.9999795922532194,0.9999795922532194,0.14285422746474563,0.775494377665762,0.9999795922532194,0.9999795922532194,0.5918246566396604,0.9999795922532194,0.08163098712271179,0.08163098712271179,0.08163098712271179,0.08163098712271179,0.14285422746474563,0.14285422746474563,0.14285422746474563,0.08163098712271179,0.24489296136813535,0.5101936695169487,0.9999795922532194,0.9999795922532194,0.9999795922532194,0.7959021244464399,0.9999795922532194,0.9999795922532194,0.6326401502010164,0.9999795922532194,0.9999795922532194,0.9999795922532194,0.9999795922532194,0.9999795922532194,0.9999795922532194,0.9999795922532194,0.9999795922532194,0.9999795922532194,0.9999795922532194,0.9999795922532194,0.9999795922532194,0.0,0.0,0.9999795922532194
WEC,0.0,0.0,0.0,0.22221728406035424,0.04444345681207085,0.31110419768449593,0.22221728406035424,0.2666607408724251,0.04444345681207085,0.04444345681207085,0.0,0.0,0.0,0.9999777782715941,0.0,0.0888869136241417,0.0,0.04444345681207085,0.04444345681207085,0.04444345681207085,0.04444345681207085,0.04444345681207085,0.04444345681207085,0.04444345681207085,0.04444345681207085,0.9999777782715941,0.04444345681207085,0.04444345681207085,0.0,0.24443901246638966,0.1999955556543188,0.0,0.022221728406035424,0.24443901246638966,0.1777738272482834,0.31110419768449593,0.31110419768449593,0.0,0.0,0.0,0.8222039510233107,0.9999777782715941,0.0,0.0,0.04444345681207085,0.0,0.0,0.0,0.0,0.0,0.0,0.0,0.04444345681207085,0.04444345681207085,0.9999777782715941,0.9999777782715941,0.6888735805870981,0.9999777782715941,0.9999777782715941,0.9999777782715941,0.9999777782715941,0.9999777782715941,0.9999777782715941,0.9999777782715941,0.9999777782715941,0.04444345681207085,0.9999777782715941,0.13333037043621254,0.13333037043621254,0.9999777782715941,0.9999777782715941,0.3555476544965668,0.7555387658052044,0.5999866669629564,0.04444345681207085,0.9999777782715941,0.04444345681207085,0.04444345681207085,0.04444345681207085,0.04444345681207085,0.8444256794293461,0.3555476544965668,0.9999777782715941,0.04444345681207085,0.9999777782715941,0.9999777782715941,0.5110997533388147,0.04444345681207085,0.7999822226172753,0.04444345681207085,0.9999777782715941,0.9999777782715941,0.9999777782715941,0.9999777782715941,0.9999777782715941,0.9999777782715941,0.9999777782715941,0.9999777782715941,0.9999777782715941,0.9999777782715941,0.9999777782715941,0.04444345681207085,0.04444345681207085,0.0,0.0,0.9999777782715941
WELL,0.0,0.0,0.0,0.0,0.0,0.5116160089300249,0.5116160089300249,0.0,0.0,0.0465105462663659,0.5116160089300249,0.0,0.0,0.9999767447268668,0.0,0.0465105462663659,0.0,0.0465105462663659,0.9999767447268668,0.0465105462663659,0.0465105462663659,0.9999767447268668,0.9999767447268668,0.0465105462663659,0.0465105462663659,0.0,0.0,0.02325527313318295,0.9999767447268668,0.0,0.0,0.9999767447268668,0.02325527313318295,0.0465105462663659,0.0465105462663659,0.5116160089300249,0.5116160089300249,0.0,0.0,0.02325527313318295,0.9999767447268668,0.9999767447268668,0.0,0.02325527313318295,0.0,0.02325527313318295,0.02325527313318295,0.0,0.0,0.9999767447268668,0.9999767447268668,0.9999767447268668,0.02325527313318295,0.02325527313318295,0.9999767447268668,0.9999767447268668,0.0,0.9999767447268668,0.9999767447268668,0.9999767447268668,0.9999767447268668,0.9999767447268668,0.9999767447268668,0.9999767447268668,0.0,0.02325527313318295,0.9999767447268668,0.3255738238645613,0.0465105462663659,0.9999767447268668,0.9999767447268668,0.9999767447268668,0.5813818283295737,0.5813818283295737,0.9999767447268668,0.9999767447268668,0.9999767447268668,0.9999767447268668,0.9999767447268668,0.9999767447268668,0.2790632775981954,0.3720843701309272,0.0465105462663659,0.3720843701309272,0.0465105462663659,0.9999767447268668,0.9999767447268668,0.5813818283295737,0.9999767447268668,0.9999767447268668,0.9999767447268668,0.953466198460501,0.9999767447268668,0.5116160089300249,0.9999767447268668,0.9999767447268668,0.9999767447268668,0.0465105462663659,0.30231855073137837,0.9999767447268668,0.9999767447268668,0.9999767447268668,0.9999767447268668,0.0,0.0,0.9999767447268668
WFC,0.0,0.0,0.0,0.49055678194751046,0.0,0.9999811324314636,0.9999811324314636,0.49055678194751046,0.0,0.03773513707288542,0.9999811324314636,0.0,0.0,0.9999811324314636,0.0,0.03773513707288542,0.0,0.03773513707288542,0.03773513707288542,0.03773513707288542,0.03773513707288542,0.9999811324314636,0.9999811324314636,0.03773513707288542,0.03773513707288542,0.5282919190203959,0.03773513707288542,0.0,0.09433784268221354,0.5094243504839532,0.0,0.9999811324314636,0.01886756853644271,0.5282919190203959,0.03773513707288542,0.9999811324314636,0.9999811324314636,0.0,0.0,0.0,0.9999811324314636,0.13207297975509896,0.0,0.0,0.0,0.01886756853644271,0.01886756853644271,0.0,0.0,0.9999811324314636,0.9999811324314636,0.0,0.01886756853644271,0.01886756853644271,0.0,0.0,0.0,0.0,0.0,0.9999811324314636,0.9999811324314636,0.9999811324314636,0.9999811324314636,0.9999811324314636,0.2264108224373125,0.01886756853644271,0.9999811324314636,0.9999811324314636,0.03773513707288542,0.9999811324314636,0.9999811324314636,0.9999811324314636,0.6037621931661667,0.9999811324314636,0.9999811324314636,0.9999811324314636,0.9999811324314636,0.3018810965830834,0.43395407633818234,0.43395407633818234,0.18867568536442708,0.03773513707288542,0.03773513707288542,0.03773513707288542,0.03773513707288542,0.9999811324314636,0.9999811324314636,0.9999811324314636,0.9999811324314636,0.9999811324314636,0.9999811324314636,0.16980811682798438,0.03773513707288542,0.13207297975509896,0.9999811324314636,0.9999811324314636,0.9999811324314636,0.9999811324314636,0.9999811324314636,0.9999811324314636,0.9999811324314636,0.9999811324314636,0.9999811324314636,0.0,0.0,0.9999811324314636
WM,0.0,0.0,0.0,0.019607458677280837,0.019607458677280837,0.07842983470912335,0.019607458677280837,0.019607458677280837,0.019607458677280837,0.019607458677280837,0.019607458677280837,0.019607458677280837,0.019607458677280837,0.9999803925413228,0.0,0.05882237603184252,0.0,0.019607458677280837,0.019607458677280837,0.019607458677280837,0.019607458677280837,0.019607458677280837,0.019607458677280837,0.019607458677280837,0.019607458677280837,0.019607458677280837,0.019607458677280837,0.019607458677280837,0.6470461363502676,0.019607458677280837,0.019607458677280837,0.019607458677280837,0.019607458677280837,0.019607458677280837,0.019607458677280837,0.07842983470912335,0.07842983470912335,0.019607458677280837,0.019607458677280837,0.019607458677280837,0.7058685123821102,0.3921491735456168,0.019607458677280837,0.019607458677280837,0.019607458677280837,0.019607458677280837,0.019607458677280837,0.019607458677280837,0.019607458677280837,0.9999803925413228,0.019607458677280837,0.019607458677280837,0.019607458677280837,0.019607458677280837,0.9999803925413228,0.7842983470912336,0.019607458677280837,0.9999803925413228,0.9999803925413228,0.9999803925413228,0.9999803925413228,0.9999803925413228,0.9999803925413228,0.9999803925413228,0.9999803925413228,0.019607458677280837,0.9999803925413228,0.019607458677280837,0.019607458677280837,0.9999803925413228,0.9999803925413228,0.9999803925413228,0.5490088429638634,0.5294013842865827,0.019607458677280837,0.9999803925413228,0.019607458677280837,0.3529342561910551,0.019607458677280837,0.019607458677280837,0.019607458677280837,0.019607458677280837,0.019607458677280837,0.9999803925413228,0.019607458677280837,0.9215505578321994,0.9999803925413228,0.2941118801592126,0.2941118801592126,0.9999803925413228,0.9999803925413228,0.9999803925413228,0.9999803925413228,0.9999803925413228,0.9999803925413228,0.6470461363502676,0.9999803925413228,0.9999803925413228,0.9999803925413228,0.9999803925413228,0.9999803925413228,0.9999803925413228,0.9999803925413228,0.0,0.0,0.9999803925413228
WMB,0.0,0.0,0.0,0.0,0.0,0.7999854548099126,0.0,0.0,0.0,0.018181487609316194,0.0,0.0,0.0,0.9999818185123908,0.0,0.07272595043726478,0.0,0.018181487609316194,0.018181487609316194,0.018181487609316194,0.018181487609316194,0.018181487609316194,0.018181487609316194,0.09090743804658097,0.018181487609316194,0.0,0.018181487609316194,0.0,0.10908892565589717,0.0,0.0,0.0,0.0,0.018181487609316194,0.018181487609316194,0.7999854548099126,0.7999854548099126,0.0,0.0,0.09090743804658097,0.5636261158888021,0.3999927274049563,0.0,0.0,0.0,0.0,0.0,0.0,0.0,0.0,0.0,0.0,0.0,0.0,0.9999818185123908,0.9999818185123908,0.7090780167633316,0.9999818185123908,0.9999818185123908,0.9999818185123908,0.9999818185123908,0.9999818185123908,0.9999818185123908,0.9999818185123908,0.9999818185123908,0.0,0.9999818185123908,0.0,0.018181487609316194,0.836348430028545,0.9999818185123908,0.2727223141397429,0.7818039672005964,0.9999818185123908,0.2727223141397429,0.018181487609316194,0.018181487609316194,0.018181487609316194,0.018181487609316194,0.018181487609316194,0.6908965291540154,0.018181487609316194,0.018181487609316194,0.5636261158888021,0.018181487609316194,0.9999818185123908,0.6181705787167506,0.3454482645770077,0.3636297521863239,0.9999818185123908,0.654533553935383,0.9999818185123908,0.9999818185123908,0.9999818185123908,0.9999818185123908,0.9999818185123908,0.9999818185123908,0.9999818185123908,0.9999818185123908,0.9999818185123908,0.9999818185123908,0.25454082653042676,0.2909038017490591,0.0,0.0,0.9999818185123908
WMT,0.0,0.0,0.0,0.0,0.0,0.0,0.0,0.0,0.0,0.01999960000799984,0.0,0.0,0.0,0.999980000399992,0.0,0.03999920001599968,0.01999960000799984,0.01999960000799984,0.01999960000799984,0.01999960000799984,0.01999960000799984,0.01999960000799984,0.01999960000799984,0.01999960000799984,0.01999960000799984,0.0,0.11999760004799905,0.0,0.999980000399992,0.01999960000799984,0.01999960000799984,0.01999960000799984,0.01999960000799984,0.01999960000799984,0.01999960000799984,0.0,0.0,0.0,0.0,0.0,0.0,0.999980000399992,0.0,0.0,0.01999960000799984,0.0,0.0,0.0,0.0,0.999980000399992,0.0,0.0,0.01999960000799984,0.01999960000799984,0.999980000399992,0.07999840003199936,0.999980000399992,0.999980000399992,0.999980000399992,0.999980000399992,0.999980000399992,0.999980000399992,0.999980000399992,0.999980000399992,0.999980000399992,0.01999960000799984,0.999980000399992,0.4799904001919962,0.05999880002399952,0.31999360012799744,0.999980000399992,0.8999820003599929,0.619987600247995,0.5599888002239956,0.01999960000799984,0.01999960000799984,0.01999960000799984,0.01999960000799984,0.01999960000799984,0.01999960000799984,0.999980000399992,0.01999960000799984,0.999980000399992,0.8999820003599929,0.01999960000799984,0.999980000399992,0.999980000399992,0.31999360012799744,0.999980000399992,0.999980000399992,0.999980000399992,0.999980000399992,0.999980000399992,0.7199856002879943,0.999980000399992,0.999980000399992,0.999980000399992,0.999980000399992,0.999980000399992,0.999980000399992,0.999980000399992,0.999980000399992,0.999980000399992,0.0,0.0,0.999980000399992
WRB,0.0,0.0,0.0,0.0,0.0,0.9999791671006855,0.9999791671006855,0.0,0.0,0.0,0.9999791671006855,0.0,0.0,0.9999791671006855,0.0,0.06249869794379284,0.0,0.9999791671006855,0.9999791671006855,0.8333159725839046,0.0,0.9999791671006855,0.9999791671006855,0.0,0.0,0.9999791671006855,0.0,0.0,0.0,0.0,0.0,0.9999791671006855,0.0,0.08333159725839046,0.08333159725839046,0.9999791671006855,0.9999791671006855,0.0,0.0,0.1458302952021833,0.9999791671006855,0.9999791671006855,0.0,0.0,0.020832899314597614,0.0,0.020832899314597614,0.0,0.0,0.9999791671006855,0.9999791671006855,0.9999791671006855,0.020832899314597614,0.020832899314597614,0.9999791671006855,0.9999791671006855,0.7291514760109165,0.9999791671006855,0.9999791671006855,0.0,0.0,0.0,0.0,0.020832899314597614,0.9999791671006855,0.020832899314597614,0.9999791671006855,0.9999791671006855,0.9999791671006855,0.9999791671006855,0.8333159725839046,0.9999791671006855,0.6041540801233308,0.9999791671006855,0.9999791671006855,0.9999791671006855,0.9999791671006855,0.0,0.9999791671006855,0.9999791671006855,0.7291514760109165,0.0,0.0,0.0,0.0,0.9999791671006855,0.9999791671006855,0.9999791671006855,0.9999791671006855,0.9999791671006855,0.9999791671006855,0.9999791671006855,0.9999791671006855,0.6666527780671236,0.9999791671006855,0.0,0.0,0.1458302952021833,0.9999791671006855,0.9999791671006855,0.9999791671006855,0.9999791671006855,0.9999791671006855,0.0,0.0,0.9999791671006855
WSM,0.0,0.0,0.0,0.0,0.0,0.0,0.0,0.0,0.0,0.0,0.0,0.0,0.0,0.9999777782715941,0.0,0.06666518521810627,0.0,0.33332592609053135,0.3777693829026022,0.2666607408724251,0.0,0.0,0.0,0.06666518521810627,0.0,0.0,0.0,0.022221728406035424,0.9999777782715941,0.022221728406035424,0.022221728406035424,0.0888869136241417,0.04444345681207085,0.06666518521810627,0.06666518521810627,0.8666474078353815,0.0,0.0,0.0,0.0,0.9999777782715941,0.9999777782715941,0.0,0.0,0.022221728406035424,0.022221728406035424,0.0,0.0,0.0,0.0,0.0,0.0,0.0,0.022221728406035424,0.9999777782715941,0.9999777782715941,0.9999777782715941,0.9999777782715941,0.9999777782715941,0.9999777782715941,0.9999777782715941,0.9999777782715941,0.9999777782715941,0.9999777782715941,0.9999777782715941,0.022221728406035424,0.9999777782715941,0.0,0.6222083953689919,0.9999777782715941,0.9999777782715941,0.9999777782715941,0.5333214817448502,0.9999777782715941,0.0,0.0,0.0,0.0,0.06666518521810627,0.06666518521810627,0.9999777782715941,0.0,0.11110864203017712,0.1999955556543188,0.9999777782715941,0.9999777782715941,0.9999777782715941,0.6888735805870981,0.6888735805870981,0.9999777782715941,0.9999777782715941,0.9999777782715941,0.9999777782715941,0.9999777782715941,0.9999777782715941,0.9999777782715941,0.9999777782715941,0.9999777782715941,0.9999777782715941,0.9999777782715941,0.9999777782715941,0.9999777782715941,0.9999777782715941,0.0,0.0,0.9999777782715941
WST,0.0,0.0,0.0,0.0,0.0,0.0,0.0,0.0,0.0,0.042552286121571886,0.0,0.0,0.0,0.0,0.0,0.08510457224314377,0.0,0.042552286121571886,0.042552286121571886,0.042552286121571886,0.042552286121571886,0.042552286121571886,0.042552286121571886,0.042552286121571886,0.042552286121571886,0.0,0.0,0.0,0.0,0.0,0.0,0.0,0.021276143060785943,0.06382842918235783,0.06382842918235783,0.0,0.0,0.0,0.0,0.0,0.9999787238569393,0.10638071530392972,0.0,0.0,0.021276143060785943,0.021276143060785943,0.021276143060785943,0.0,0.0,0.0,0.0,0.0,0.0,0.021276143060785943,0.9999787238569393,0.9999787238569393,0.9999787238569393,0.9999787238569393,0.9999787238569393,0.9999787238569393,0.9999787238569393,0.9999787238569393,0.9999787238569393,0.9999787238569393,0.9999787238569393,0.021276143060785943,0.9999787238569393,0.042552286121571886,0.17020914448628754,0.9999787238569393,0.9999787238569393,0.9999787238569393,0.5744558626412204,0.5744558626412204,0.042552286121571886,0.042552286121571886,0.042552286121571886,0.042552286121571886,0.042552286121571886,0.042552286121571886,0.042552286121571886,0.042552286121571886,0.042552286121571886,0.042552286121571886,0.9999787238569393,0.7446650071275079,0.9999787238569393,0.2553137167294313,0.2553137167294313,0.6808365779451502,0.9999787238569393,0.9999787238569393,0.9999787238569393,0.9999787238569393,0.9999787238569393,0.9999787238569393,0.9999787238569393,0.9999787238569393,0.9999787238569393,0.9999787238569393,0.9999787238569393,0.9999787238569393,0.9999787238569393,0.0,0.0,0.9999787238569393
WTW,0.0,0.0,0.0,0.0,0.0,0.9999777782715941,0.0,0.0,0.0,0.04444345681207085,0.0,0.0,0.0,0.9999777782715941,0.0,0.11110864203017712,0.0,0.04444345681207085,0.04444345681207085,0.04444345681207085,0.04444345681207085,0.04444345681207085,0.04444345681207085,0.04444345681207085,0.04444345681207085,0.9999777782715941,0.0,0.0,0.0,0.0,0.0,0.0,0.022221728406035424,0.06666518521810627,0.06666518521810627,0.9999777782715941,0.9999777782715941,0.04444345681207085,0.0,0.0,0.7110953089931336,0.0888869136241417,0.0,0.0,0.0,0.04444345681207085,0.04444345681207085,0.0,0.0,0.9999777782715941,0.04444345681207085,0.9999777782715941,0.04444345681207085,0.04444345681207085,0.9999777782715941,0.9999777782715941,0.0,0.9999777782715941,0.9999777782715941,0.9999777782715941,0.9999777782715941,0.9999777782715941,0.9999777782715941,0.9999777782715941,0.9999777782715941,0.0,0.9999777782715941,0.9110908646474524,0.31110419768449593,0.9999777782715941,0.9999777782715941,0.9999777782715941,0.5333214817448502,0.5333214817448502,0.04444345681207085,0.9999777782715941,0.3999911113086376,0.04444345681207085,0.04444345681207085,0.04444345681207085,0.04444345681207085,0.04444345681207085,0.0888869136241417,0.6222083953689919,0.0,0.8222039510233107,0.9999777782715941,0.4666562965267439,0.9999777782715941,0.9999777782715941,0.4666562965267439,0.9999777782715941,0.9999777782715941,0.9999777782715941,0.9999777782715941,0.9999777782715941,0.9999777782715941,0.9999777782715941,0.9999777782715941,0.9999777782715941,0.9999777782715941,0.9999777782715941,0.9999777782715941,0.0,0.0,0.9999777782715941
WY,0.0,0.0,0.0,0.0,0.0,0.03846079883079172,0.0,0.0,0.0,0.03846079883079172,0.0,0.0,0.0,0.03846079883079172,0.0,0.09615199707697929,0.0,0.269225591815542,0.269225591815542,0.269225591815542,0.03846079883079172,0.269225591815542,0.269225591815542,0.6730639795388551,0.03846079883079172,0.03846079883079172,0.0,0.03846079883079172,0.03846079883079172,0.0,0.0,0.0,0.01923039941539586,0.057691198246187576,0.057691198246187576,0.03846079883079172,0.03846079883079172,0.0,0.0,0.11538239649237515,0.9999807696005847,0.9999807696005847,0.0,0.0,0.03846079883079172,0.0,0.0,0.0,0.0,0.0,0.0,0.0,0.0,0.03846079883079172,0.9999807696005847,0.9999807696005847,0.9999807696005847,0.9999807696005847,0.9999807696005847,0.9999807696005847,0.9999807696005847,0.9999807696005847,0.9999807696005847,0.9999807696005847,0.9999807696005847,0.03846079883079172,0.9999807696005847,0.03846079883079172,0.269225591815542,0.9230591719390012,0.9999807696005847,0.9999807696005847,0.5961423818772716,0.5961423818772716,0.269225591815542,0.11538239649237515,0.269225591815542,0.269225591815542,0.269225591815542,0.269225591815542,0.9999807696005847,0.03846079883079172,0.9999807696005847,0.7307551777850426,0.6153727812926675,0.8845983731082095,0.9999807696005847,0.6730639795388551,0.6730639795388551,0.9999807696005847,0.9999807696005847,0.9999807696005847,0.9999807696005847,0.9999807696005847,0.9999807696005847,0.9999807696005847,0.9999807696005847,0.9999807696005847,0.9999807696005847,0.9999807696005847,0.9999807696005847,0.9999807696005847,0.9999807696005847,0.0,0.0,0.9999807696005847
WYNN,0.0,0.0,0.0,0.0,0.0,0.9999803925413228,0.0,0.0,0.5882237603184252,0.5882237603184252,0.0,0.0,0.0,0.9999803925413228,0.0,0.05882237603184252,0.0,0.0,0.0,0.0,0.0,0.0,0.0,0.5490088429638634,0.0,0.0,0.0,0.0,0.0,0.0,0.0,0.0,0.0,0.0,0.0,0.9999803925413228,0.9999803925413228,0.0,0.0,0.0,0.0,0.7842983470912336,0.0,0.0,0.0,0.0,0.0,0.0,0.0,0.9999803925413228,0.0,0.0,0.0,0.0,0.9999803925413228,0.9999803925413228,0.0,0.9999803925413228,0.9999803925413228,0.9999803925413228,0.9999803925413228,0.9999803925413228,0.9999803925413228,0.9999803925413228,0.5097939256093018,0.0,0.9999803925413228,0.9999803925413228,0.0,0.9999803925413228,0.9999803925413228,0.9999803925413228,0.5294013842865827,0.5294013842865827,0.0,0.0,0.07842983470912335,0.0,0.0,0.0,0.0,0.0,0.0,0.21568204545008923,0.0,0.49018646693202095,0.9215505578321994,0.5294013842865827,0.5294013842865827,0.9999803925413228,0.9999803925413228,0.9999803925413228,0.9999803925413228,0.9999803925413228,0.9999803925413228,0.9999803925413228,0.9999803925413228,0.9999803925413228,0.9999803925413228,0.9999803925413228,0.9999803925413228,0.9999803925413228,0.9999803925413228,0.0,0.0,0.9999803925413228
XEL,0.0,0.0,0.0,0.01999960000799984,0.01999960000799984,0.8199836003279934,0.01999960000799984,0.01999960000799984,0.01999960000799984,0.01999960000799984,0.01999960000799984,0.01999960000799984,0.01999960000799984,0.999980000399992,0.01999960000799984,0.07999840003199936,0.0,0.01999960000799984,0.01999960000799984,0.01999960000799984,0.01999960000799984,0.01999960000799984,0.01999960000799984,0.999980000399992,0.01999960000799984,0.999980000399992,0.01999960000799984,0.03999920001599968,0.01999960000799984,0.0,0.0,0.0,0.01999960000799984,0.0999980000399992,0.0999980000399992,0.8199836003279934,0.8199836003279934,0.0,0.01999960000799984,0.0999980000399992,0.999980000399992,0.999980000399992,0.01999960000799984,0.03999920001599968,0.01999960000799984,0.01999960000799984,0.01999960000799984,0.01999960000799984,0.01999960000799984,0.01999960000799984,0.01999960000799984,0.01999960000799984,0.03999920001599968,0.03999920001599968,0.999980000399992,0.999980000399992,0.01999960000799984,0.999980000399992,0.999980000399992,0.999980000399992,0.999980000399992,0.999980000399992,0.999980000399992,0.999980000399992,0.999980000399992,0.03999920001599968,0.999980000399992,0.999980000399992,0.01999960000799984,0.999980000399992,0.999980000399992,0.999980000399992,0.5599888002239956,0.5599888002239956,0.01999960000799984,0.01999960000799984,0.01999960000799984,0.01999960000799984,0.0999980000399992,0.0999980000399992,0.999980000399992,0.01999960000799984,0.999980000399992,0.7999840003199936,0.999980000399992,0.999980000399992,0.999980000399992,0.619987600247995,0.999980000399992,0.619987600247995,0.999980000399992,0.999980000399992,0.999980000399992,0.999980000399992,0.999980000399992,0.999980000399992,0.999980000399992,0.999980000399992,0.999980000399992,0.999980000399992,0.999980000399992,0.01999960000799984,0.01999960000799984,0.0,0.0,0.999980000399992
XOM,0.0,0.0,0.0,0.07547027414577084,0.0,0.9999811324314636,0.9999811324314636,0.07547027414577084,0.0,0.01886756853644271,0.9999811324314636,0.0,0.0,0.01886756853644271,0.0,0.03773513707288542,0.0,0.01886756853644271,0.01886756853644271,0.01886756853644271,0.01886756853644271,0.01886756853644271,0.01886756853644271,0.9999811324314636,0.01886756853644271,0.0,0.9999811324314636,0.01886756853644271,0.0,0.5094243504839532,0.0,0.9999811324314636,0.01886756853644271,0.11320541121865625,0.03773513707288542,0.9999811324314636,0.9999811324314636,0.03773513707288542,0.0,0.07547027414577084,0.16980811682798438,0.9999811324314636,0.0,0.0,0.01886756853644271,0.0,0.0,0.0,0.0,0.0,0.0,0.0,0.01886756853644271,0.01886756853644271,0.9999811324314636,0.9999811324314636,0.9999811324314636,0.9999811324314636,0.9999811324314636,0.9999811324314636,0.9999811324314636,0.9999811324314636,0.9999811324314636,0.9999811324314636,0.9999811324314636,0.01886756853644271,0.0,0.0,0.01886756853644271,0.9999811324314636,0.9999811324314636,0.07547027414577084,0.7358351729212657,0.7358351729212657,0.01886756853644271,0.8490405841399219,0.01886756853644271,0.01886756853644271,0.07547027414577084,0.07547027414577084,0.9999811324314636,0.01886756853644271,0.01886756853644271,0.9999811324314636,0.01886756853644271,0.9999811324314636,0.6037621931661667,0.9999811324314636,0.9999811324314636,0.9999811324314636,0.9999811324314636,0.9999811324314636,0.9999811324314636,0.9999811324314636,0.9999811324314636,0.9999811324314636,0.9999811324314636,0.9999811324314636,0.9999811324314636,0.9999811324314636,0.9999811324314636,0.9999811324314636,0.9999811324314636,0.0,0.0,0.9999811324314636
XYL,0.0,0.0,0.0,0.0,0.0,0.0,0.0,0.0,0.0,0.02325527313318295,0.0,0.0,0.0,0.0,0.0,0.11627636566591475,0.0,0.02325527313318295,0.02325527313318295,0.02325527313318295,0.02325527313318295,0.02325527313318295,0.02325527313318295,0.02325527313318295,0.02325527313318295,0.0,0.0,0.0,0.02325527313318295,0.0,0.0,0.0,0.02325527313318295,0.06976581939954885,0.06976581939954885,0.0,0.0,0.0,0.0,0.0,0.9999767447268668,0.02325527313318295,0.02325527313318295,0.02325527313318295,0.02325527313318295,0.02325527313318295,0.02325527313318295,0.0,0.0,0.0,0.0,0.0,0.02325527313318295,0.0,0.9999767447268668,0.9999767447268668,0.9999767447268668,0.9999767447268668,0.9999767447268668,0.9999767447268668,0.9999767447268668,0.9999767447268668,0.9999767447268668,0.9999767447268668,0.6976581939954886,0.02325527313318295,0.9999767447268668,0.0,0.7906792865282203,0.1395316387990977,0.9999767447268668,0.7209134671286714,0.5581265551963908,0.7906792865282203,0.02325527313318295,0.02325527313318295,0.02325527313318295,0.02325527313318295,0.11627636566591475,0.11627636566591475,0.02325527313318295,0.02325527313318295,0.11627636566591475,0.9999767447268668,0.3720843701309272,0.8604451059277691,0.9999767447268668,0.465105462663659,0.9999767447268668,0.9999767447268668,0.48836073579684197,0.9999767447268668,0.9999767447268668,0.9999767447268668,0.9999767447268668,0.9999767447268668,0.9999767447268668,0.9999767447268668,0.9999767447268668,0.9999767447268668,0.9999767447268668,0.9999767447268668,0.9999767447268668,0.0,0.0,0.9999767447268668
XYZ,0.0,0.0,0.0,0.0,0.0,0.0,0.0,0.0,0.0,0.0,0.0,0.0,0.0,0.0,0.0,0.0,0.0,0.0,0.5714081639941431,0.0,0.0,0.0,0.0,0.0,0.0,0.0,0.0,0.0,0.5714081639941431,0.0,0.0,0.0,0.0,0.0,0.0,0.0,0.0,0.0,0.0,0.0,0.28570408199707154,0.14285204099853577,0.0,0.0,0.0,0.0,0.0,0.0,0.0,0.9999642869897504,0.9999642869897504,0.7142602049926788,0.0,0.0,0.9999642869897504,0.28570408199707154,0.14285204099853577,0.9999642869897504,0.9999642869897504,0.9999642869897504,0.9999642869897504,0.9999642869897504,0.9999642869897504,0.9999642869897504,0.9999642869897504,0.0,0.9999642869897504,0.0,0.7142602049926788,0.9999642869897504,0.9999642869897504,0.9999642869897504,0.28570408199707154,0.28570408199707154,0.0,0.0,0.0,0.0,0.21427806149780365,0.21427806149780365,0.0,0.0,0.9999642869897504,0.0,0.4285561229956073,0.9999642869897504,0.9999642869897504,0.28570408199707154,0.28570408199707154,0.5714081639941431,0.9999642869897504,0.9999642869897504,0.9999642869897504,0.9999642869897504,0.9999642869897504,0.9999642869897504,0.9999642869897504,0.9999642869897504,0.9999642869897504,0.9999642869897504,0.9999642869897504,0.9999642869897504,0.9999642869897504,0.0,0.0,0.9999642869897504
YUM,0.0,0.0,0.0,0.0,0.0,0.09259087794670469,0.0,0.0,0.611099794448251,0.6296179700375919,0.0,0.09259087794670469,0.09259087794670469,0.5555452676802282,0.0,0.07407270235736375,0.0,0.01851817558934094,0.01851817558934094,0.01851817558934094,0.01851817558934094,0.01851817558934094,0.01851817558934094,0.01851817558934094,0.01851817558934094,0.09259087794670469,0.03703635117868188,0.0,0.9999814818244107,0.0,0.0,0.0,0.07407270235736375,0.05555452676802282,0.05555452676802282,0.09259087794670469,0.09259087794670469,0.01851817558934094,0.09259087794670469,0.09259087794670469,0.9999814818244107,0.25925445825077315,0.0,0.0,0.01851817558934094,0.0,0.0,0.09259087794670469,0.09259087794670469,0.4814725653228644,0.03703635117868188,0.03703635117868188,0.01851817558934094,0.01851817558934094,0.9999814818244107,0.0,0.9999814818244107,0.9999814818244107,0.9999814818244107,0.9999814818244107,0.9999814818244107,0.9999814818244107,0.9999814818244107,0.9999814818244107,0.8888724282883651,0.01851817558934094,0.9999814818244107,0.0,0.01851817558934094,0.9999814818244107,0.9999814818244107,0.9999814818244107,0.907390603877706,0.6296179700375919,0.9999814818244107,0.4073998629655007,0.01851817558934094,0.01851817558934094,0.09259087794670469,0.09259087794670469,0.01851817558934094,0.01851817558934094,0.9999814818244107,0.9999814818244107,0.4629543897335235,0.7777633747523194,0.9999814818244107,0.5555452676802282,0.9999814818244107,0.9999814818244107,0.9999814818244107,0.9999814818244107,0.9999814818244107,0.31480898501879595,0.9999814818244107,0.9999814818244107,0.9999814818244107,0.9999814818244107,0.9999814818244107,0.9999814818244107,0.9999814818244107,0.9999814818244107,0.9999814818244107,0.0,0.0,0.9999814818244107
ZBH,0.0,0.0,0.0,0.30434120997369624,0.0,0.30434120997369624,0.30434120997369624,0.30434120997369624,0.0,0.0,0.0,0.0,0.0,0.0,0.0,0.043477315710528035,0.0,0.0,0.19564792069737616,0.0,0.0,0.0,0.0,0.0,0.0,0.0,0.0,0.0,0.9999782613421447,0.30434120997369624,0.0,0.0,0.0,0.3478185256842243,0.021738657855264017,0.0,0.0,0.0,0.0,0.0,0.4782504728158084,0.08695463142105607,0.0,0.0,0.0,0.0,0.0,0.0,0.0,0.0,0.0,0.0,0.0,0.0,0.9999782613421447,0.49998913067107237,0.9999782613421447,0.9999782613421447,0.9999782613421447,0.9999782613421447,0.9999782613421447,0.9999782613421447,0.9999782613421447,0.9999782613421447,0.9999782613421447,0.0,0.9999782613421447,0.0,0.8478076563552966,0.6956370513684486,0.9999782613421447,0.9999782613421447,0.6086824199473925,0.9999782613421447,0.0,0.0,0.0,0.0,0.08695463142105607,0.08695463142105607,0.0,0.0,0.0,0.9999782613421447,0.0,0.8912849720658247,0.9999782613421447,0.5217277885263364,0.9999782613421447,0.9999782613421447,0.5217277885263364,0.9999782613421447,0.9999782613421447,0.9999782613421447,0.9999782613421447,0.9999782613421447,0.9999782613421447,0.9999782613421447,0.9999782613421447,0.9999782613421447,0.9999782613421447,0.9999782613421447,0.9999782613421447,0.0,0.0,0.9999782613421447
ZBRA,0.0,0.0,0.0,0.0,0.0,0.0,0.0,0.0,0.0,0.0,0.0,0.0,0.0,0.0,0.0,0.04444345681207085,0.0,0.31110419768449593,0.31110419768449593,0.31110419768449593,0.0,0.0,0.0,0.0,0.0,0.0,0.0,0.0,0.3999911113086376,0.0,0.0,0.0,0.0,0.022221728406035424,0.022221728406035424,0.0,0.0,0.0,0.0,0.0,0.9999777782715941,0.0,0.0,0.0,0.0,0.0,0.0,0.0,0.0,0.0,0.0,0.0,0.0,0.0,0.9999777782715941,0.8444256794293461,0.9999777782715941,0.9999777782715941,0.9999777782715941,0.9999777782715941,0.9999777782715941,0.9999777782715941,0.9999777782715941,0.9999777782715941,0.9999777782715941,0.0,0.9999777782715941,0.9999777782715941,0.33332592609053135,0.9999777782715941,0.9999777782715941,0.9999777782715941,0.6222083953689919,0.9999777782715941,0.0,0.0,0.0,0.0,0.06666518521810627,0.06666518521810627,0.0,0.0,0.0,0.06666518521810627,0.9999777782715941,0.5110997533388147,0.3555476544965668,0.0,0.0,0.31110419768449593,0.7999822226172753,0.9999777782715941,0.7777604942112398,0.9999777782715941,0.9999777782715941,0.9999777782715941,0.9999777782715941,0.9999777782715941,0.9999777782715941,0.9999777782715941,0.9999777782715941,0.9999777782715941,0.9999777782715941,0.0,0.0,0.9999777782715941
ZTS,0.0,0.0,0.0,0.0,0.0,0.0,0.0,0.0,0.0,0.02631509697113234,0.0,0.0,0.0,0.0,0.0,0.10526038788452936,0.0,0.02631509697113234,0.02631509697113234,0.02631509697113234,0.02631509697113234,0.02631509697113234,0.02631509697113234,0.0,0.02631509697113234,0.0,0.0,0.0,0.0,0.0,0.0,0.999973684903029,0.0,0.02631509697113234,0.02631509697113234,0.0,0.0,0.0,0.0,0.0,0.999973684903029,0.0,0.0,0.0,0.0,0.0,0.0,0.0,0.0,0.0,0.0,0.0,0.0,0.0,0.999973684903029,0.999973684903029,0.999973684903029,0.999973684903029,0.999973684903029,0.999973684903029,0.999973684903029,0.999973684903029,0.999973684903029,0.999973684903029,0.999973684903029,0.0,0.999973684903029,0.0,0.999973684903029,0.999973684903029,0.999973684903029,0.07894529091339703,0.4473566485092498,0.7105076182205732,0.02631509697113234,0.02631509697113234,0.02631509697113234,0.02631509697113234,0.02631509697113234,0.02631509697113234,0.02631509697113234,0.02631509697113234,0.1315754848556617,0.5526170363937791,0.02631509697113234,0.7894529091339703,0.999973684903029,0.36841135759585275,0.6841925212494409,0.999973684903029,0.999973684903029,0.999973684903029,0.999973684903029,0.999973684903029,0.999973684903029,0.999973684903029,0.999973684903029,0.999973684903029,0.999973684903029,0.999973684903029,0.999973684903029,0.999973684903029,0.999973684903029,0.0,0.0,0.999973684903029
